comment_id_hash,subreddit,created_utc,neg,neu,pos,compound,classe_sentimento,termos_estresse,fonte_reconstrucao
8e389ab51575750e,devops,2021-05-03T09:58:21+00:00,0.146,0.854,0.0,-0.3384,negativo,,Arctic Shift API
d30867ac0bd78e4c,devops,2024-10-19T22:54:47+00:00,0.0,0.849,0.151,0.1531,positivo,,Arctic Shift API
74904642d1ddde24,devops,2021-01-29T04:19:01+00:00,0.04,0.853,0.107,0.7359,positivo,on call,Arctic Shift API
c6a2f38375690faa,programming,2023-03-15T23:05:21+00:00,0.07,0.782,0.149,0.5012,positivo,,Arctic Shift API
307ccc48adc87e92,cscareerquestions,2022-07-11T23:15:44+00:00,0.0,1.0,0.0,0.0,neutro,,Arctic Shift API
39c26a14de5cdd0c,programming,2021-02-01T23:30:48+00:00,0.114,0.785,0.101,-0.4862,negativo,,Arctic Shift API
7a8634a304cbd1bf,devops,2024-04-08T18:52:45+00:00,0.136,0.864,0.0,-0.296,negativo,,Arctic Shift API
e73545d84a5cbd82,devops,2021-02-28T05:26:38+00:00,0.073,0.856,0.072,-0.0258,neutro,,Arctic Shift API
063b3e1c694bf303,cscareerquestions,2024-08-25T00:23:11+00:00,0.0,1.0,0.0,0.0,neutro,,Arctic Shift API
ac20caf3782d746c,cscareerquestions,2024-10-06T00:50:37+00:00,0.066,0.705,0.229,0.719,positivo,,Arctic Shift API
d8d611f9136c793c,programming,2022-09-03T21:47:20+00:00,0.0,1.0,0.0,0.0,neutro,,Arctic Shift API
90643ff32b6b2251,programming,2021-10-26T05:02:12+00:00,0.061,0.86,0.079,0.3506,positivo,,Arctic Shift API
3b12b818d6a2b0fb,cscareerquestions,2024-06-06T00:10:21+00:00,0.0,1.0,0.0,0.0,neutro,,Arctic Shift API
84df18c69b760119,programming,2022-07-23T21:44:31+00:00,0.099,0.901,0.0,-0.1926,negativo,,Arctic Shift API
4097f7ded25fcea9,devops,2021-09-15T19:27:51+00:00,0.07,0.843,0.088,0.1779,positivo,,Arctic Shift API
888a110cbfd9dfe0,programming,2022-11-01T04:49:26+00:00,0.328,0.579,0.093,-0.8074,negativo,,Arctic Shift API
a157269d2eaca797,devops,2021-01-19T03:32:49+00:00,0.0,0.918,0.082,0.6249,positivo,,Arctic Shift API
543dd65f9d38cb1d,cscareerquestions,2024-01-06T23:32:11+00:00,0.095,0.826,0.078,-0.296,negativo,,Arctic Shift API
8d2119300c9a56fd,cscareerquestions,2022-08-13T23:46:58+00:00,0.0,0.833,0.167,0.25,positivo,,Arctic Shift API
67ec646bb5f4d50f,devops,2024-02-07T23:33:07+00:00,0.099,0.901,0.0,-0.5267,negativo,,Arctic Shift API
1fe7821378d48ec6,devops,2021-04-02T04:44:44+00:00,0.0,0.97,0.03,0.3612,positivo,,Arctic Shift API
0beaaf4576481d90,devops,2023-11-13T18:43:02+00:00,0.0,0.912,0.088,0.5719,positivo,,Arctic Shift API
7e83ab1a3b20645e,programming,2024-03-27T23:51:53+00:00,0.0,1.0,0.0,0.0,neutro,,Arctic Shift API
9b2fa6ae94ab729e,cscareerquestions,2022-04-14T00:33:07+00:00,0.021,0.866,0.113,0.6808,positivo,,Arctic Shift API
ccac4c138d6a1e6e,devops,2022-02-07T14:59:19+00:00,0.04,0.804,0.155,0.967,positivo,,Arctic Shift API
df30774bab90d0f1,devops,2024-03-23T20:46:18+00:00,0.02,0.884,0.096,0.8074,positivo,,Arctic Shift API
f844b2c7089a2e6a,devops,2021-12-22T22:44:01+00:00,0.031,0.835,0.134,0.8291,positivo,,Arctic Shift API
ec8583f36e143284,devops,2021-09-23T14:46:23+00:00,0.0,0.681,0.319,0.6757,positivo,,Arctic Shift API
9b56401009c8cdd5,programming,2024-06-23T04:34:17+00:00,0.0,0.636,0.364,0.8519,positivo,,Arctic Shift API
1246d43ab1a15185,devops,2022-09-16T02:43:07+00:00,0.078,0.641,0.281,0.8074,positivo,,Arctic Shift API
55e1d1d31883cb3b,devops,2021-10-19T06:25:33+00:00,0.055,0.827,0.118,0.4505,positivo,,Arctic Shift API
99a5390fa04fef33,devops,2021-05-09T12:56:32+00:00,0.039,0.7,0.261,0.8572,positivo,,Arctic Shift API
75c7e2fe9136e785,programming,2021-08-16T23:06:35+00:00,0.219,0.736,0.045,-0.8658,negativo,,Arctic Shift API
89bf022c5885cfc9,cscareerquestions,2022-05-04T23:31:56+00:00,0.0,0.826,0.174,0.2732,positivo,,Arctic Shift API
c3160991fdacf24f,cscareerquestions,2022-02-03T00:00:58+00:00,0.128,0.872,0.0,-0.4215,negativo,,Arctic Shift API
fe3078ab116e26db,devops,2023-11-03T11:23:18+00:00,0.0,1.0,0.0,0.0,neutro,,Arctic Shift API
b4a88cc31c401f34,programming,2024-10-05T21:20:03+00:00,0.0,0.884,0.116,0.3612,positivo,,Arctic Shift API
0313ef8d71954c99,cscareerquestions,2022-10-13T00:18:48+00:00,0.206,0.794,0.0,-0.5994,negativo,,Arctic Shift API
b113a9cca7c48071,devops,2021-03-09T16:35:31+00:00,0.0,1.0,0.0,0.0,neutro,,Arctic Shift API
d738118817a1679c,cscareerquestions,2021-02-09T01:04:44+00:00,0.171,0.829,0.0,-0.5423,negativo,,Arctic Shift API
a0af0f709cce9dd7,devops,2022-08-29T15:17:56+00:00,0.116,0.825,0.059,-0.5983,negativo,,Arctic Shift API
0e29ede456ace195,cscareerquestions,2021-10-07T00:15:45+00:00,0.0,0.882,0.118,0.4939,positivo,,Arctic Shift API
96d9e7c0e9fcecec,cscareerquestions,2024-05-21T00:43:06+00:00,0.071,0.929,0.0,-0.1326,negativo,,Arctic Shift API
39bf31f3bd72afe9,devops,2024-06-20T07:30:16+00:00,0.087,0.871,0.042,-0.34,negativo,,Arctic Shift API
b3e3ff602fdd278b,cscareerquestions,2024-09-19T00:08:59+00:00,0.0,0.964,0.036,0.4939,positivo,,Arctic Shift API
6f91d8f3fd1f098c,programming,2021-12-02T01:15:08+00:00,0.121,0.72,0.159,0.4116,positivo,,Arctic Shift API
442b554f19023aa6,devops,2023-05-10T20:28:16+00:00,0.0,0.831,0.169,0.6478,positivo,,Arctic Shift API
51a52872aae3c6ad,programming,2024-02-22T00:21:11+00:00,0.316,0.684,0.0,-0.7184,negativo,,Arctic Shift API
b5106b42316f0c85,programming,2023-11-29T21:34:03+00:00,0.0,1.0,0.0,0.0,neutro,,Arctic Shift API
8128a52c0f9f713d,programming,2022-06-03T01:20:18+00:00,0.0,1.0,0.0,0.0,neutro,,Arctic Shift API
462c414cef1751fa,cscareerquestions,2022-04-21T00:00:39+00:00,0.021,0.866,0.113,0.6808,positivo,,Arctic Shift API
4bd297ae7eb4dc80,cscareerquestions,2024-10-13T00:01:20+00:00,0.177,0.754,0.069,-0.5106,negativo,,Arctic Shift API
a8c240ab8f1815a8,devops,2022-01-18T14:55:33+00:00,0.032,0.92,0.048,0.7017,positivo,,Arctic Shift API
2a2d01753b7127ba,cscareerquestions,2022-06-25T23:45:40+00:00,0.0,0.853,0.147,0.9041,positivo,,Arctic Shift API
71da28da85a37ac4,devops,2022-03-17T11:10:19+00:00,0.187,0.659,0.154,-0.1531,negativo,,Arctic Shift API
060761c8d212c509,programming,2023-04-06T00:54:25+00:00,0.329,0.608,0.062,-0.8996,negativo,,Arctic Shift API
0d72cdd06fc0d73d,programming,2024-10-12T19:58:35+00:00,0.0,0.57,0.43,0.959,positivo,,Arctic Shift API
553776ed634f8d57,programming,2024-12-19T01:27:29+00:00,0.0,1.0,0.0,0.0,neutro,,Arctic Shift API
976bdb59d60267a6,cscareerquestions,2021-01-17T00:49:43+00:00,0.126,0.791,0.084,-0.2263,negativo,,Arctic Shift API
53016a31e7f29782,programming,2024-06-03T21:36:20+00:00,0.107,0.893,0.0,-0.2023,negativo,,Arctic Shift API
0c3a390b96fa5665,devops,2022-04-09T16:24:10+00:00,0.0,0.829,0.171,0.7845,positivo,,Arctic Shift API
33501a34313ff4e6,programming,2021-01-31T04:05:53+00:00,0.138,0.739,0.123,-0.0772,negativo,,Arctic Shift API
c94bb7fef7ecc5fa,cscareerquestions,2024-12-23T23:10:23+00:00,0.071,0.859,0.07,-0.2803,negativo,,Arctic Shift API
161363e24993c81d,programming,2024-08-15T00:05:46+00:00,0.059,0.777,0.164,0.5274,positivo,,Arctic Shift API
5f2587ff731276c0,programming,2022-10-31T21:56:00+00:00,0.088,0.806,0.105,0.1011,positivo,,Arctic Shift API
81b99dff95209672,devops,2023-08-19T17:32:40+00:00,0.063,0.705,0.232,0.6482,positivo,,Arctic Shift API
f838f58e33797a0e,cscareerquestions,2021-04-23T00:04:09+00:00,0.0,0.772,0.228,0.9402,positivo,,Arctic Shift API
403159e736836931,devops,2022-10-12T20:17:53+00:00,0.074,0.801,0.125,0.1951,positivo,,Arctic Shift API
2e2be132cd36406f,devops,2024-08-11T09:43:30+00:00,0.073,0.881,0.046,-0.3094,negativo,,Arctic Shift API
e477f2863c4e5a77,cscareerquestions,2023-05-16T00:17:26+00:00,0.0,0.933,0.067,0.25,positivo,,Arctic Shift API
6a6bf40dd8e42f04,devops,2024-08-08T03:55:51+00:00,0.0,0.952,0.048,0.3612,positivo,,Arctic Shift API
7e91de3336a16247,devops,2024-12-15T04:35:46+00:00,0.165,0.751,0.084,-0.4767,negativo,,Arctic Shift API
380ba8482bb5d35f,programming,2021-01-08T01:24:26+00:00,0.0,0.956,0.044,0.4404,positivo,,Arctic Shift API
a36d10e19b21b775,cscareerquestions,2024-09-01T00:27:07+00:00,0.049,0.894,0.057,0.128,positivo,anxiety,Arctic Shift API
46604c7326f59836,devops,2023-12-20T20:59:00+00:00,0.026,0.903,0.072,0.4404,positivo,,Arctic Shift API
56ec8740c6256f10,devops,2024-03-24T00:08:26+00:00,0.0,1.0,0.0,0.0,neutro,,Arctic Shift API
dd4f34b427f4155c,devops,2023-03-29T20:14:10+00:00,0.0,1.0,0.0,0.0,neutro,,Arctic Shift API
f48212485678ac35,devops,2023-06-11T07:12:39+00:00,0.125,0.875,0.0,-0.5719,negativo,,Arctic Shift API
762b65bdd23f503c,cscareerquestions,2021-08-14T23:51:04+00:00,0.122,0.829,0.049,-0.5145,negativo,,Arctic Shift API
5b40b5d5273aaf52,cscareerquestions,2021-10-10T01:06:51+00:00,0.0,0.822,0.178,0.9569,positivo,,Arctic Shift API
68c0549351d7c21a,programming,2024-03-19T01:36:18+00:00,0.0,0.789,0.211,0.8591,positivo,,Arctic Shift API
8fec67fb1544046b,cscareerquestions,2024-02-14T23:04:00+00:00,0.042,0.87,0.088,0.5574,positivo,,Arctic Shift API
24f0ae94e0e5b090,cscareerquestions,2021-12-31T00:39:39+00:00,0.05,0.84,0.11,0.296,positivo,,Arctic Shift API
27ddfda95d83f695,programming,2023-05-20T19:36:54+00:00,0.0,1.0,0.0,0.0,neutro,,Arctic Shift API
4575e82b38f63f72,devops,2024-07-05T03:41:46+00:00,0.0,1.0,0.0,0.0,neutro,,Arctic Shift API
bf5cc0154f0229ba,cscareerquestions,2023-08-13T00:03:29+00:00,0.051,0.805,0.144,0.4836,positivo,,Arctic Shift API
4a0f4dda2e162d15,devops,2024-03-29T00:57:34+00:00,0.0,0.853,0.147,0.631,positivo,,Arctic Shift API
13c32eb8fa77c2b0,programming,2024-06-12T22:16:32+00:00,0.024,0.976,0.0,-0.0772,negativo,,Arctic Shift API
f9c674508b60a78a,cscareerquestions,2024-03-22T00:31:42+00:00,0.188,0.727,0.085,-0.9477,negativo,,Arctic Shift API
6a49cb2d9cd2c43b,devops,2023-12-11T23:31:24+00:00,0.372,0.54,0.088,-0.7767,negativo,,Arctic Shift API
ad2f00dc5b7ffb4b,programming,2022-11-28T23:49:20+00:00,0.0,0.789,0.211,0.9412,positivo,,Arctic Shift API
e9104bbc646c8cd9,cscareerquestions,2024-09-14T22:26:45+00:00,0.042,0.87,0.088,0.5574,positivo,,Arctic Shift API
3d310b07089a83f9,devops,2022-02-25T11:16:19+00:00,0.0,1.0,0.0,0.0,neutro,,Arctic Shift API
c619f311da09c631,cscareerquestions,2024-02-21T23:51:18+00:00,0.042,0.87,0.088,0.5574,positivo,,Arctic Shift API
c5ead22fb0b1592a,programming,2023-12-07T00:13:12+00:00,0.026,0.941,0.033,0.09,positivo,,Arctic Shift API
62906ea314e5d4e2,cscareerquestions,2022-04-23T23:48:03+00:00,0.099,0.783,0.118,-0.2144,negativo,,Arctic Shift API
e9870e13eff191d5,programming,2021-11-12T00:40:22+00:00,0.121,0.831,0.048,-0.599,negativo,,Arctic Shift API
da35f0bdfad24d77,devops,2024-01-14T05:25:59+00:00,0.129,0.802,0.069,-0.6654,negativo,stress; stressful,Arctic Shift API
7624d7e859405fa0,devops,2024-07-12T05:21:54+00:00,0.0,0.694,0.306,0.9622,positivo,,Arctic Shift API
8f2051703dd6e5e9,cscareerquestions,2024-01-28T00:07:19+00:00,0.047,0.859,0.094,0.4215,positivo,,Arctic Shift API
ad5126a012476763,devops,2024-01-20T18:28:54+00:00,0.033,0.729,0.238,0.8895,positivo,,Arctic Shift API
d1ac35edd1562af9,cscareerquestions,2022-12-16T00:06:33+00:00,0.318,0.597,0.085,-0.8555,negativo,,Arctic Shift API
a775606a966f2a74,cscareerquestions,2023-02-23T00:51:10+00:00,0.089,0.833,0.078,-0.4902,negativo,,Arctic Shift API
970c1b4503c34804,programming,2023-01-27T00:08:01+00:00,0.125,0.875,0.0,-0.5324,negativo,,Arctic Shift API
48ef3ed928c245ab,programming,2022-09-10T23:47:17+00:00,0.137,0.835,0.028,-0.6709,negativo,,Arctic Shift API
cb70e098713934e6,cscareerquestions,2022-11-24T00:55:23+00:00,0.0,0.373,0.627,0.8442,positivo,,Arctic Shift API
86abfbf5fc299ba4,programming,2023-03-03T00:54:42+00:00,0.074,0.781,0.145,0.9169,positivo,bug,Arctic Shift API
ad13fc0832768020,programming,2023-10-30T22:38:05+00:00,0.06,0.664,0.277,0.8588,positivo,,Arctic Shift API
c4f4ae583cf19cbc,programming,2024-11-08T01:39:26+00:00,0.0,0.515,0.485,0.765,positivo,,Arctic Shift API
c59b75996a68a500,devops,2021-12-30T13:08:24+00:00,0.0,0.917,0.083,0.8294,positivo,,Arctic Shift API
822459b02661c8fb,devops,2024-01-01T21:41:17+00:00,0.069,0.833,0.098,0.4767,positivo,,Arctic Shift API
84ed7186461880b1,devops,2021-05-17T16:25:44+00:00,0.031,0.839,0.129,0.5994,positivo,,Arctic Shift API
26a3e2285fd64c45,devops,2023-12-02T19:25:52+00:00,0.0,0.845,0.155,0.8042,positivo,workload,Arctic Shift API
34ed8c330095ba7a,programming,2023-12-28T00:55:18+00:00,0.131,0.834,0.034,-0.7451,negativo,,Arctic Shift API
4ed3c36baf836ff7,devops,2021-12-20T16:51:13+00:00,0.0,0.899,0.101,0.7579,positivo,,Arctic Shift API
cc20ed55bcb42003,cscareerquestions,2021-02-04T01:26:54+00:00,0.076,0.816,0.107,0.046,neutro,tired,Arctic Shift API
27930dba9258a26c,cscareerquestions,2023-07-01T23:30:25+00:00,0.144,0.856,0.0,-0.4019,negativo,,Arctic Shift API
0a54254126c3914f,cscareerquestions,2023-10-18T22:57:21+00:00,0.0,0.897,0.103,0.34,positivo,,Arctic Shift API
01234d916e844bf5,devops,2024-07-10T23:11:24+00:00,0.077,0.765,0.158,0.3612,positivo,,Arctic Shift API
b571b3b05418be32,cscareerquestions,2021-04-02T01:18:12+00:00,0.0,0.738,0.262,0.7783,positivo,,Arctic Shift API
a11f2eb4d06f02dd,programming,2023-05-11T00:11:52+00:00,0.0,0.859,0.141,0.3182,positivo,,Arctic Shift API
a8ed7d7b243a0225,programming,2022-02-04T00:50:09+00:00,0.108,0.892,0.0,-0.8957,negativo,,Arctic Shift API
038f1d0d415a11c2,devops,2024-07-31T23:38:45+00:00,0.041,0.866,0.093,0.4574,positivo,,Arctic Shift API
8162e88bd574ccbc,cscareerquestions,2023-09-30T23:22:27+00:00,0.0,0.916,0.084,0.2732,positivo,,Arctic Shift API
d72e4731882221fb,programming,2024-11-06T22:57:23+00:00,0.095,0.83,0.075,-0.128,negativo,,Arctic Shift API
ffda5e69b5c528ca,devops,2022-02-06T00:53:35+00:00,0.062,0.868,0.07,0.34,positivo,,Arctic Shift API
7d717edccb54c7de,devops,2022-10-17T18:31:18+00:00,0.0,1.0,0.0,0.0,neutro,,Arctic Shift API
f253de5daf92bae2,programming,2024-08-25T01:19:28+00:00,0.14,0.7,0.16,0.079,positivo,bug,Arctic Shift API
431860cb4d9b6007,cscareerquestions,2024-06-30T01:07:35+00:00,0.042,0.87,0.088,0.5574,positivo,,Arctic Shift API
545bea27dde2ea2f,programming,2024-04-14T02:32:29+00:00,0.0,1.0,0.0,0.0,neutro,,Arctic Shift API
12f8d5a1963eeeeb,programming,2024-06-16T05:16:16+00:00,0.009,0.842,0.149,0.991,positivo,,Arctic Shift API
12a22dee9af23384,devops,2021-02-15T16:38:54+00:00,0.037,0.928,0.035,-0.0498,neutro,,Arctic Shift API
d02ad294f1af9473,cscareerquestions,2021-07-29T00:03:00+00:00,0.0,0.856,0.144,0.6586,positivo,,Arctic Shift API
4c43858eb2ad060b,cscareerquestions,2024-08-06T00:36:28+00:00,0.045,0.955,0.0,-0.1901,negativo,,Arctic Shift API
8095f8a28f7f7a75,devops,2021-06-11T10:45:05+00:00,0.0,1.0,0.0,0.0,neutro,,Arctic Shift API
dccb5b17c24789e9,programming,2022-10-09T00:27:54+00:00,0.141,0.845,0.014,-0.9549,negativo,,Arctic Shift API
9a25ba70952d5d69,devops,2022-02-27T13:14:30+00:00,0.067,0.834,0.1,0.2547,positivo,,Arctic Shift API
ccc9a324d53f41ff,programming,2022-11-03T01:11:14+00:00,0.0,1.0,0.0,0.0,neutro,,Arctic Shift API
a48fe4f40496731c,cscareerquestions,2023-03-18T23:04:00+00:00,0.0,0.919,0.081,0.3182,positivo,,Arctic Shift API
2797bc9bfd80eaf1,devops,2024-03-21T00:50:28+00:00,0.0,0.738,0.262,0.4939,positivo,,Arctic Shift API
3d1a7633fa79a1d4,programming,2023-04-09T01:40:01+00:00,0.027,0.973,0.0,-0.0772,negativo,,Arctic Shift API
ad787aa34ff77d01,programming,2024-03-04T22:56:56+00:00,0.0,0.405,0.595,0.9401,positivo,,Arctic Shift API
ba72ba1d5b63fafa,devops,2021-03-07T00:59:30+00:00,0.0,0.853,0.147,0.6901,positivo,,Arctic Shift API
e1bb9bc921eef74e,devops,2022-03-16T21:56:59+00:00,0.264,0.638,0.097,-0.6649,negativo,,Arctic Shift API
f95976b4b1a2cc0a,devops,2023-04-18T00:48:28+00:00,0.0,0.906,0.094,0.3612,positivo,,Arctic Shift API
26768ab25faf587c,programming,2024-07-17T21:40:28+00:00,0.0,1.0,0.0,0.0,neutro,,Arctic Shift API
ad923b35c42fa142,devops,2024-08-10T17:28:20+00:00,0.0,1.0,0.0,0.0,neutro,,Arctic Shift API
3962db0275217e1e,devops,2024-09-22T03:28:15+00:00,0.0,0.935,0.065,0.8225,positivo,,Arctic Shift API
a2e6341cd6fdd646,programming,2023-05-24T21:14:02+00:00,0.094,0.779,0.127,0.4767,positivo,,Arctic Shift API
8d4db02afbd6e4e7,devops,2024-02-04T02:14:17+00:00,0.063,0.843,0.094,0.0772,positivo,,Arctic Shift API
3d8821de5b578506,devops,2023-03-30T04:24:13+00:00,0.0,0.945,0.055,0.2732,positivo,,Arctic Shift API
e42605aed11289cf,cscareerquestions,2021-07-23T00:50:24+00:00,0.026,0.818,0.156,0.7579,positivo,,Arctic Shift API
26397d411160b0ab,cscareerquestions,2022-11-27T00:54:49+00:00,0.04,0.846,0.114,0.5267,positivo,,Arctic Shift API
5d0cd79225914ccc,programming,2021-01-20T23:32:08+00:00,0.0,0.719,0.281,0.5719,positivo,,Arctic Shift API
6ed4f0374da2255f,cscareerquestions,2024-06-04T00:31:41+00:00,0.196,0.804,0.0,-0.296,negativo,,Arctic Shift API
cfa8dfd3edd54eaa,cscareerquestions,2022-03-10T00:38:45+00:00,0.0,0.942,0.058,0.2144,positivo,,Arctic Shift API
e82899918f6ff698,devops,2024-11-08T03:11:38+00:00,0.096,0.862,0.042,-0.9383,negativo,,Arctic Shift API
7ea22fc47b98cd96,cscareerquestions,2023-09-20T23:47:02+00:00,0.174,0.826,0.0,-0.2755,negativo,,Arctic Shift API
90d33b42abd320f2,programming,2024-04-21T05:10:50+00:00,0.163,0.837,0.0,-0.5423,negativo,,Arctic Shift API
37d9dd7803f0f0ef,devops,2024-11-12T03:03:56+00:00,0.0,0.584,0.416,0.6906,positivo,,Arctic Shift API
4cc4e06c1564c44c,cscareerquestions,2023-12-02T23:21:56+00:00,0.129,0.717,0.154,0.7041,positivo,,Arctic Shift API
4cfb48155cedbbc8,cscareerquestions,2024-10-18T00:30:48+00:00,0.0,0.736,0.264,0.9278,positivo,,Arctic Shift API
128ca253663a0669,cscareerquestions,2024-04-16T00:24:46+00:00,0.078,0.704,0.218,0.8271,positivo,,Arctic Shift API
3a2bad2a7edd75d1,devops,2024-05-16T10:38:00+00:00,0.057,0.897,0.046,-0.576,negativo,,Arctic Shift API
438770e0a11af68e,devops,2024-10-29T01:10:31+00:00,0.214,0.786,0.0,-0.25,negativo,,Arctic Shift API
304b923e8f58e6b9,programming,2023-12-02T23:38:07+00:00,0.0,0.874,0.126,0.0772,positivo,,Arctic Shift API
364d9e3bc823eb17,cscareerquestions,2023-08-12T23:38:49+00:00,0.25,0.75,0.0,-0.6124,negativo,,Arctic Shift API
7851edf493b28e16,cscareerquestions,2024-06-27T00:17:59+00:00,0.063,0.829,0.107,0.2263,positivo,,Arctic Shift API
e17c586cca65e26e,programming,2021-12-11T23:41:21+00:00,0.0,0.845,0.155,0.5407,positivo,,Arctic Shift API
409eea935c7953fb,programming,2024-09-06T00:41:17+00:00,0.0,0.769,0.231,0.6597,positivo,,Arctic Shift API
78f6d74154bc1b65,programming,2022-04-27T22:49:47+00:00,0.016,0.984,0.0,-0.1027,negativo,,Arctic Shift API
8b8aa0c4282f9f99,devops,2023-10-18T21:29:37+00:00,0.0,1.0,0.0,0.0,neutro,,Arctic Shift API
98d7e1e3f064f7cc,programming,2024-12-27T04:20:25+00:00,0.093,0.686,0.221,0.6542,positivo,,Arctic Shift API
08b68185d62bfae6,cscareerquestions,2022-06-16T00:41:57+00:00,0.029,0.763,0.208,0.9659,positivo,,Arctic Shift API
c182fe98e8f0be8a,devops,2023-10-28T19:35:53+00:00,0.06,0.833,0.107,0.4025,positivo,,Arctic Shift API
4e36b5158ad29ed1,cscareerquestions,2021-06-09T23:01:23+00:00,0.0,0.753,0.247,0.5574,positivo,,Arctic Shift API
17a0676506c62d91,programming,2024-10-17T02:52:52+00:00,0.117,0.781,0.102,-0.1027,negativo,,Arctic Shift API
1b46b5aec14f4138,devops,2022-05-28T17:36:20+00:00,0.0,0.621,0.379,0.7269,positivo,,Arctic Shift API
be618eaeb4d0e1b3,cscareerquestions,2024-11-15T00:43:30+00:00,0.0,0.955,0.045,0.4588,positivo,,Arctic Shift API
c8fa32223201ba05,programming,2021-05-28T00:12:43+00:00,0.455,0.476,0.069,-0.8519,negativo,,Arctic Shift API
dc8c85b6055949b7,devops,2024-07-09T00:25:17+00:00,0.0,1.0,0.0,0.0,neutro,,Arctic Shift API
fa8fd08d33c81be6,devops,2024-01-16T00:25:18+00:00,0.019,0.829,0.152,0.9209,positivo,,Arctic Shift API
5357b575477f3c37,cscareerquestions,2024-06-11T00:21:43+00:00,0.057,0.921,0.023,-0.5187,negativo,,Arctic Shift API
bad84fbaf3a6cb34,programming,2021-09-23T04:09:02+00:00,0.063,0.909,0.028,-0.453,negativo,,Arctic Shift API
ac533f8263a5f7a1,devops,2022-07-15T08:58:23+00:00,0.054,0.946,0.0,-0.34,negativo,,Arctic Shift API
a3be8af0a0505ebe,cscareerquestions,2024-08-04T00:36:38+00:00,0.052,0.787,0.16,0.4767,positivo,,Arctic Shift API
27a3f9dcce85ce41,devops,2021-01-13T15:28:22+00:00,0.278,0.504,0.217,-0.3447,negativo,,Arctic Shift API
156b260aa756e9e1,cscareerquestions,2024-07-04T00:24:59+00:00,0.054,0.845,0.101,0.4318,positivo,,Arctic Shift API
ad792e0e19c88361,devops,2023-07-13T02:29:10+00:00,0.0,1.0,0.0,0.0,neutro,,Arctic Shift API
1ddd01e2ebd728a4,programming,2021-02-07T03:27:47+00:00,0.0,1.0,0.0,0.0,neutro,,Arctic Shift API
2d8dcf98792ec476,cscareerquestions,2024-04-10T23:20:23+00:00,0.026,0.778,0.196,0.9287,positivo,,Arctic Shift API
e2e4a043b27eae31,programming,2022-06-20T23:06:22+00:00,0.029,0.917,0.054,0.2811,positivo,,Arctic Shift API
1c6e893150cc6784,programming,2022-11-29T00:00:03+00:00,0.102,0.779,0.119,0.1078,positivo,,Arctic Shift API
4853341734955029,programming,2024-11-02T19:37:36+00:00,0.0,0.785,0.215,0.9132,positivo,bug,Arctic Shift API
c10b67c0d1133cfd,cscareerquestions,2023-02-04T23:26:19+00:00,0.096,0.861,0.044,-0.8065,negativo,,Arctic Shift API
a45cb4a8b002df5e,cscareerquestions,2024-06-24T23:52:25+00:00,0.04,0.844,0.117,0.6157,positivo,,Arctic Shift API
ef1fde9a23c8f683,devops,2023-09-27T20:24:55+00:00,0.096,0.766,0.139,0.2263,positivo,,Arctic Shift API
51d94908ea85290e,devops,2024-05-02T08:03:32+00:00,0.047,0.857,0.095,0.1894,positivo,,Arctic Shift API
3735501d2f94d7cf,programming,2024-12-17T07:24:25+00:00,0.0,0.845,0.155,0.7506,positivo,,Arctic Shift API
bd70d7ca7406174f,devops,2023-09-03T03:45:22+00:00,0.08,0.761,0.159,0.296,positivo,,Arctic Shift API
f79a076cbac4bf53,devops,2024-05-18T21:14:45+00:00,0.0,0.891,0.109,0.6597,positivo,,Arctic Shift API
44debff68660c20e,programming,2022-11-25T00:06:57+00:00,0.051,0.694,0.255,0.785,positivo,,Arctic Shift API
fb37edb56ce87b13,devops,2021-06-06T19:12:12+00:00,0.081,0.886,0.033,-0.4389,negativo,,Arctic Shift API
ad6421b6580f4697,cscareerquestions,2022-09-11T01:01:37+00:00,0.0,0.878,0.122,0.6597,positivo,,Arctic Shift API
7d0a863372be5da0,programming,2024-02-06T01:33:43+00:00,0.083,0.786,0.131,0.0965,positivo,,Arctic Shift API
b71ead8085a2051e,devops,2022-08-22T21:40:31+00:00,0.0,1.0,0.0,0.0,neutro,,Arctic Shift API
5356ae6e945d5a3d,cscareerquestions,2022-06-18T23:56:08+00:00,0.206,0.629,0.166,-0.1779,negativo,,Arctic Shift API
78262ce3762b0d56,devops,2024-04-04T02:14:41+00:00,0.0,1.0,0.0,0.0,neutro,outage,Arctic Shift API
b112af6e856b7c5d,cscareerquestions,2023-02-28T00:38:42+00:00,0.118,0.882,0.0,-0.5106,negativo,,Arctic Shift API
6641c23fc688e573,cscareerquestions,2022-04-13T23:24:44+00:00,0.0,0.88,0.12,0.3818,positivo,,Arctic Shift API
e0fb16fe2e6e4f26,programming,2024-03-20T22:34:08+00:00,0.0,0.661,0.339,0.6858,positivo,,Arctic Shift API
6ad5dfd4e2b374d9,programming,2024-11-30T22:51:01+00:00,0.0,0.839,0.161,0.3612,positivo,,Arctic Shift API
5e0d986d35fc5b15,devops,2024-08-04T02:20:17+00:00,0.038,0.962,0.0,-0.0191,neutro,,Arctic Shift API
2345e95c2525ce2b,cscareerquestions,2024-11-08T01:20:27+00:00,0.089,0.802,0.109,0.9167,positivo,,Arctic Shift API
ce36aeb06ea64ec4,devops,2023-06-01T07:46:50+00:00,0.0,1.0,0.0,0.0,neutro,,Arctic Shift API
2dc50e3489d7cac8,devops,2023-10-11T20:18:31+00:00,0.087,0.913,0.0,-0.4019,negativo,,Arctic Shift API
b877f03d63c55768,programming,2024-04-04T00:11:58+00:00,0.0,0.87,0.13,0.8294,positivo,,Arctic Shift API
0645941433129eb1,programming,2021-04-18T01:02:30+00:00,0.213,0.787,0.0,-0.5859,negativo,,Arctic Shift API
8a4b2b90e458420f,devops,2023-10-30T21:12:29+00:00,0.045,0.712,0.243,0.8176,positivo,,Arctic Shift API
91274bf8a5c78d85,cscareerquestions,2021-02-13T23:57:36+00:00,0.0,0.856,0.144,0.5719,positivo,,Arctic Shift API
ca59af53b1c2018c,cscareerquestions,2023-03-31T00:21:06+00:00,0.035,0.816,0.149,0.9897,positivo,stress; stressed,Arctic Shift API
c48bc59fea9912db,devops,2022-07-26T04:05:04+00:00,0.0,0.911,0.089,0.6997,positivo,,Arctic Shift API
d5ff3bc2a7ae4c62,programming,2021-12-19T02:00:15+00:00,0.0,0.682,0.318,0.4215,positivo,,Arctic Shift API
606b6db378425060,programming,2021-01-26T02:44:38+00:00,0.225,0.58,0.196,-0.2023,negativo,,Arctic Shift API
5469d7be03c899f0,cscareerquestions,2021-06-12T23:12:01+00:00,0.108,0.827,0.065,-0.3309,negativo,,Arctic Shift API
c2cc9114f0f5a11e,programming,2021-09-04T23:10:30+00:00,0.0,0.802,0.198,0.4939,positivo,,Arctic Shift API
729c8e1c83cea352,programming,2024-07-27T19:38:39+00:00,0.0,0.848,0.152,0.3612,positivo,,Arctic Shift API
0280770452148bba,devops,2021-07-08T03:29:53+00:00,0.0,1.0,0.0,0.0,neutro,,Arctic Shift API
863e1ab8222998ea,programming,2021-10-23T23:10:43+00:00,0.212,0.669,0.119,-0.3612,negativo,,Arctic Shift API
2c3cc485865f3542,devops,2021-09-03T14:57:44+00:00,0.138,0.604,0.258,0.6115,positivo,,Arctic Shift API
2341c46bc0ce88ed,devops,2021-09-22T15:08:07+00:00,0.0,0.813,0.187,0.6461,positivo,,Arctic Shift API
6f35d5e468efab52,cscareerquestions,2021-02-17T23:31:10+00:00,0.243,0.541,0.216,-0.1027,negativo,,Arctic Shift API
055afcff3d5680de,cscareerquestions,2023-01-09T23:52:08+00:00,0.0,0.787,0.213,0.4215,positivo,,Arctic Shift API
f3876d9288dd948d,programming,2021-01-29T00:05:35+00:00,0.172,0.677,0.151,-0.1007,negativo,,Arctic Shift API
adf0df236507cf2f,devops,2022-07-10T06:06:19+00:00,0.0,1.0,0.0,0.0,neutro,,Arctic Shift API
e1608436c3f92a89,devops,2022-11-05T14:20:17+00:00,0.04,0.798,0.161,0.7538,positivo,,Arctic Shift API
8a864fbf18abdc03,devops,2021-06-02T20:41:46+00:00,0.0,1.0,0.0,0.0,neutro,,Arctic Shift API
8aafe16c1238ee13,programming,2024-07-07T04:02:17+00:00,0.056,0.878,0.065,0.3374,positivo,,Arctic Shift API
8bba18afe487492f,cscareerquestions,2023-05-16T01:07:15+00:00,0.0,0.878,0.122,0.4168,positivo,,Arctic Shift API
6ba3d35071f45668,programming,2024-01-03T23:08:41+00:00,0.03,0.799,0.171,0.9866,positivo,,Arctic Shift API
3b2bdba6b3f7019e,devops,2024-08-05T18:42:39+00:00,0.013,0.916,0.071,0.704,positivo,,Arctic Shift API
44a7263df245f477,programming,2022-05-27T03:14:14+00:00,0.098,0.723,0.178,0.1926,positivo,,Arctic Shift API
3f8a4822d555645a,devops,2022-07-22T11:00:31+00:00,0.06,0.855,0.085,0.3609,positivo,stress; stressed,Arctic Shift API
97168ec57a78c514,devops,2021-10-22T13:26:52+00:00,0.0,0.942,0.058,0.0762,positivo,,Arctic Shift API
a5b87ae3d280330f,programming,2024-10-01T05:31:06+00:00,0.075,0.781,0.144,0.3182,positivo,,Arctic Shift API
9d0f8296a65a388c,cscareerquestions,2021-11-15T23:47:05+00:00,0.0,1.0,0.0,0.0,neutro,,Arctic Shift API
9844730db72bbfa4,cscareerquestions,2024-05-18T23:42:15+00:00,0.074,0.789,0.137,0.6662,positivo,,Arctic Shift API
3af95a6be4b3272b,devops,2021-10-03T06:35:09+00:00,0.0,1.0,0.0,0.0,neutro,,Arctic Shift API
6c91135fd9cae428,programming,2021-05-30T04:24:56+00:00,0.095,0.835,0.07,-0.3919,negativo,,Arctic Shift API
40a9d36ab5c63d10,cscareerquestions,2022-04-01T00:34:20+00:00,0.0,0.87,0.13,0.743,positivo,,Arctic Shift API
cbc63b63e0d452ce,cscareerquestions,2021-03-02T00:12:42+00:00,0.0,0.368,0.632,0.8225,positivo,,Arctic Shift API
593989677b586296,cscareerquestions,2023-03-02T00:06:01+00:00,0.0,0.805,0.195,0.5574,positivo,,Arctic Shift API
9116d486dbd2cbae,devops,2023-12-21T00:41:34+00:00,0.0,0.847,0.153,0.4404,positivo,,Arctic Shift API
467641fea8f2ad63,cscareerquestions,2024-11-16T23:56:28+00:00,0.0,0.625,0.375,0.765,positivo,,Arctic Shift API
c84465253ada5f86,devops,2024-05-08T21:49:07+00:00,0.077,0.86,0.063,-0.128,negativo,bug,Arctic Shift API
2bcd79ab6dc8b06b,cscareerquestions,2023-07-02T00:19:04+00:00,0.0,0.682,0.318,0.4201,positivo,,Arctic Shift API
5d218e508d41ada4,cscareerquestions,2024-02-10T23:37:20+00:00,0.042,0.915,0.043,0.0258,neutro,,Arctic Shift API
fc6a9711870dad3c,programming,2022-09-14T23:38:17+00:00,0.0,0.598,0.402,0.7945,positivo,,Arctic Shift API
784a887f9cf02aa1,programming,2024-03-05T00:32:26+00:00,0.144,0.745,0.112,-0.1531,negativo,,Arctic Shift API
adb71a08bff4332c,cscareerquestions,2022-06-11T23:57:46+00:00,0.0,1.0,0.0,0.0,neutro,,Arctic Shift API
0f7f5252698d3ead,devops,2023-05-20T22:13:14+00:00,0.055,0.921,0.024,-0.5023,negativo,,Arctic Shift API
ca7f03e7fb3f8c9d,devops,2024-04-18T03:13:11+00:00,0.0,0.66,0.34,0.6872,positivo,,Arctic Shift API
50efffc9c6337715,programming,2024-09-14T20:59:58+00:00,0.0,1.0,0.0,0.0,neutro,,Arctic Shift API
c7acf5e7a00ab4fc,devops,2022-03-14T18:37:14+00:00,0.049,0.808,0.144,0.6871,positivo,,Arctic Shift API
019c7d7cf118df65,devops,2023-01-25T20:22:01+00:00,0.0,1.0,0.0,0.0,neutro,,Arctic Shift API
090ac9dce0f1a257,programming,2023-11-30T00:31:25+00:00,0.0,0.816,0.184,0.9022,positivo,,Arctic Shift API
8d333c4821de73ab,programming,2024-09-17T00:21:13+00:00,0.0,0.742,0.258,0.6808,positivo,,Arctic Shift API
a93451b99e52d3cd,cscareerquestions,2021-08-24T00:40:48+00:00,0.0,0.873,0.127,0.4404,positivo,,Arctic Shift API
13076843069110e1,programming,2022-09-27T01:38:27+00:00,0.0,0.973,0.027,0.3612,positivo,,Arctic Shift API
efba48f910468ec7,cscareerquestions,2021-04-06T00:30:20+00:00,0.163,0.726,0.111,-0.4854,negativo,,Arctic Shift API
4819f9ef04a47a7a,programming,2023-11-13T23:28:30+00:00,0.026,0.906,0.068,0.5916,positivo,,Arctic Shift API
929d6d7f1df293de,devops,2021-07-11T13:00:00+00:00,0.104,0.896,0.0,-0.296,negativo,,Arctic Shift API
4798e78dbe4c778b,programming,2021-08-01T01:18:56+00:00,0.251,0.565,0.184,-0.5927,negativo,,Arctic Shift API
b0374bbeba1bb837,programming,2021-03-31T21:35:02+00:00,0.0,0.816,0.184,0.755,positivo,,Arctic Shift API
42b2aec882cc4d4d,cscareerquestions,2021-04-15T01:35:00+00:00,0.081,0.719,0.2,0.2363,positivo,,Arctic Shift API
fe8fb596f83c8d10,programming,2021-07-28T23:00:57+00:00,0.27,0.73,0.0,-0.7753,negativo,,Arctic Shift API
533358eaac285149,programming,2023-01-06T01:07:37+00:00,0.0,1.0,0.0,0.0,neutro,,Arctic Shift API
6c64e461f94df26a,devops,2024-10-30T19:17:17+00:00,0.033,0.832,0.135,0.673,positivo,,Arctic Shift API
a397033a27531ef6,cscareerquestions,2022-06-07T00:03:53+00:00,0.032,0.687,0.281,0.8529,positivo,,Arctic Shift API
bfc9c2a9c3136eeb,devops,2024-04-29T20:47:55+00:00,0.182,0.676,0.142,-0.1531,negativo,,Arctic Shift API
91d5438d4c444351,cscareerquestions,2021-12-01T23:33:54+00:00,0.052,0.907,0.041,-0.4033,negativo,,Arctic Shift API
92f510e616b57ef4,cscareerquestions,2024-03-12T00:46:37+00:00,0.0,0.87,0.13,0.7357,positivo,,Arctic Shift API
3c08990a32872753,programming,2024-08-30T00:38:38+00:00,0.051,0.827,0.122,0.2023,positivo,,Arctic Shift API
21f19db22f5e00f7,devops,2021-07-01T09:18:42+00:00,0.051,0.903,0.046,-0.1154,negativo,,Arctic Shift API
4a686e090bf406bd,devops,2023-01-02T15:02:06+00:00,0.054,0.925,0.021,-0.3242,negativo,,Arctic Shift API
6ba710992d89e749,devops,2021-01-19T07:09:46+00:00,0.0,1.0,0.0,0.0,neutro,,Arctic Shift API
a06dac828377c68e,devops,2022-05-02T20:04:30+00:00,0.0,0.848,0.152,0.8442,positivo,,Arctic Shift API
7a41ce1ac9659beb,devops,2022-03-31T01:03:58+00:00,0.0,1.0,0.0,0.0,neutro,,Arctic Shift API
ef0219038e7f9f56,devops,2021-09-08T19:43:13+00:00,0.074,0.598,0.328,0.8172,positivo,,Arctic Shift API
80be346dc967a1ac,devops,2023-02-26T02:20:11+00:00,0.0,0.908,0.092,0.3291,positivo,,Arctic Shift API
e0581295be257e85,devops,2022-01-14T03:48:57+00:00,0.21,0.79,0.0,-0.68,negativo,,Arctic Shift API
33407042a067c78c,programming,2022-05-27T04:57:48+00:00,0.112,0.588,0.3,0.8481,positivo,,Arctic Shift API
67435fc3cc928172,cscareerquestions,2024-09-20T00:23:06+00:00,0.192,0.735,0.073,-0.8832,negativo,,Arctic Shift API
72bdffada01f3a36,devops,2022-06-22T17:21:49+00:00,0.178,0.784,0.038,-0.8126,negativo,,Arctic Shift API
72add5be42138aa2,cscareerquestions,2024-12-10T00:16:43+00:00,0.042,0.87,0.088,0.5574,positivo,,Arctic Shift API
c376e473e96c31ed,devops,2021-10-13T18:02:07+00:00,0.0,0.926,0.074,0.5106,positivo,,Arctic Shift API
4afb7fe10c9a4b82,cscareerquestions,2023-11-04T23:27:41+00:00,0.136,0.864,0.0,-0.6553,negativo,,Arctic Shift API
b825c78f4f75227e,devops,2021-05-28T08:40:15+00:00,0.0,1.0,0.0,0.0,neutro,,Arctic Shift API
61c015855dbf3683,cscareerquestions,2023-11-26T00:39:44+00:00,0.0,1.0,0.0,0.0,neutro,,Arctic Shift API
2d42e2f7abcbfc62,programming,2024-09-14T22:39:52+00:00,0.0,1.0,0.0,0.0,neutro,,Arctic Shift API
3a9c6c63def6e238,devops,2023-04-25T02:43:48+00:00,0.0,1.0,0.0,0.0,neutro,,Arctic Shift API
18722b309652e284,cscareerquestions,2024-05-19T00:22:34+00:00,0.0,0.969,0.031,0.1901,positivo,,Arctic Shift API
2fbfdc56281aed6c,devops,2024-09-13T03:02:58+00:00,0.0,0.881,0.119,0.8943,positivo,,Arctic Shift API
c3caaaa34b83f771,devops,2023-09-29T04:31:02+00:00,0.195,0.805,0.0,-0.6269,negativo,,Arctic Shift API
a22a8becaf52de27,cscareerquestions,2023-02-10T01:02:15+00:00,0.1,0.81,0.09,-0.0516,negativo,,Arctic Shift API
0c7ced33e8930fb9,devops,2024-09-11T21:27:46+00:00,0.0,1.0,0.0,0.0,neutro,,Arctic Shift API
2bb3c2bdab3e61a0,programming,2024-04-01T22:57:01+00:00,0.0,1.0,0.0,0.0,neutro,,Arctic Shift API
cfac955cb39f9e16,devops,2023-11-03T09:25:19+00:00,0.141,0.859,0.0,-0.2411,negativo,,Arctic Shift API
304c2ec1ebfd09df,devops,2024-03-28T03:39:28+00:00,0.0,0.91,0.09,0.5927,positivo,,Arctic Shift API
08c42b374e966cd5,devops,2024-09-27T09:07:28+00:00,0.128,0.872,0.0,-0.296,negativo,,Arctic Shift API
2540bffdc29c73d4,cscareerquestions,2024-05-08T23:13:06+00:00,0.033,0.833,0.134,0.9278,positivo,,Arctic Shift API
6891b30dcb6d5bab,devops,2021-11-07T01:11:50+00:00,0.0,1.0,0.0,0.0,neutro,,Arctic Shift API
b01ba4f158468120,devops,2021-04-14T18:42:47+00:00,0.086,0.782,0.132,0.4284,positivo,,Arctic Shift API
87a7970090ab43af,devops,2021-01-10T22:34:07+00:00,0.172,0.828,0.0,-0.4019,negativo,,Arctic Shift API
4fa4442077e89c07,programming,2021-09-15T22:34:41+00:00,0.0,0.633,0.367,0.6841,positivo,bug,Arctic Shift API
07f9f1b3208de7fa,cscareerquestions,2022-07-06T23:07:18+00:00,0.0,1.0,0.0,0.0,neutro,,Arctic Shift API
d7c2cf7591d0b87f,programming,2021-11-19T00:16:33+00:00,0.041,0.825,0.134,0.8983,positivo,,Arctic Shift API
879ca298204a50d3,cscareerquestions,2024-09-20T00:32:49+00:00,0.084,0.679,0.236,0.793,positivo,,Arctic Shift API
74b11fa820d3bad6,cscareerquestions,2023-11-14T00:03:31+00:00,0.0,1.0,0.0,0.0,neutro,,Arctic Shift API
56be3b68bf4c3a41,devops,2023-02-25T20:00:43+00:00,0.0,1.0,0.0,0.0,neutro,,Arctic Shift API
a46bf51b1f01fdab,cscareerquestions,2021-01-26T00:07:45+00:00,0.0,0.455,0.545,0.717,positivo,,Arctic Shift API
571951254614e015,programming,2023-07-05T21:29:44+00:00,0.0,0.373,0.627,0.915,positivo,,Arctic Shift API
b88ddfa18e88c37c,devops,2021-07-28T19:05:01+00:00,0.089,0.755,0.157,0.7184,positivo,,Arctic Shift API
8f0d19b7ff8af1cf,devops,2024-06-15T18:27:05+00:00,0.069,0.689,0.242,0.7783,positivo,,Arctic Shift API
b1deb6dee18f931e,programming,2024-06-08T19:39:27+00:00,0.054,0.886,0.06,0.1531,positivo,,Arctic Shift API
24e136930d8397f5,devops,2022-10-07T11:15:06+00:00,0.04,0.96,0.0,-0.1531,negativo,on-call,Arctic Shift API
7ca9c719d798fc47,cscareerquestions,2022-06-30T00:27:20+00:00,0.0,0.965,0.035,0.3612,positivo,,Arctic Shift API
b45ffee0ae4113ba,devops,2023-06-01T00:30:55+00:00,0.054,0.946,0.0,-0.4606,negativo,,Arctic Shift API
22a4eea3101696a0,devops,2021-07-08T05:03:19+00:00,0.104,0.667,0.229,0.4601,positivo,,Arctic Shift API
a0f611fc5a360fbe,devops,2023-06-10T22:07:14+00:00,0.044,0.903,0.053,0.1181,positivo,,Arctic Shift API
5eba1e6a92c3ba9d,programming,2023-05-16T00:50:10+00:00,0.0,1.0,0.0,0.0,neutro,,Arctic Shift API
462b87a86686c961,programming,2024-01-15T21:08:24+00:00,0.135,0.865,0.0,-0.4215,negativo,,Arctic Shift API
a0967a9034a3ee86,devops,2022-02-10T00:31:57+00:00,0.0,0.709,0.291,0.8975,positivo,,Arctic Shift API
7d3631533c15fbbe,cscareerquestions,2022-05-07T23:12:32+00:00,0.0,0.8,0.2,0.25,positivo,,Arctic Shift API
e828745946aefe3c,devops,2021-05-15T11:11:43+00:00,0.0,0.659,0.341,0.9161,positivo,,Arctic Shift API
a68dcf4ff35d367a,cscareerquestions,2021-06-15T00:30:39+00:00,0.103,0.883,0.014,-0.9102,negativo,,Arctic Shift API
00afb3f22cb18993,devops,2024-10-14T22:33:01+00:00,0.0,0.865,0.135,0.775,positivo,,Arctic Shift API
bfe921e4f97f5486,cscareerquestions,2024-08-22T00:42:30+00:00,0.042,0.87,0.088,0.5574,positivo,,Arctic Shift API
67f8d4aaf8739bd3,devops,2022-02-16T21:05:19+00:00,0.062,0.757,0.18,0.6494,positivo,,Arctic Shift API
0747843d783bd850,programming,2023-01-07T23:30:32+00:00,0.0,0.907,0.093,0.6705,positivo,,Arctic Shift API
13ae4b9c4c0f43cb,devops,2021-08-15T19:26:35+00:00,0.0,0.5,0.5,0.7906,positivo,,Arctic Shift API
e801a0d3bfd23eb5,devops,2021-11-21T13:19:00+00:00,0.013,0.778,0.209,0.9917,positivo,,Arctic Shift API
d9c2a10a814e1cc2,devops,2022-09-17T21:45:11+00:00,0.065,0.734,0.201,0.3241,positivo,,Arctic Shift API
89727bd56fe04ab1,programming,2021-01-16T22:50:53+00:00,0.0,0.954,0.046,0.0258,neutro,bug,Arctic Shift API
665a7b3aef5a4563,cscareerquestions,2024-10-19T23:50:46+00:00,0.0,0.93,0.07,0.2743,positivo,,Arctic Shift API
97a4707a66394440,cscareerquestions,2022-10-04T00:32:08+00:00,0.0,0.958,0.042,0.0772,positivo,,Arctic Shift API
600472da18da4650,programming,2021-11-28T00:47:45+00:00,0.159,0.841,0.0,-0.618,negativo,,Arctic Shift API
7963854056162af6,devops,2024-09-20T01:42:15+00:00,0.14,0.86,0.0,-0.6705,negativo,,Arctic Shift API
8382b78ae4d39967,cscareerquestions,2023-12-26T00:52:48+00:00,0.0,0.657,0.343,0.5719,positivo,,Arctic Shift API
406bd52394fbf96e,devops,2023-12-05T03:17:48+00:00,0.0,0.77,0.23,0.7941,positivo,,Arctic Shift API
3ae014e2fb328ac5,devops,2021-12-10T05:38:50+00:00,0.03,0.873,0.097,0.5994,positivo,,Arctic Shift API
52d3835ce371b3c4,programming,2023-03-27T22:17:31+00:00,0.139,0.701,0.16,0.7918,positivo,,Arctic Shift API
c1de10f90508cb14,cscareerquestions,2022-02-14T23:37:45+00:00,0.0,0.831,0.169,0.7096,positivo,,Arctic Shift API
cb85873d960e6a46,programming,2024-12-19T04:57:02+00:00,0.0,0.776,0.224,0.3818,positivo,,Arctic Shift API
638faa03f979f7ad,cscareerquestions,2024-05-20T23:46:53+00:00,0.0,0.722,0.278,0.4019,positivo,,Arctic Shift API
c5e7acf4cf21c368,programming,2022-10-09T01:01:55+00:00,0.0,0.649,0.351,0.4019,positivo,,Arctic Shift API
c31eb16a3ee87906,programming,2021-09-02T00:58:12+00:00,0.0,0.807,0.193,0.6705,positivo,,Arctic Shift API
df0d77b574eb2cbe,programming,2021-11-02T00:26:14+00:00,0.092,0.712,0.195,0.5994,positivo,,Arctic Shift API
86da1351cb1d1d5c,cscareerquestions,2023-12-21T00:14:58+00:00,0.167,0.635,0.199,0.1045,positivo,,Arctic Shift API
ff9c682eb86c1335,cscareerquestions,2024-10-10T00:39:22+00:00,0.0,1.0,0.0,0.0,neutro,,Arctic Shift API
3996d072b24c08fe,programming,2021-08-04T23:46:57+00:00,0.044,0.903,0.053,0.2837,positivo,,Arctic Shift API
71173692ca86b4a1,cscareerquestions,2022-09-15T00:50:16+00:00,0.0,0.714,0.286,0.4939,positivo,,Arctic Shift API
63219e2a94f9f816,devops,2023-09-16T16:32:55+00:00,0.058,0.878,0.064,0.1494,positivo,,Arctic Shift API
91ea0736f0e07529,programming,2023-02-04T22:54:06+00:00,0.102,0.713,0.185,0.3976,positivo,,Arctic Shift API
51c3005b77892e0a,programming,2021-01-12T02:09:37+00:00,0.056,0.911,0.033,-0.2263,negativo,,Arctic Shift API
22b43c1e5405c906,programming,2023-08-13T00:49:54+00:00,0.094,0.906,0.0,-0.3818,negativo,,Arctic Shift API
e4b039482219f4e9,devops,2022-07-21T04:43:00+00:00,0.0,0.742,0.258,0.8271,positivo,,Arctic Shift API
9e18d74d1e1174ce,devops,2022-12-28T17:19:16+00:00,0.0,1.0,0.0,0.0,neutro,,Arctic Shift API
ee85d7b6142558ec,programming,2024-09-13T01:41:36+00:00,0.032,0.79,0.177,0.7988,positivo,,Arctic Shift API
73832f36cf3796e2,cscareerquestions,2021-06-15T00:26:33+00:00,0.0,0.597,0.403,0.6597,positivo,,Arctic Shift API
cfdeb380ed3f375e,devops,2021-01-01T20:57:46+00:00,0.049,0.951,0.0,-0.2942,negativo,,Arctic Shift API
8b701ac8a6d498fb,devops,2023-07-15T22:42:04+00:00,0.0,0.732,0.268,0.9018,positivo,,Arctic Shift API
8760b0cb4842f4f5,programming,2023-03-09T01:28:16+00:00,0.021,0.891,0.087,0.9548,positivo,,Arctic Shift API
f51e6d8b2e9e403a,programming,2021-11-07T00:18:09+00:00,0.308,0.603,0.089,-0.8885,negativo,anxiety,Arctic Shift API
2cba8ce2e7471c2a,devops,2021-07-29T06:40:36+00:00,0.0,0.875,0.125,0.6124,positivo,,Arctic Shift API
2619369dee14355c,devops,2022-11-17T07:23:14+00:00,0.037,0.873,0.09,0.8945,positivo,,Arctic Shift API
cde54579d3257394,programming,2023-07-05T21:46:18+00:00,0.0,0.905,0.095,0.296,positivo,,Arctic Shift API
2cbaad1c30cb9321,cscareerquestions,2022-12-29T00:47:38+00:00,0.18,0.82,0.0,-0.296,negativo,,Arctic Shift API
47c9a23e8f4eab75,programming,2021-01-01T00:06:32+00:00,0.0,0.677,0.323,0.4329,positivo,,Arctic Shift API
39dfbabf9c99e0cc,programming,2021-07-03T23:41:23+00:00,0.274,0.629,0.097,-0.6808,negativo,,Arctic Shift API
cb2acc02baf57c55,devops,2023-01-22T01:06:40+00:00,0.284,0.526,0.189,-0.2263,negativo,,Arctic Shift API
1b60ba6356820828,devops,2024-04-22T21:23:32+00:00,0.09,0.77,0.14,0.4814,positivo,,Arctic Shift API
f66e41abefa22c45,devops,2023-12-20T23:37:22+00:00,0.0,0.536,0.464,0.7783,positivo,,Arctic Shift API
734008570dd222ae,cscareerquestions,2022-12-07T23:58:00+00:00,0.096,0.843,0.061,-0.4457,negativo,,Arctic Shift API
52a1c6c2f8354abd,cscareerquestions,2024-10-31T00:14:15+00:00,0.174,0.826,0.0,-0.2263,negativo,,Arctic Shift API
09f8c7c831be44ad,programming,2022-08-02T01:39:48+00:00,0.0,0.939,0.061,0.8271,positivo,,Arctic Shift API
96ce35c2a8f89061,devops,2022-10-09T12:56:40+00:00,0.0,0.826,0.174,0.9287,positivo,,Arctic Shift API
c9c48c1c32c4269f,devops,2022-01-28T00:04:32+00:00,0.025,0.924,0.051,0.3818,positivo,,Arctic Shift API
326ae7fb802cb8bf,cscareerquestions,2024-03-19T00:37:45+00:00,0.0,0.678,0.322,0.6908,positivo,,Arctic Shift API
1d6c841da37f02f5,programming,2024-08-10T23:45:43+00:00,0.0,0.91,0.09,0.6453,positivo,,Arctic Shift API
fad4b9262c9fd7d7,devops,2021-03-05T17:01:54+00:00,0.0,0.826,0.174,0.8591,positivo,,Arctic Shift API
d6de8ea4c69c580a,cscareerquestions,2021-05-28T00:07:41+00:00,0.0,0.849,0.151,0.4927,positivo,,Arctic Shift API
15f3f2b03c35ecbc,devops,2022-08-19T03:28:11+00:00,0.0,0.817,0.183,0.7645,positivo,,Arctic Shift API
ba3acf0cda0574c0,cscareerquestions,2023-06-21T22:52:31+00:00,0.0,0.827,0.173,0.5499,positivo,,Arctic Shift API
a28eb9b8f63aa0b4,devops,2022-04-29T00:40:21+00:00,0.073,0.768,0.159,0.6292,positivo,,Arctic Shift API
cf21193b645a706b,programming,2021-08-09T22:05:41+00:00,0.011,0.86,0.129,0.9785,positivo,bug,Arctic Shift API
ff8d632593089a9c,programming,2021-07-18T00:47:40+00:00,0.0,1.0,0.0,0.0,neutro,,Arctic Shift API
5fb79e8fb27a8edb,devops,2023-11-17T00:58:02+00:00,0.159,0.841,0.0,-0.3506,negativo,,Arctic Shift API
da9c253100394ea5,programming,2024-12-06T01:34:07+00:00,0.047,0.866,0.087,0.1531,positivo,,Arctic Shift API
231e3ab44f2af56a,programming,2023-12-17T01:26:53+00:00,0.033,0.859,0.109,0.8111,positivo,,Arctic Shift API
f24f3c359635513d,programming,2024-10-02T23:09:59+00:00,0.055,0.864,0.08,-0.1779,negativo,,Arctic Shift API
06368fd47be5c5e6,programming,2021-09-20T23:03:45+00:00,0.407,0.509,0.084,-0.8316,negativo,,Arctic Shift API
2d31e952aaf9bbe2,cscareerquestions,2022-09-26T23:49:56+00:00,0.184,0.772,0.043,-0.8596,negativo,,Arctic Shift API
a4c0bf72c6e17146,devops,2024-05-14T04:58:42+00:00,0.228,0.772,0.0,-0.6811,negativo,,Arctic Shift API
b0d5d2a4f58bfaa7,programming,2022-02-27T02:39:13+00:00,0.112,0.888,0.0,-0.2263,negativo,,Arctic Shift API
047e01b7638b8dca,cscareerquestions,2022-12-25T00:09:09+00:00,0.099,0.694,0.207,0.6369,positivo,,Arctic Shift API
d89c88cebba9d0aa,devops,2024-09-13T02:14:08+00:00,0.299,0.455,0.246,-0.3109,negativo,,Arctic Shift API
920aedba94d36d6d,programming,2023-05-05T00:23:13+00:00,0.0,0.921,0.079,0.4767,positivo,,Arctic Shift API
103a41c85e28bc9d,cscareerquestions,2021-12-02T00:14:19+00:00,0.0,0.902,0.098,0.3612,positivo,,Arctic Shift API
ec163359547f97ff,cscareerquestions,2023-01-05T00:09:50+00:00,0.0,0.852,0.148,0.8344,positivo,,Arctic Shift API
0db84a16f1d05e33,cscareerquestions,2023-12-20T23:53:32+00:00,0.0,0.861,0.139,0.5707,positivo,,Arctic Shift API
8b2a2e1411486cf8,devops,2022-01-07T11:43:19+00:00,0.0,0.928,0.072,0.4019,positivo,,Arctic Shift API
6f10963b954e3761,devops,2023-06-09T06:17:18+00:00,0.0,0.933,0.067,0.4767,positivo,,Arctic Shift API
410fe8d7b388c9e0,devops,2022-10-12T22:45:13+00:00,0.048,0.746,0.207,0.8519,positivo,,Arctic Shift API
998793ee9c203f58,cscareerquestions,2022-05-15T00:49:51+00:00,0.04,0.896,0.064,0.2023,positivo,,Arctic Shift API
7051125c9965daa6,programming,2023-12-09T22:19:47+00:00,0.0,0.775,0.225,0.5653,positivo,,Arctic Shift API
c8f3c8d2ad91f5f9,devops,2022-12-07T22:48:00+00:00,0.333,0.667,0.0,-0.5423,negativo,,Arctic Shift API
3b3e0d0207f9db28,programming,2022-01-11T00:33:18+00:00,0.069,0.888,0.043,-0.2393,negativo,incident,Arctic Shift API
3685c3551112eae2,devops,2023-02-23T04:27:03+00:00,0.054,0.765,0.181,0.9761,positivo,,Arctic Shift API
f35d8861b5e94e2e,cscareerquestions,2021-08-01T00:29:47+00:00,0.276,0.724,0.0,-0.6917,negativo,,Arctic Shift API
d1eceb1d6c628372,cscareerquestions,2023-01-17T00:20:45+00:00,0.095,0.707,0.197,0.4118,positivo,,Arctic Shift API
a9b04f2dc95d4981,devops,2021-08-30T13:14:18+00:00,0.0,0.849,0.151,0.9217,positivo,,Arctic Shift API
3ed0bdbd832aa33f,programming,2022-02-20T01:31:30+00:00,0.062,0.903,0.034,-0.2975,negativo,,Arctic Shift API
852795c9f3ed4349,devops,2024-04-18T06:07:51+00:00,0.0,0.932,0.068,0.2732,positivo,,Arctic Shift API
01be69fc3d2e5301,cscareerquestions,2022-01-17T23:21:53+00:00,0.0,0.826,0.174,0.802,positivo,,Arctic Shift API
6aed40229d4f6223,programming,2023-05-20T21:47:05+00:00,0.184,0.605,0.211,0.6468,positivo,,Arctic Shift API
f8f708c51758c283,programming,2024-01-14T00:43:05+00:00,0.0,0.84,0.16,0.7096,positivo,,Arctic Shift API
a16ee476d4dc2b58,programming,2024-07-23T00:14:15+00:00,0.089,0.638,0.273,0.6369,positivo,,Arctic Shift API
b3b07e9c6e52d64e,programming,2021-02-10T22:45:01+00:00,0.122,0.802,0.076,-0.6908,negativo,,Arctic Shift API
b9106c7dd5175d12,cscareerquestions,2023-12-15T01:19:36+00:00,0.036,0.842,0.122,0.991,positivo,deadline; pressure,Arctic Shift API
ec0bf1ab9dd1eab1,cscareerquestions,2024-10-09T23:50:05+00:00,0.0,1.0,0.0,0.0,neutro,deadline; deadlines,Arctic Shift API
3e25e52aeda6c80e,devops,2022-11-05T22:25:38+00:00,0.03,0.881,0.089,0.7579,positivo,,Arctic Shift API
1be04e89800df72c,cscareerquestions,2023-10-02T23:59:40+00:00,0.07,0.791,0.139,0.7648,positivo,,Arctic Shift API
45a05972c4865538,programming,2021-06-24T01:46:29+00:00,0.186,0.664,0.15,-0.1372,negativo,,Arctic Shift API
f100c4c8ba6db1c5,programming,2024-09-13T02:23:56+00:00,0.127,0.743,0.129,0.0112,neutro,bug,Arctic Shift API
15ab03e40c838a5c,devops,2023-03-02T02:35:02+00:00,0.0,0.597,0.403,0.6597,positivo,,Arctic Shift API
11c77c5432eb1a04,devops,2021-12-17T09:24:04+00:00,0.0,0.59,0.41,0.9099,positivo,,Arctic Shift API
00b6af9195ccebda,programming,2022-05-15T01:21:13+00:00,0.0,0.739,0.261,0.9091,positivo,,Arctic Shift API
1a925606503b5230,cscareerquestions,2022-08-30T00:35:31+00:00,0.0,0.859,0.141,0.6757,positivo,,Arctic Shift API
0cc7800f2f02b5a8,devops,2023-09-26T09:17:39+00:00,0.06,0.868,0.072,0.1179,positivo,,Arctic Shift API
cb2a45bb96fdea66,devops,2021-11-09T10:09:22+00:00,0.0,1.0,0.0,0.0,neutro,,Arctic Shift API
7216c1fa94f74c95,devops,2021-12-19T11:28:04+00:00,0.034,0.966,0.0,-0.0644,negativo,,Arctic Shift API
0fa4ccdc2cc6022e,cscareerquestions,2022-10-10T23:13:37+00:00,0.032,0.827,0.141,0.8291,positivo,,Arctic Shift API
2c82864d09e7e31a,devops,2022-02-04T09:29:04+00:00,0.0,0.905,0.095,0.6465,positivo,,Arctic Shift API
592c6b2af8b7c651,cscareerquestions,2023-06-07T23:34:47+00:00,0.104,0.726,0.17,0.4939,positivo,,Arctic Shift API
25535463f5ac81d3,programming,2022-12-14T22:37:50+00:00,0.0,0.909,0.091,0.714,positivo,,Arctic Shift API
04db3c402e8f777c,devops,2023-01-14T21:24:25+00:00,0.0,0.776,0.224,0.6166,positivo,,Arctic Shift API
84a4885cc789a21e,programming,2023-11-04T21:36:50+00:00,0.085,0.752,0.163,0.3736,positivo,,Arctic Shift API
77d9752056dd2a82,programming,2024-09-01T00:56:24+00:00,0.0,0.952,0.048,0.431,positivo,,Arctic Shift API
fb1aee5497570db0,cscareerquestions,2024-06-12T23:57:19+00:00,0.0,0.853,0.147,0.4767,positivo,,Arctic Shift API
683e63ccf7b5c06a,devops,2021-04-21T15:18:19+00:00,0.0,0.909,0.091,0.3595,positivo,,Arctic Shift API
091269a9a49e74e4,programming,2022-12-20T00:57:41+00:00,0.0,1.0,0.0,0.0,neutro,,Arctic Shift API
d53bebec6767cb3e,cscareerquestions,2023-06-22T00:30:43+00:00,0.0,1.0,0.0,0.0,neutro,,Arctic Shift API
4201c0e2add0a974,devops,2024-06-19T18:27:38+00:00,0.0,0.886,0.114,0.7003,positivo,,Arctic Shift API
7c4435f048b99b06,devops,2021-12-20T19:39:45+00:00,0.0,0.719,0.281,0.9771,positivo,,Arctic Shift API
08f13ea23ac8d4ae,devops,2023-01-22T03:59:08+00:00,0.0,0.678,0.322,0.8201,positivo,,Arctic Shift API
63698ee02fdf1cee,devops,2021-07-05T22:24:10+00:00,0.0,0.817,0.183,0.9635,positivo,,Arctic Shift API
121ee3d859d65db0,devops,2021-08-08T11:16:06+00:00,0.091,0.855,0.053,-0.3182,negativo,,Arctic Shift API
673faa779027cb42,programming,2023-03-08T23:51:27+00:00,0.011,0.881,0.108,0.8645,positivo,,Arctic Shift API
29902c7a708e169c,cscareerquestions,2024-08-28T23:43:53+00:00,0.0,0.798,0.202,0.8225,positivo,,Arctic Shift API
e0b6e2ef65b3ae50,cscareerquestions,2022-06-13T23:45:27+00:00,0.079,0.868,0.053,-0.1742,negativo,,Arctic Shift API
2d88d68d330c1249,devops,2023-07-06T03:22:26+00:00,0.168,0.679,0.152,0.2796,positivo,,Arctic Shift API
cfcf9d29fcf118ec,cscareerquestions,2022-01-12T23:14:56+00:00,0.066,0.899,0.035,-0.5719,negativo,tired,Arctic Shift API
32329055d88cba39,cscareerquestions,2022-11-14T23:23:38+00:00,0.0,0.804,0.196,0.5267,positivo,,Arctic Shift API
d30e7569f2a379c2,devops,2023-02-20T21:57:33+00:00,0.05,0.875,0.075,0.2003,positivo,,Arctic Shift API
00050e5726005e73,devops,2022-11-29T07:26:58+00:00,0.067,0.856,0.077,0.4676,positivo,bug,Arctic Shift API
59483f5f7997b7a8,programming,2021-06-23T23:22:08+00:00,0.0,0.882,0.118,0.6249,positivo,,Arctic Shift API
6c413e2449a3a8e3,cscareerquestions,2023-08-27T01:11:49+00:00,0.051,0.858,0.091,0.265,positivo,incident,Arctic Shift API
e69f417a7344c350,cscareerquestions,2024-05-13T23:56:03+00:00,0.063,0.885,0.052,-0.7003,negativo,,Arctic Shift API
cec5e2ec8968fc8a,programming,2021-11-15T23:12:15+00:00,0.117,0.814,0.068,-0.128,negativo,,Arctic Shift API
da73c5396b7c6fff,devops,2022-06-15T19:20:19+00:00,0.023,0.841,0.136,0.7823,positivo,,Arctic Shift API
f38321322a37b573,devops,2023-04-15T19:55:28+00:00,0.0,0.823,0.177,0.873,positivo,,Arctic Shift API
9781ff8401dd8f95,cscareerquestions,2021-03-23T01:06:20+00:00,0.0,1.0,0.0,0.0,neutro,,Arctic Shift API
0600f7bf40770faa,devops,2024-07-22T14:58:12+00:00,0.0,0.809,0.191,0.9274,positivo,,Arctic Shift API
31ef46913261315e,devops,2021-07-14T16:22:14+00:00,0.021,0.81,0.169,0.9071,positivo,,Arctic Shift API
c73d68da1d7d5000,programming,2024-09-12T00:05:18+00:00,0.0,0.762,0.238,0.3612,positivo,,Arctic Shift API
091aefc5a3ef631c,devops,2024-02-16T00:53:18+00:00,0.034,0.966,0.0,-0.1779,negativo,,Arctic Shift API
465b5d2c73c679f3,cscareerquestions,2023-04-12T23:02:32+00:00,0.183,0.651,0.166,-0.1516,negativo,,Arctic Shift API
2debc1e296d52f5e,devops,2023-08-20T13:33:51+00:00,0.0,0.875,0.125,0.5324,positivo,,Arctic Shift API
5ace1957a49bdb31,cscareerquestions,2024-06-06T00:50:59+00:00,0.0,0.804,0.196,0.7424,positivo,,Arctic Shift API
a21ae21e6cd8cfc4,programming,2024-06-05T21:57:35+00:00,0.0,0.851,0.149,0.5994,positivo,,Arctic Shift API
35dc4a409076265c,devops,2023-12-23T18:56:37+00:00,0.0,1.0,0.0,0.0,neutro,,Arctic Shift API
13a817057cc13a9a,cscareerquestions,2023-09-29T00:34:27+00:00,0.042,0.87,0.088,0.5574,positivo,,Arctic Shift API
b658eba8a7d805f2,devops,2023-06-08T08:40:47+00:00,0.0,0.634,0.366,0.969,positivo,,Arctic Shift API
e5d25fdd66aa1762,programming,2021-09-04T23:16:50+00:00,0.022,0.952,0.026,0.083,positivo,,Arctic Shift API
b1c37a6459a9d9bc,cscareerquestions,2022-11-17T00:34:00+00:00,0.231,0.769,0.0,-0.3404,negativo,,Arctic Shift API
5ae30342c9c427a5,cscareerquestions,2023-10-17T00:50:33+00:00,0.0,0.863,0.137,0.2263,positivo,,Arctic Shift API
8c12c1f9bc2887a6,cscareerquestions,2023-08-04T00:18:51+00:00,0.048,0.807,0.146,0.9529,positivo,,Arctic Shift API
27638cad3c72e3f4,cscareerquestions,2021-10-30T23:44:23+00:00,0.051,0.727,0.222,0.8095,positivo,,Arctic Shift API
c19d481e5c06047e,devops,2024-03-11T22:46:42+00:00,0.043,0.926,0.031,-0.2939,negativo,,Arctic Shift API
11d2acc1072d230a,cscareerquestions,2024-08-13T00:48:17+00:00,0.286,0.714,0.0,-0.4215,negativo,,Arctic Shift API
a8fa4473bb708031,cscareerquestions,2024-08-23T00:01:47+00:00,0.0,0.802,0.198,0.5719,positivo,,Arctic Shift API
7b43aa6d8fbc15c5,programming,2021-10-04T22:23:35+00:00,0.0,0.868,0.132,0.4404,positivo,,Arctic Shift API
f8addaa9623ee170,programming,2022-03-04T00:23:01+00:00,0.178,0.678,0.144,-0.5448,negativo,,Arctic Shift API
e802355a3637beff,devops,2023-08-13T08:02:52+00:00,0.0,0.872,0.128,0.3612,positivo,,Arctic Shift API
859632884c2d6b12,cscareerquestions,2023-01-27T00:16:08+00:00,0.118,0.812,0.07,-0.4144,negativo,,Arctic Shift API
c972e519ae9ef7bb,programming,2022-09-20T02:33:40+00:00,0.0,0.896,0.104,0.4215,positivo,,Arctic Shift API
6693f3ba3788654a,programming,2022-06-24T01:24:42+00:00,0.0,0.593,0.407,0.6705,positivo,,Arctic Shift API
6ef38251f9cfe1ec,programming,2024-10-29T04:57:03+00:00,0.0,1.0,0.0,0.0,neutro,,Arctic Shift API
eb96ef7be897377d,programming,2021-02-02T00:24:57+00:00,0.0,0.96,0.04,0.128,positivo,,Arctic Shift API
e30b0d3e6e6af8ff,programming,2023-03-27T23:10:38+00:00,0.0,0.827,0.173,0.8658,positivo,,Arctic Shift API
5620a8f52e7d01f7,devops,2023-06-26T11:45:40+00:00,0.0,1.0,0.0,0.0,neutro,,Arctic Shift API
1f49919934a3a6b8,programming,2024-10-02T21:53:04+00:00,0.0,0.714,0.286,0.7783,positivo,,Arctic Shift API
bcfd10af3bea6246,cscareerquestions,2022-07-26T00:22:58+00:00,0.048,0.773,0.179,0.8834,positivo,burnout,Arctic Shift API
5af3e6a588bdd767,programming,2022-10-14T00:20:58+00:00,0.223,0.692,0.085,-0.4215,negativo,,Arctic Shift API
b771da90d5277387,programming,2022-03-03T04:18:48+00:00,0.0,0.835,0.165,0.5719,positivo,,Arctic Shift API
bcfd6f7292825932,devops,2021-07-07T21:36:52+00:00,0.036,0.859,0.105,0.7998,positivo,on call,Arctic Shift API
2efdbff9308c29a4,devops,2021-11-16T00:38:43+00:00,0.076,0.783,0.14,0.9508,positivo,,Arctic Shift API
557b08e301f31767,cscareerquestions,2024-08-01T00:12:44+00:00,0.0,1.0,0.0,0.0,neutro,,Arctic Shift API
c63515f96388d32d,cscareerquestions,2022-04-14T00:49:29+00:00,0.0,0.921,0.079,0.4404,positivo,,Arctic Shift API
a59f83a52e113c04,programming,2023-03-18T23:51:54+00:00,0.0,1.0,0.0,0.0,neutro,,Arctic Shift API
46593cb6f01dd41d,cscareerquestions,2024-04-09T00:04:10+00:00,0.0,0.925,0.075,0.4588,positivo,,Arctic Shift API
53bf35d0cd2017de,devops,2024-01-27T19:43:49+00:00,0.0,0.875,0.125,0.8622,positivo,,Arctic Shift API
cedae0ece5a4c512,devops,2023-12-30T19:31:54+00:00,0.109,0.891,0.0,-0.296,negativo,,Arctic Shift API
ddd2cb6583cd5107,cscareerquestions,2021-09-29T23:39:19+00:00,0.0,0.725,0.275,0.6908,positivo,,Arctic Shift API
dc5b70efdd6218a7,devops,2021-09-11T19:54:00+00:00,0.224,0.776,0.0,-0.3818,negativo,,Arctic Shift API
32dee7ae43c7c1f3,devops,2022-07-31T08:28:40+00:00,0.032,0.937,0.031,-0.0258,neutro,,Arctic Shift API
db8374c569acd06b,programming,2022-06-06T23:21:44+00:00,0.0,0.81,0.19,0.7065,positivo,,Arctic Shift API
33b89be8e00424d9,cscareerquestions,2024-05-20T23:18:09+00:00,0.042,0.87,0.088,0.5574,positivo,,Arctic Shift API
b4c5e3c7646490e9,cscareerquestions,2024-07-17T23:48:50+00:00,0.042,0.87,0.088,0.5574,positivo,,Arctic Shift API
6eada71c588dba9e,devops,2024-02-20T04:07:20+00:00,0.218,0.705,0.077,-0.7783,negativo,,Arctic Shift API
a9fc9905aed93644,cscareerquestions,2024-02-09T00:08:10+00:00,0.02,0.931,0.049,0.2732,positivo,,Arctic Shift API
91f0925576c71441,devops,2023-06-04T05:49:47+00:00,0.035,0.896,0.069,0.3919,positivo,,Arctic Shift API
f57235fa09bf3aa0,cscareerquestions,2022-11-12T23:12:53+00:00,0.0,1.0,0.0,0.0,neutro,,Arctic Shift API
70c4a22671a4b3b5,programming,2022-12-20T01:22:07+00:00,0.176,0.704,0.12,-0.2415,negativo,,Arctic Shift API
6402a148f7d1c8b3,programming,2021-11-27T23:39:21+00:00,0.249,0.751,0.0,-0.7684,negativo,,Arctic Shift API
bbaa6d415b9e0ade,devops,2024-04-22T19:51:10+00:00,0.0,0.679,0.321,0.4168,positivo,,Arctic Shift API
31ee5a5dbb8ed791,devops,2021-04-08T18:03:41+00:00,0.0,1.0,0.0,0.0,neutro,,Arctic Shift API
378daf8a6728ae34,devops,2021-01-27T18:19:04+00:00,0.3,0.641,0.059,-0.7978,negativo,,Arctic Shift API
77cc934974b1fd7a,programming,2024-03-27T23:59:06+00:00,0.0,0.8,0.2,0.6124,positivo,,Arctic Shift API
3dc978ba7658e9d3,programming,2024-01-17T22:42:28+00:00,0.213,0.612,0.175,0.0294,neutro,,Arctic Shift API
1619240b90d03ba5,programming,2024-09-02T22:33:07+00:00,0.198,0.688,0.114,-0.9936,negativo,,Arctic Shift API
0e974609ae2b83d5,programming,2023-09-21T04:16:55+00:00,0.0,1.0,0.0,0.0,neutro,,Arctic Shift API
6d4a6da17125a8bf,programming,2024-07-26T04:57:05+00:00,0.0,0.874,0.126,0.9652,positivo,,Arctic Shift API
d3e9752cb2b75b8e,programming,2022-02-15T01:01:57+00:00,0.0,1.0,0.0,0.0,neutro,,Arctic Shift API
a9247d432a51c82d,programming,2022-10-28T01:52:31+00:00,0.0,0.593,0.407,0.5417,positivo,,Arctic Shift API
14681ff7226f3dd1,cscareerquestions,2024-05-19T01:14:07+00:00,0.079,0.863,0.058,-0.2263,negativo,,Arctic Shift API
12796a3d4e9bf5c6,cscareerquestions,2024-05-07T00:33:53+00:00,0.0,0.914,0.086,0.25,positivo,,Arctic Shift API
cb3d128926d5a7cc,devops,2023-02-18T16:11:01+00:00,0.0,0.84,0.16,0.6369,positivo,,Arctic Shift API
c70cc641a5b6943a,programming,2024-04-15T21:15:32+00:00,0.146,0.672,0.182,0.8953,positivo,,Arctic Shift API
ad0917bd61009f21,programming,2024-03-12T01:31:55+00:00,0.069,0.854,0.078,-0.5666,negativo,,Arctic Shift API
64051f2d921d4ae2,cscareerquestions,2021-12-22T23:45:02+00:00,0.0,0.899,0.101,0.2023,positivo,,Arctic Shift API
c0715569615ea903,programming,2023-09-07T00:34:25+00:00,0.095,0.738,0.166,0.3182,positivo,,Arctic Shift API
f8c3c6c936438648,cscareerquestions,2024-06-08T23:50:31+00:00,0.124,0.876,0.0,-0.1419,negativo,,Arctic Shift API
fe6eace54d4bca43,programming,2024-08-05T21:24:46+00:00,0.0,0.8,0.2,0.4574,positivo,,Arctic Shift API
8aefea9425971f4b,devops,2022-11-07T21:01:12+00:00,0.0,1.0,0.0,0.0,neutro,,Arctic Shift API
61912decd72e8209,programming,2024-09-06T01:11:53+00:00,0.043,0.802,0.155,0.7783,positivo,,Arctic Shift API
094560ee17462dd7,devops,2022-09-16T01:41:51+00:00,0.0,1.0,0.0,0.0,neutro,,Arctic Shift API
58f83bd81b94777f,cscareerquestions,2022-01-27T00:31:09+00:00,0.0,0.963,0.037,0.4404,positivo,,Arctic Shift API
dc9a184ee9dd175f,programming,2023-06-04T03:02:46+00:00,0.179,0.821,0.0,-0.8176,negativo,,Arctic Shift API
f950da12499e1eb5,programming,2024-04-05T02:08:26+00:00,0.083,0.9,0.017,-0.9052,negativo,,Arctic Shift API
2fb9c07619d4604a,cscareerquestions,2024-07-27T23:09:07+00:00,0.042,0.87,0.088,0.5574,positivo,,Arctic Shift API
ad988a799695e8eb,programming,2021-06-08T01:51:35+00:00,0.054,0.894,0.052,-0.0258,neutro,,Arctic Shift API
7b3aa472e86784c5,programming,2021-12-19T01:30:21+00:00,0.0,1.0,0.0,0.0,neutro,,Arctic Shift API
6e96ecbd73c524a0,devops,2023-04-14T01:45:19+00:00,0.162,0.838,0.0,-0.7882,negativo,,Arctic Shift API
d6b594c180c6d7cc,cscareerquestions,2023-06-28T23:22:42+00:00,0.186,0.773,0.041,-0.93,negativo,,Arctic Shift API
01154ea4ad0e204d,devops,2021-07-08T02:39:21+00:00,0.0,0.796,0.204,0.9477,positivo,,Arctic Shift API
a72f875785eab726,devops,2022-07-27T19:08:52+00:00,0.045,0.85,0.105,0.3102,positivo,,Arctic Shift API
459e1d06b92d1b17,cscareerquestions,2022-02-25T00:42:18+00:00,0.0,0.827,0.173,0.3182,positivo,,Arctic Shift API
e2031b122ba4c867,programming,2021-01-14T00:19:16+00:00,0.0,0.796,0.204,0.3182,positivo,,Arctic Shift API
06ab3f201273b17f,cscareerquestions,2021-10-24T00:20:11+00:00,0.05,0.753,0.197,0.9917,positivo,stress; stressful,Arctic Shift API
208d2139718d3278,devops,2021-07-28T18:33:19+00:00,0.06,0.922,0.018,-0.5809,negativo,,Arctic Shift API
0bef28666a8c64ab,cscareerquestions,2023-01-29T00:12:36+00:00,0.0,0.738,0.262,0.4404,positivo,,Arctic Shift API
0dcf8a4e71806f5e,devops,2022-07-14T08:04:15+00:00,0.042,0.958,0.0,-0.4767,negativo,,Arctic Shift API
3c38911e9d976cd4,cscareerquestions,2022-03-20T00:52:30+00:00,0.021,0.866,0.113,0.6808,positivo,,Arctic Shift API
ffba02599c87d9af,devops,2021-11-14T11:59:24+00:00,0.241,0.702,0.057,-0.6361,negativo,,Arctic Shift API
c4fbe72396d5f223,cscareerquestions,2024-06-13T00:31:58+00:00,0.0,0.738,0.262,0.359,positivo,,Arctic Shift API
25a47dc1cc92036c,devops,2024-04-11T03:01:26+00:00,0.049,0.851,0.099,0.5574,positivo,,Arctic Shift API
68d20ffc64ff10bd,programming,2024-11-16T21:59:15+00:00,0.0,0.802,0.198,0.6597,positivo,,Arctic Shift API
489812c998633c46,cscareerquestions,2021-01-04T23:54:27+00:00,0.116,0.762,0.122,0.0772,positivo,,Arctic Shift API
05c77d8b117f8aba,devops,2022-12-03T16:57:11+00:00,0.067,0.803,0.13,0.5804,positivo,,Arctic Shift API
5339d5f35ddb48cd,programming,2023-01-26T00:18:27+00:00,0.033,0.85,0.117,0.7876,positivo,,Arctic Shift API
91cda39de4421565,devops,2023-09-21T05:55:29+00:00,0.0,0.797,0.203,0.8574,positivo,,Arctic Shift API
6876b9f30d03b5de,devops,2023-12-14T06:01:06+00:00,0.055,0.831,0.114,0.8094,positivo,,Arctic Shift API
e1bc19c96740acb7,cscareerquestions,2022-06-25T23:25:55+00:00,0.162,0.722,0.116,-0.1531,negativo,,Arctic Shift API
335b6b9770125296,cscareerquestions,2022-11-01T00:19:11+00:00,0.055,0.813,0.131,0.6597,positivo,,Arctic Shift API
3371be485f475601,cscareerquestions,2022-01-08T23:22:12+00:00,0.076,0.733,0.191,0.5854,positivo,,Arctic Shift API
d84634a85ece35ae,devops,2024-10-17T07:09:22+00:00,0.078,0.922,0.0,-0.2748,negativo,stress; stressed,Arctic Shift API
d0805c5b2330e771,programming,2021-03-29T23:22:19+00:00,0.142,0.758,0.1,-0.5709,negativo,,Arctic Shift API
f28f18f6d9df3383,cscareerquestions,2024-06-28T01:00:38+00:00,0.142,0.858,0.0,-0.5379,negativo,,Arctic Shift API
8506690b7938b890,cscareerquestions,2024-10-21T23:19:50+00:00,0.042,0.87,0.088,0.5574,positivo,,Arctic Shift API
5301b992ec3ecbe9,programming,2021-02-19T01:26:31+00:00,0.108,0.701,0.19,0.4316,positivo,,Arctic Shift API
5a71c6cf97f5e3fa,devops,2021-01-22T16:33:45+00:00,0.017,0.851,0.133,0.8398,positivo,,Arctic Shift API
55cc8c6058fb8a85,cscareerquestions,2024-11-11T23:56:29+00:00,0.234,0.625,0.141,-0.4215,negativo,,Arctic Shift API
ca84279c2b728997,programming,2023-05-23T02:38:51+00:00,0.07,0.819,0.111,0.1012,positivo,,Arctic Shift API
7cb456817e5c6aba,programming,2023-11-01T21:55:04+00:00,0.009,0.857,0.134,0.9753,positivo,,Arctic Shift API
518ce2c653fd7859,cscareerquestions,2022-10-08T22:36:25+00:00,0.044,0.857,0.1,0.4215,positivo,,Arctic Shift API
cec6849dc4e498ae,cscareerquestions,2023-11-05T01:04:17+00:00,0.104,0.896,0.0,-0.1027,negativo,,Arctic Shift API
877ae4b037bc1c1c,cscareerquestions,2023-01-19T00:41:11+00:00,0.149,0.851,0.0,-0.1027,negativo,,Arctic Shift API
31d8b2ebc579dd2b,cscareerquestions,2022-01-23T00:35:17+00:00,0.0,0.543,0.457,0.6369,positivo,,Arctic Shift API
a584cf715a9f2002,cscareerquestions,2022-04-23T23:06:39+00:00,0.033,0.85,0.117,0.6988,positivo,,Arctic Shift API
947ff689de88cbaf,devops,2022-03-02T21:35:03+00:00,0.0,0.756,0.244,0.4404,positivo,,Arctic Shift API
634381ab14ff91b0,programming,2021-10-22T00:53:34+00:00,0.135,0.749,0.116,-0.1531,negativo,,Arctic Shift API
8fd13f4324944ae1,cscareerquestions,2024-07-10T23:18:52+00:00,0.0,1.0,0.0,0.0,neutro,,Arctic Shift API
3f44dd841cf57448,devops,2023-11-08T18:55:15+00:00,0.073,0.777,0.15,0.3612,positivo,,Arctic Shift API
734b39b75e9de385,devops,2023-09-23T20:25:10+00:00,0.049,0.853,0.098,0.7579,positivo,,Arctic Shift API
ea7d7ea5d8db68bc,devops,2022-03-06T02:11:21+00:00,0.1,0.862,0.039,-0.471,negativo,,Arctic Shift API
815b029c4f1587b2,devops,2022-10-05T19:18:39+00:00,0.206,0.794,0.0,-0.5267,negativo,on call,Arctic Shift API
9d8fc8bd8484b166,programming,2021-03-19T00:39:14+00:00,0.059,0.749,0.191,0.6249,positivo,,Arctic Shift API
402c150d56a1fcb6,cscareerquestions,2023-07-22T23:31:42+00:00,0.04,0.877,0.083,0.3612,positivo,,Arctic Shift API
7f96b4fc78b99641,devops,2023-03-26T03:50:59+00:00,0.076,0.789,0.135,0.7265,positivo,outage,Arctic Shift API
8d80bb01edb4fdbc,cscareerquestions,2022-02-20T00:22:55+00:00,0.022,0.859,0.119,0.6808,positivo,,Arctic Shift API
db92690bdaee183f,cscareerquestions,2022-08-30T00:46:42+00:00,0.0,0.846,0.154,0.9393,positivo,,Arctic Shift API
84a5a344c1618d11,devops,2022-12-28T23:24:14+00:00,0.104,0.799,0.098,0.2023,positivo,,Arctic Shift API
0186607fa9773da2,programming,2021-05-11T00:54:15+00:00,0.0,0.847,0.153,0.4019,positivo,,Arctic Shift API
9970f9342f598cf0,cscareerquestions,2021-02-25T01:11:45+00:00,0.0,0.937,0.063,0.2716,positivo,,Arctic Shift API
a4c5bfa7c3882eac,programming,2022-03-29T02:38:42+00:00,0.0,1.0,0.0,0.0,neutro,,Arctic Shift API
6769c8649c3287b7,programming,2023-07-26T23:57:10+00:00,0.0,1.0,0.0,0.0,neutro,,Arctic Shift API
0abd89797319efa3,devops,2021-04-06T17:24:38+00:00,0.127,0.873,0.0,-0.4447,negativo,,Arctic Shift API
e8a0dfcbc9c486d8,devops,2022-07-01T06:22:30+00:00,0.042,0.888,0.069,0.6622,positivo,,Arctic Shift API
dd46bd0eeaf4e6e1,cscareerquestions,2021-08-14T23:39:47+00:00,0.091,0.831,0.078,-0.2469,negativo,,Arctic Shift API
6a339d327804cec5,cscareerquestions,2024-03-30T23:18:08+00:00,0.111,0.889,0.0,-0.624,negativo,,Arctic Shift API
e10e9ccf8f66abe4,devops,2024-09-23T21:30:25+00:00,0.0,0.764,0.236,0.8945,positivo,,Arctic Shift API
2d394f2d3b5a760e,cscareerquestions,2021-03-20T22:58:09+00:00,0.063,0.505,0.432,0.9274,positivo,,Arctic Shift API
71844aa22f373d12,programming,2024-01-06T22:51:34+00:00,0.13,0.63,0.239,0.3802,positivo,,Arctic Shift API
9299f0c119240bf3,devops,2022-03-28T15:42:02+00:00,0.078,0.839,0.083,0.3048,positivo,,Arctic Shift API
abb9b62727483419,cscareerquestions,2022-06-20T23:51:02+00:00,0.0,0.721,0.279,0.7876,positivo,,Arctic Shift API
6dfcc3a607d3feec,cscareerquestions,2022-09-29T00:35:01+00:00,0.0,1.0,0.0,0.0,neutro,,Arctic Shift API
be993f6b1f45f9f6,programming,2023-04-03T23:47:20+00:00,0.113,0.634,0.253,0.3481,positivo,,Arctic Shift API
9ce5d460137dad80,programming,2024-03-25T22:48:02+00:00,0.277,0.723,0.0,-0.8744,negativo,,Arctic Shift API
7eacc7adb46b0a4d,devops,2023-09-12T01:17:34+00:00,0.0,1.0,0.0,0.0,neutro,,Arctic Shift API
c811b07f923899ef,cscareerquestions,2023-12-02T23:50:30+00:00,0.046,0.833,0.121,0.5563,positivo,,Arctic Shift API
09fe1acf2840cb52,programming,2023-10-28T22:38:22+00:00,0.128,0.872,0.0,-0.296,negativo,,Arctic Shift API
a4c29389c80be0ae,cscareerquestions,2021-08-01T00:37:37+00:00,0.0,0.413,0.587,0.9215,positivo,,Arctic Shift API
0d6fb59f1a9f8207,cscareerquestions,2021-10-07T00:50:42+00:00,0.0,1.0,0.0,0.0,neutro,,Arctic Shift API
e62cb16a1e54f16f,devops,2022-06-12T02:10:35+00:00,0.122,0.798,0.081,-0.4831,negativo,,Arctic Shift API
13c468fe4fc9de08,cscareerquestions,2024-10-24T00:25:12+00:00,0.0,0.916,0.084,0.4767,positivo,,Arctic Shift API
b2635dc874fc368b,cscareerquestions,2023-05-25T00:34:01+00:00,0.0,1.0,0.0,0.0,neutro,,Arctic Shift API
cd1555844cad1350,cscareerquestions,2024-04-01T23:35:17+00:00,0.042,0.87,0.088,0.5574,positivo,,Arctic Shift API
cfeb6be4600246d4,programming,2023-01-25T22:50:17+00:00,0.0,1.0,0.0,0.0,neutro,,Arctic Shift API
055be986a654f0cf,devops,2024-07-20T23:20:14+00:00,0.0,0.902,0.098,0.2382,positivo,,Arctic Shift API
d3c509130a58fd04,devops,2023-09-11T19:45:08+00:00,0.048,0.766,0.186,0.743,positivo,,Arctic Shift API
66ef348f107d42ab,cscareerquestions,2024-06-04T00:57:42+00:00,0.125,0.651,0.224,0.8439,positivo,,Arctic Shift API
1b6100a545fcf909,programming,2021-04-24T21:04:56+00:00,0.155,0.845,0.0,-0.8844,negativo,,Arctic Shift API
c630054348b55f65,devops,2022-04-09T16:18:01+00:00,0.0,1.0,0.0,0.0,neutro,,Arctic Shift API
2bf150c24306ab49,devops,2024-04-10T22:30:28+00:00,0.111,0.842,0.047,-0.9612,negativo,,Arctic Shift API
ff9c02ee2fc787af,cscareerquestions,2022-09-10T23:33:52+00:00,0.084,0.822,0.094,-0.3176,negativo,,Arctic Shift API
2e23cbbf00ac6ee1,cscareerquestions,2021-12-13T23:50:43+00:00,0.076,0.855,0.069,0.583,positivo,,Arctic Shift API
f6fc85546495ab46,cscareerquestions,2024-06-12T23:32:30+00:00,0.0,0.765,0.235,0.7906,positivo,,Arctic Shift API
b924fd764862d2a9,programming,2021-09-17T05:31:48+00:00,0.213,0.651,0.136,-0.3182,negativo,,Arctic Shift API
74a8825dc228c353,devops,2023-05-08T23:04:53+00:00,0.152,0.848,0.0,-0.3612,negativo,,Arctic Shift API
c308f9721cb892e4,programming,2024-01-25T01:15:36+00:00,0.0,0.864,0.136,0.296,positivo,,Arctic Shift API
9374041225a9db54,cscareerquestions,2021-09-14T00:11:09+00:00,0.02,0.857,0.123,0.7096,positivo,,Arctic Shift API
44123cc165ee2d28,devops,2022-04-06T21:07:59+00:00,0.0,0.659,0.341,0.6908,positivo,,Arctic Shift API
6cfe344391d94351,cscareerquestions,2022-02-21T23:31:17+00:00,0.1,0.531,0.369,0.9034,positivo,,Arctic Shift API
d1ce99843d2f348b,devops,2023-07-26T21:22:04+00:00,0.0,1.0,0.0,0.0,neutro,,Arctic Shift API
19611a902ef22bee,programming,2024-06-14T01:31:51+00:00,0.021,0.846,0.132,0.8248,positivo,,Arctic Shift API
fe270f2128cd7969,programming,2021-05-13T01:17:27+00:00,0.0,0.828,0.172,0.4404,positivo,,Arctic Shift API
277966c2aa4769fc,devops,2021-01-04T10:09:50+00:00,0.0,1.0,0.0,0.0,neutro,,Arctic Shift API
75f9fdde5e7b6a86,programming,2022-01-25T01:12:13+00:00,0.23,0.77,0.0,-0.7992,negativo,,Arctic Shift API
b8193da6d029236c,cscareerquestions,2023-11-07T00:12:26+00:00,0.0,0.931,0.069,0.3087,positivo,,Arctic Shift API
c10077fcc0cfe9a5,cscareerquestions,2023-11-22T22:46:43+00:00,0.139,0.66,0.201,0.1494,positivo,,Arctic Shift API
f2ff0c0701d42db8,cscareerquestions,2021-03-26T00:21:56+00:00,0.033,0.872,0.095,0.7002,positivo,,Arctic Shift API
8fdfd3b018122494,programming,2023-09-28T00:05:21+00:00,0.0,0.855,0.145,0.8519,positivo,,Arctic Shift API
a0cd1c78731cb86b,programming,2022-05-21T20:42:15+00:00,0.12,0.815,0.066,-0.6249,negativo,tired,Arctic Shift API
d9695dd5b03a2aff,programming,2023-12-18T22:17:42+00:00,0.118,0.428,0.454,0.6022,positivo,,Arctic Shift API
3ea219615d702337,programming,2023-12-07T01:18:23+00:00,0.027,0.864,0.109,0.9094,positivo,,Arctic Shift API
d5c107609e62d515,cscareerquestions,2023-06-09T00:46:11+00:00,0.0,0.792,0.208,0.8965,positivo,,Arctic Shift API
329d36326e578ac4,cscareerquestions,2021-01-03T00:07:11+00:00,0.0,1.0,0.0,0.0,neutro,,Arctic Shift API
8c1f4a453ab6e67d,programming,2023-04-27T00:17:17+00:00,0.0,1.0,0.0,0.0,neutro,,Arctic Shift API
e6b37151e7a48594,devops,2022-08-21T07:06:51+00:00,0.0,0.865,0.135,0.3612,positivo,,Arctic Shift API
49f158a1f19bda05,programming,2023-09-09T23:37:25+00:00,0.162,0.838,0.0,-0.4019,negativo,,Arctic Shift API
172e5fb38a1b8993,cscareerquestions,2023-04-18T00:27:01+00:00,0.0,1.0,0.0,0.0,neutro,,Arctic Shift API
4596e3721269a7b9,cscareerquestions,2023-05-14T00:33:06+00:00,0.125,0.875,0.0,-0.7041,negativo,,Arctic Shift API
768f71841a1b1691,programming,2024-09-09T22:12:38+00:00,0.0,0.804,0.196,0.9524,positivo,,Arctic Shift API
81254ea7407db3b0,devops,2021-09-25T13:16:02+00:00,0.028,0.933,0.039,0.168,positivo,,Arctic Shift API
ad5c97fdfd8b0ce9,cscareerquestions,2023-03-10T00:17:16+00:00,0.0,0.845,0.155,0.5093,positivo,,Arctic Shift API
b0fe3ed19fd502af,programming,2022-01-04T02:51:39+00:00,0.05,0.905,0.045,0.0762,positivo,,Arctic Shift API
dbecb6ce2916805b,cscareerquestions,2023-03-09T00:07:00+00:00,0.099,0.845,0.057,0.0736,positivo,bug,Arctic Shift API
f8369590503757bd,programming,2024-11-23T20:53:05+00:00,0.127,0.776,0.097,-0.7241,negativo,,Arctic Shift API
e07137f8cabc6e04,devops,2023-07-22T15:52:15+00:00,0.043,0.957,0.0,-0.1531,negativo,,Arctic Shift API
ff8f036e40690c87,programming,2023-08-09T21:42:07+00:00,0.092,0.814,0.095,0.0258,neutro,,Arctic Shift API
db35dc461bdced60,programming,2023-05-14T04:47:22+00:00,0.0,0.862,0.138,0.8346,positivo,,Arctic Shift API
9e7fc560e01df86a,cscareerquestions,2024-01-08T23:44:49+00:00,0.034,0.91,0.056,0.1912,positivo,,Arctic Shift API
d2cbf076806d197e,programming,2024-02-04T04:12:02+00:00,0.104,0.698,0.198,0.7419,positivo,,Arctic Shift API
0baf57d3ce9fd199,devops,2024-03-07T00:07:18+00:00,0.044,0.869,0.087,0.4019,positivo,,Arctic Shift API
d0c34c5d98d0f199,programming,2023-01-06T02:21:56+00:00,0.095,0.778,0.127,0.3962,positivo,,Arctic Shift API
8793edc61ede8232,devops,2023-07-13T07:09:58+00:00,0.0,0.786,0.214,0.4588,positivo,,Arctic Shift API
8e73304d563e4b93,cscareerquestions,2021-09-02T00:42:59+00:00,0.026,0.818,0.156,0.7579,positivo,,Arctic Shift API
3efdc1277495d688,devops,2022-05-11T16:48:22+00:00,0.0,0.919,0.081,0.7096,positivo,,Arctic Shift API
908df184cf25b7bd,devops,2024-04-15T21:26:59+00:00,0.055,0.82,0.125,0.9168,positivo,,Arctic Shift API
80918b93fa74207c,cscareerquestions,2024-04-17T23:24:39+00:00,0.031,0.935,0.034,0.0772,positivo,,Arctic Shift API
9e219f91370cf14f,devops,2022-04-03T04:57:21+00:00,0.0,0.856,0.144,0.8519,positivo,,Arctic Shift API
21dd24b53c0587d7,devops,2021-11-11T15:10:08+00:00,0.0,1.0,0.0,0.0,neutro,,Arctic Shift API
2e298228cd308136,programming,2022-07-10T00:46:07+00:00,0.04,0.871,0.088,0.5994,positivo,,Arctic Shift API
1a793b157adbb209,cscareerquestions,2024-07-30T01:16:48+00:00,0.042,0.87,0.088,0.5574,positivo,,Arctic Shift API
716e70dcaedd9651,devops,2023-08-23T23:52:18+00:00,0.0,1.0,0.0,0.0,neutro,,Arctic Shift API
909b7374901b5a83,cscareerquestions,2024-03-01T00:25:59+00:00,0.0,0.776,0.224,0.3818,positivo,,Arctic Shift API
ee2dac8f2d1bc4ff,devops,2024-10-29T05:13:58+00:00,0.0,0.726,0.274,0.8805,positivo,,Arctic Shift API
5f9c2bb5af45f7a7,programming,2021-10-08T01:30:40+00:00,0.221,0.574,0.205,-0.0498,neutro,,Arctic Shift API
d089cfa4ba106449,cscareerquestions,2023-02-08T23:52:15+00:00,0.056,0.63,0.314,0.948,positivo,,Arctic Shift API
5724aac3336b5fa6,programming,2022-08-27T20:23:55+00:00,0.0,1.0,0.0,0.0,neutro,,Arctic Shift API
1556292f9e0181a4,devops,2022-12-25T21:22:35+00:00,0.178,0.822,0.0,-0.0772,negativo,,Arctic Shift API
5fe9d0793c37d1bf,devops,2023-09-14T04:42:49+00:00,0.084,0.894,0.022,-0.4576,negativo,,Arctic Shift API
451b8570ecd9c5a7,programming,2022-09-17T23:06:08+00:00,0.205,0.795,0.0,-0.5965,negativo,,Arctic Shift API
1af05e6a8c53e866,programming,2024-12-05T00:28:32+00:00,0.0,1.0,0.0,0.0,neutro,,Arctic Shift API
adc77223558d6af5,programming,2021-05-05T23:29:28+00:00,0.022,0.898,0.081,0.7439,positivo,,Arctic Shift API
b30065233561194f,programming,2024-07-17T22:40:22+00:00,0.0,0.675,0.325,0.4391,positivo,,Arctic Shift API
7d866559606fd543,cscareerquestions,2024-11-08T00:08:46+00:00,0.231,0.612,0.156,-0.2729,negativo,,Arctic Shift API
38c1afa04960ff04,programming,2023-09-26T00:56:16+00:00,0.0,0.741,0.259,0.4199,positivo,,Arctic Shift API
4d8bc55bc51024be,programming,2022-04-29T02:04:15+00:00,0.0,1.0,0.0,0.0,neutro,,Arctic Shift API
fe4728fcd85986a9,devops,2023-09-15T09:15:59+00:00,0.0,0.725,0.275,0.2263,positivo,,Arctic Shift API
f19095b01113ddb7,programming,2021-04-06T01:38:48+00:00,0.049,0.951,0.0,-0.2755,negativo,,Arctic Shift API
081beb233688b757,programming,2023-04-28T00:49:07+00:00,0.0,0.708,0.292,0.6808,positivo,,Arctic Shift API
cd40898bf675fc49,programming,2021-11-02T01:52:13+00:00,0.015,0.921,0.064,0.5208,positivo,bug,Arctic Shift API
ef63dcd2a7617959,cscareerquestions,2022-03-28T23:54:10+00:00,0.0,1.0,0.0,0.0,neutro,,Arctic Shift API
e7d1b9084a7de636,programming,2021-02-20T22:46:19+00:00,0.017,0.868,0.115,0.9808,positivo,bug,Arctic Shift API
336e994b724c05e4,programming,2021-04-24T22:30:15+00:00,0.0,1.0,0.0,0.0,neutro,,Arctic Shift API
4238e566e42cbd5f,devops,2023-11-22T19:12:25+00:00,0.0,0.761,0.239,0.8176,positivo,,Arctic Shift API
ce3250cfe3b9ed14,devops,2021-03-09T04:00:56+00:00,0.097,0.745,0.159,0.3612,positivo,exhausting,Arctic Shift API
67d78e235fc8b908,cscareerquestions,2022-04-15T00:01:39+00:00,0.0,0.928,0.072,0.3612,positivo,,Arctic Shift API
917fbe5601924b13,programming,2022-11-02T22:49:03+00:00,0.0,1.0,0.0,0.0,neutro,,Arctic Shift API
4bda0040cb1c752d,cscareerquestions,2022-01-21T00:03:09+00:00,0.041,0.768,0.191,0.7939,positivo,,Arctic Shift API
784df21fbfa017a2,programming,2022-05-13T01:51:34+00:00,0.353,0.647,0.0,-0.872,negativo,stress,Arctic Shift API
5cb04c9fcb3f72a2,cscareerquestions,2023-03-19T00:03:24+00:00,0.134,0.806,0.06,-0.3724,negativo,,Arctic Shift API
669f71a590dbb2b6,devops,2022-05-10T03:32:03+00:00,0.087,0.828,0.085,-0.0094,neutro,,Arctic Shift API
d0468bc4759b94d9,cscareerquestions,2021-11-22T23:16:12+00:00,0.075,0.925,0.0,-0.3089,negativo,,Arctic Shift API
9d4468605d018708,cscareerquestions,2023-10-31T00:51:53+00:00,0.0,0.575,0.425,0.9161,positivo,,Arctic Shift API
7c60e5d783b29883,devops,2021-06-28T22:15:12+00:00,0.0,0.914,0.086,0.1531,positivo,,Arctic Shift API
51f053301e2e34f6,programming,2022-03-26T20:40:55+00:00,0.051,0.863,0.086,0.2263,positivo,,Arctic Shift API
25fac601dba62d71,cscareerquestions,2021-04-07T22:51:40+00:00,0.085,0.915,0.0,-0.4158,negativo,,Arctic Shift API
984118bf612b81b9,devops,2023-08-17T00:29:25+00:00,0.113,0.887,0.0,-0.1027,negativo,,Arctic Shift API
fc5c3aa3b47c82dd,programming,2021-01-17T01:42:02+00:00,0.161,0.586,0.253,0.9144,positivo,,Arctic Shift API
adf5f2b9f1cb9bf6,cscareerquestions,2021-04-20T01:00:35+00:00,0.071,0.741,0.188,0.8121,positivo,,Arctic Shift API
7ad1100c244128b1,cscareerquestions,2021-01-14T00:16:44+00:00,0.022,0.941,0.037,0.5013,positivo,,Arctic Shift API
f39849481cd10c26,cscareerquestions,2022-01-30T00:29:14+00:00,0.0,0.706,0.294,0.6124,positivo,,Arctic Shift API
a9a8d028212c4f6d,cscareerquestions,2023-09-11T23:53:08+00:00,0.156,0.844,0.0,-0.7435,negativo,,Arctic Shift API
4aa7fe265e79d489,cscareerquestions,2023-02-14T00:06:00+00:00,0.0,0.678,0.322,0.6458,positivo,,Arctic Shift API
7dddc5cf13a09e21,cscareerquestions,2022-12-15T00:17:14+00:00,0.0,0.851,0.149,0.4215,positivo,,Arctic Shift API
d561f654e6b29a6e,cscareerquestions,2023-07-17T23:47:33+00:00,0.073,0.842,0.085,0.3854,positivo,,Arctic Shift API
e476c202a2586354,programming,2022-09-02T04:58:22+00:00,0.152,0.782,0.067,-0.9877,negativo,,Arctic Shift API
76b4b03d03a618ac,programming,2021-11-03T23:12:05+00:00,0.055,0.861,0.084,0.3612,positivo,,Arctic Shift API
498fbdf4484a6ac4,cscareerquestions,2021-12-21T00:15:18+00:00,0.109,0.664,0.227,0.25,positivo,,Arctic Shift API
4ee301b94a5baefb,cscareerquestions,2024-04-10T23:50:48+00:00,0.0,0.787,0.213,0.6597,positivo,,Arctic Shift API
b3f991a181f4f6b3,devops,2022-12-31T15:33:40+00:00,0.0,1.0,0.0,0.0,neutro,,Arctic Shift API
bb2814ca2f75fe58,cscareerquestions,2023-03-17T00:50:55+00:00,0.042,0.87,0.088,0.5574,positivo,,Arctic Shift API
e6ed84d701887cf9,cscareerquestions,2024-09-04T23:55:22+00:00,0.0,0.805,0.195,0.7003,positivo,,Arctic Shift API
336e2e4b3ae961a6,programming,2023-04-02T01:45:57+00:00,0.017,0.909,0.074,0.8735,positivo,,Arctic Shift API
44039e437d1b4bea,programming,2021-01-19T00:39:30+00:00,0.068,0.822,0.11,0.2064,positivo,,Arctic Shift API
3bd20e034ad36179,programming,2021-10-27T21:57:29+00:00,0.126,0.664,0.211,0.5563,positivo,,Arctic Shift API
a9c2ed338be57c00,programming,2023-07-23T02:32:16+00:00,0.118,0.83,0.052,-0.3474,negativo,,Arctic Shift API
77c719fc68c265ee,cscareerquestions,2024-01-16T00:51:41+00:00,0.0,0.873,0.127,0.296,positivo,,Arctic Shift API
f2d86234d294ccfd,cscareerquestions,2024-10-13T00:19:47+00:00,0.015,0.772,0.213,0.9568,positivo,,Arctic Shift API
5d87943c1c2b8c2b,programming,2022-05-07T23:24:09+00:00,0.0,0.756,0.244,0.4404,positivo,,Arctic Shift API
d37ed1a17b58dcf9,cscareerquestions,2023-08-23T23:26:44+00:00,0.0,0.732,0.268,0.6705,positivo,,Arctic Shift API
287250d715aa0f9d,devops,2022-03-04T13:22:56+00:00,0.0,0.812,0.188,0.3716,positivo,,Arctic Shift API
61a424c7d81b0985,devops,2021-06-16T19:03:26+00:00,0.038,0.777,0.185,0.6877,positivo,,Arctic Shift API
69d56fa35fde9951,cscareerquestions,2022-03-14T23:56:10+00:00,0.0,1.0,0.0,0.0,neutro,,Arctic Shift API
48e7395d305bbbfe,programming,2024-05-30T07:22:27+00:00,0.0,0.802,0.198,0.9011,positivo,,Arctic Shift API
c29e658ee758d72a,devops,2021-07-14T19:34:43+00:00,0.0,0.844,0.156,0.4019,positivo,,Arctic Shift API
2a5e2bf5c343bc01,devops,2023-02-10T04:47:36+00:00,0.111,0.835,0.054,-0.4019,negativo,,Arctic Shift API
c80e68b13984fb07,devops,2022-03-08T00:09:29+00:00,0.0,0.86,0.14,0.8074,positivo,,Arctic Shift API
ce326cebcd21e79d,devops,2022-07-20T21:18:35+00:00,0.0,0.563,0.437,0.6369,positivo,,Arctic Shift API
729e7300a35589c9,devops,2022-06-04T12:40:49+00:00,0.03,0.822,0.148,0.6478,positivo,,Arctic Shift API
52edb134454540fe,devops,2021-08-22T05:04:53+00:00,0.0,1.0,0.0,0.0,neutro,,Arctic Shift API
9e8e0149fe6333c4,programming,2022-01-27T00:51:51+00:00,0.047,0.953,0.0,-0.0572,negativo,,Arctic Shift API
887e681704365ec1,programming,2022-03-03T03:07:26+00:00,0.114,0.773,0.114,0.0,neutro,,Arctic Shift API
198332c6a28d6448,cscareerquestions,2022-07-22T00:00:58+00:00,0.113,0.887,0.0,-0.1027,negativo,,Arctic Shift API
d06867edbe39ee92,programming,2022-08-29T22:12:27+00:00,0.0,1.0,0.0,0.0,neutro,,Arctic Shift API
4f16ed9ddabb4e9e,devops,2021-07-14T23:00:23+00:00,0.0,0.792,0.208,0.2732,positivo,,Arctic Shift API
7295d3ece0db93fe,programming,2021-10-08T00:25:03+00:00,0.0,1.0,0.0,0.0,neutro,,Arctic Shift API
37c7361a4c660ddb,cscareerquestions,2023-05-20T23:34:17+00:00,0.0,0.921,0.079,0.2023,positivo,,Arctic Shift API
8436f7663795bac6,devops,2021-12-20T21:13:10+00:00,0.138,0.611,0.251,0.8645,positivo,,Arctic Shift API
336b9c292f2249b6,programming,2023-03-01T21:55:42+00:00,0.072,0.892,0.037,-0.4261,negativo,,Arctic Shift API
c140a582be137c3d,cscareerquestions,2023-04-07T00:07:42+00:00,0.0,0.861,0.139,0.2732,positivo,,Arctic Shift API
323641070e88cf9f,programming,2023-09-09T22:44:22+00:00,0.016,0.815,0.169,0.9153,positivo,,Arctic Shift API
b8dd37ff7759ea1a,cscareerquestions,2022-07-27T23:36:16+00:00,0.102,0.833,0.065,-0.296,negativo,,Arctic Shift API
640130e91f6407b4,devops,2024-10-21T21:03:45+00:00,0.0,1.0,0.0,0.0,neutro,,Arctic Shift API
0f97591c203c2b2e,devops,2022-07-24T02:23:53+00:00,0.0,0.911,0.089,0.7906,positivo,,Arctic Shift API
d54c0713a49c98d7,cscareerquestions,2022-05-23T23:59:15+00:00,0.104,0.785,0.111,0.3314,positivo,,Arctic Shift API
a759ab98aae5f700,cscareerquestions,2024-01-24T23:10:25+00:00,0.225,0.775,0.0,-0.8339,negativo,,Arctic Shift API
d014c2231380af35,cscareerquestions,2023-12-25T23:11:50+00:00,0.0,0.866,0.134,0.5023,positivo,,Arctic Shift API
07f48acf2fb08201,programming,2024-12-30T21:20:13+00:00,0.0,0.722,0.278,0.8271,positivo,,Arctic Shift API
4a2d474b96baeb07,devops,2023-04-10T21:21:17+00:00,0.162,0.262,0.576,0.8576,positivo,,Arctic Shift API
5ea115b70d68f313,cscareerquestions,2021-04-09T00:23:54+00:00,0.043,0.842,0.115,0.6258,positivo,,Arctic Shift API
aa9ca830b984743f,cscareerquestions,2021-06-30T23:50:17+00:00,0.0,1.0,0.0,0.0,neutro,,Arctic Shift API
8c9080c04da8d9c0,programming,2021-05-19T22:05:37+00:00,0.0,1.0,0.0,0.0,neutro,,Arctic Shift API
7ea39212cdd68092,programming,2024-12-29T03:11:39+00:00,0.083,0.885,0.032,-0.5967,negativo,,Arctic Shift API
2a73a13326526567,cscareerquestions,2024-06-16T00:09:45+00:00,0.0,0.867,0.133,0.1531,positivo,,Arctic Shift API
6512f30805aa48ee,programming,2021-03-05T02:06:11+00:00,0.0,0.92,0.08,0.3657,positivo,,Arctic Shift API
6c73ee016cb06ed1,programming,2024-08-08T02:18:24+00:00,0.12,0.833,0.047,-0.4215,negativo,,Arctic Shift API
f12e85f4442b8bec,programming,2021-12-26T02:18:08+00:00,0.194,0.66,0.146,-0.6166,negativo,,Arctic Shift API
03f59d500ec937ce,cscareerquestions,2024-01-29T23:55:49+00:00,0.135,0.813,0.052,-0.8813,negativo,,Arctic Shift API
9ee9ae4abc8340e1,devops,2024-12-05T12:10:32+00:00,0.179,0.821,0.0,-0.34,negativo,stress; stressed,Arctic Shift API
c618291c1295bd9a,cscareerquestions,2022-09-08T00:51:49+00:00,0.0,1.0,0.0,0.0,neutro,,Arctic Shift API
df5f9e6b22e181e9,programming,2022-03-29T00:13:58+00:00,0.096,0.69,0.214,0.9132,positivo,,Arctic Shift API
0ad613a2268e66ee,cscareerquestions,2024-11-01T00:26:02+00:00,0.0,0.939,0.061,0.2755,positivo,,Arctic Shift API
acafc05f9d920c3e,programming,2021-03-30T00:49:17+00:00,0.119,0.847,0.033,-0.7351,negativo,,Arctic Shift API
bb25735d2ac0ab98,programming,2023-05-26T03:28:11+00:00,0.083,0.802,0.114,0.8834,positivo,,Arctic Shift API
cf8882b0e771d300,programming,2022-03-22T00:41:20+00:00,0.069,0.823,0.109,0.3331,positivo,,Arctic Shift API
106bc293a8b91565,programming,2023-08-13T08:02:54+00:00,0.0,1.0,0.0,0.0,neutro,,Arctic Shift API
f4d7036e5d9aeca8,programming,2023-03-30T00:30:31+00:00,0.0,0.895,0.105,0.6124,positivo,,Arctic Shift API
9f63aad9083d9a8e,cscareerquestions,2022-01-06T00:12:53+00:00,0.0,1.0,0.0,0.0,neutro,,Arctic Shift API
8da2c4fa680376af,programming,2022-01-30T01:28:02+00:00,0.0,0.741,0.259,0.7184,positivo,,Arctic Shift API
4abd520f3366af49,devops,2024-04-16T05:14:57+00:00,0.0,0.844,0.156,0.8765,positivo,,Arctic Shift API
7a5a7280ab74cc55,cscareerquestions,2024-07-29T22:48:38+00:00,0.083,0.917,0.0,-0.4215,negativo,,Arctic Shift API
cc2b4e636782db67,programming,2021-12-24T01:12:55+00:00,0.064,0.936,0.0,-0.395,negativo,,Arctic Shift API
790c033900351fa4,programming,2021-12-11T23:44:21+00:00,0.153,0.551,0.297,0.5267,positivo,,Arctic Shift API
3b3d62a97e38e8e5,devops,2022-07-26T03:19:27+00:00,0.113,0.528,0.359,0.7184,positivo,,Arctic Shift API
a5433b7d6c068b27,programming,2021-05-08T23:46:22+00:00,0.0,0.902,0.098,0.4449,positivo,,Arctic Shift API
53469abf589e9108,cscareerquestions,2023-11-06T22:53:49+00:00,0.137,0.749,0.114,-0.1877,negativo,,Arctic Shift API
dac9a822e6077998,programming,2021-01-24T03:12:14+00:00,0.0,0.654,0.346,0.936,positivo,,Arctic Shift API
6983e8aa8a15cb18,programming,2023-12-05T01:42:38+00:00,0.0,0.863,0.137,0.4329,positivo,,Arctic Shift API
ccc3e7d9a8e6bea5,programming,2024-03-17T01:22:07+00:00,0.084,0.841,0.074,-0.0883,negativo,,Arctic Shift API
8d42b7236149153f,devops,2024-04-04T04:45:24+00:00,0.0,1.0,0.0,0.0,neutro,,Arctic Shift API
733d0a09a16e9d00,devops,2024-07-27T17:35:46+00:00,0.0,0.787,0.213,0.4215,positivo,,Arctic Shift API
6546bc78f5a6059a,cscareerquestions,2023-12-25T23:27:49+00:00,0.0,1.0,0.0,0.0,neutro,,Arctic Shift API
cb07b5461c58af9a,cscareerquestions,2021-04-18T01:18:52+00:00,0.0,0.92,0.08,0.4588,positivo,,Arctic Shift API
7d0c0a518b34ffd7,cscareerquestions,2021-08-09T23:52:28+00:00,0.0,0.856,0.144,0.2144,positivo,,Arctic Shift API
eb341142accff3dd,programming,2023-10-18T23:49:02+00:00,0.265,0.612,0.122,-0.5046,negativo,,Arctic Shift API
ca4cba0001f764d5,devops,2023-12-05T00:00:35+00:00,0.035,0.923,0.042,-0.0772,negativo,,Arctic Shift API
86af2d40adc7adb6,programming,2023-01-14T20:25:12+00:00,0.057,0.709,0.233,0.6395,positivo,,Arctic Shift API
2e115f007cbe2916,programming,2023-11-26T02:32:23+00:00,0.253,0.526,0.221,-0.5591,negativo,,Arctic Shift API
364cbd577f90fe4d,programming,2021-01-26T01:08:53+00:00,0.201,0.764,0.035,-0.9182,negativo,,Arctic Shift API
f765e03c3b2ca695,cscareerquestions,2021-05-10T23:23:03+00:00,0.038,0.746,0.216,0.7964,positivo,,Arctic Shift API
093b8fe63fae64d5,devops,2023-09-12T04:38:03+00:00,0.0,1.0,0.0,0.0,neutro,,Arctic Shift API
9e741fe707a5af00,programming,2022-06-19T03:48:27+00:00,0.0,0.861,0.139,0.2732,positivo,,Arctic Shift API
482fd9d7b7f64e18,devops,2022-03-08T06:02:26+00:00,0.0,1.0,0.0,0.0,neutro,,Arctic Shift API
5cf182ff9721fbc7,devops,2024-01-31T21:40:28+00:00,0.08,0.92,0.0,-0.2732,negativo,,Arctic Shift API
599f8dfed7c5f1eb,devops,2021-05-26T00:55:41+00:00,0.0,0.97,0.03,0.3818,positivo,,Arctic Shift API
84efad08b44744bf,devops,2024-03-16T22:50:54+00:00,0.045,0.827,0.127,0.5827,positivo,,Arctic Shift API
fd40c0510b569c38,programming,2022-07-20T23:21:26+00:00,0.0,1.0,0.0,0.0,neutro,,Arctic Shift API
d1ebf6c10705b04f,cscareerquestions,2024-06-19T23:54:53+00:00,0.115,0.651,0.234,0.4767,positivo,,Arctic Shift API
54dd532a34248834,programming,2023-07-22T20:53:28+00:00,0.0,0.777,0.223,0.3182,positivo,,Arctic Shift API
7f23e36c526ff943,programming,2024-12-06T02:13:44+00:00,0.0,1.0,0.0,0.0,neutro,,Arctic Shift API
b657b2a0611b2613,cscareerquestions,2022-02-01T00:17:23+00:00,0.0,0.884,0.116,0.6654,positivo,,Arctic Shift API
554a1190b9a2e22a,devops,2022-07-11T18:57:26+00:00,0.0,1.0,0.0,0.0,neutro,,Arctic Shift API
7ea4490b4dc4a0bf,devops,2022-09-20T06:03:11+00:00,0.0,0.687,0.313,0.9675,positivo,,Arctic Shift API
fb29f8e31a37e91c,devops,2024-12-22T10:31:05+00:00,0.02,0.823,0.157,0.886,positivo,,Arctic Shift API
25628f7c91ebb8ba,devops,2024-12-03T01:46:20+00:00,0.029,0.909,0.062,0.8925,positivo,,Arctic Shift API
233fd9a9329cf8d0,cscareerquestions,2022-12-18T00:26:37+00:00,0.307,0.693,0.0,-0.4767,negativo,,Arctic Shift API
88e4df51790dbd9f,devops,2021-09-10T08:06:42+00:00,0.052,0.829,0.118,0.4252,positivo,,Arctic Shift API
21dcb814841ebeac,programming,2021-12-23T00:23:19+00:00,0.058,0.921,0.02,-0.5859,negativo,,Arctic Shift API
693470c589a65647,devops,2022-05-06T09:53:06+00:00,0.0,1.0,0.0,0.0,neutro,,Arctic Shift API
b5b9ddd6030cbb20,devops,2021-04-04T17:02:31+00:00,0.0,1.0,0.0,0.0,neutro,,Arctic Shift API
fc66f1f7126cd76a,devops,2022-09-27T05:50:40+00:00,0.0,0.865,0.135,0.3612,positivo,,Arctic Shift API
ef5d3a8ede9746fa,cscareerquestions,2023-09-29T00:29:30+00:00,0.0,0.826,0.174,0.9643,positivo,,Arctic Shift API
77de57daaf8f8435,devops,2021-05-05T17:52:37+00:00,0.015,0.948,0.037,0.2903,positivo,,Arctic Shift API
2323d0698cef1a74,devops,2021-06-21T22:46:05+00:00,0.318,0.682,0.0,-0.7227,negativo,,Arctic Shift API
33c8e46ce7dbe18b,devops,2023-03-01T23:55:45+00:00,0.0,0.832,0.168,0.7684,positivo,,Arctic Shift API
818daa3f1b71f3e7,devops,2024-04-11T01:00:48+00:00,0.096,0.904,0.0,-0.5423,negativo,,Arctic Shift API
295bb7462d7bfc40,devops,2024-05-09T04:09:55+00:00,0.0,0.714,0.286,0.802,positivo,,Arctic Shift API
c3519d34076b99df,programming,2021-07-05T23:56:54+00:00,0.0,1.0,0.0,0.0,neutro,,Arctic Shift API
d472f73a3faa7a86,programming,2023-02-06T23:26:52+00:00,0.0,0.918,0.082,0.3612,positivo,,Arctic Shift API
6cf71f90637b09cf,devops,2021-01-23T15:03:27+00:00,0.0,0.91,0.09,0.5927,positivo,,Arctic Shift API
7609704a0b0005d0,programming,2024-06-21T04:55:35+00:00,0.0,0.764,0.236,0.9867,positivo,,Arctic Shift API
d87093f2fadbe4d8,cscareerquestions,2023-03-24T00:33:09+00:00,0.188,0.812,0.0,-0.6705,negativo,,Arctic Shift API
85cfaa8c2e6ed528,devops,2024-10-26T23:37:26+00:00,0.062,0.938,0.0,-0.2144,negativo,,Arctic Shift API
4a2240cc74a900ce,programming,2022-06-30T00:50:39+00:00,0.036,0.837,0.127,0.9215,positivo,,Arctic Shift API
60de942ad91c4b82,cscareerquestions,2023-03-08T23:32:24+00:00,0.052,0.86,0.088,0.3543,positivo,,Arctic Shift API
71b4896c7d21c547,cscareerquestions,2021-04-25T01:08:36+00:00,0.191,0.7,0.109,-0.2732,negativo,,Arctic Shift API
8fd4afcf13c855e5,devops,2021-04-29T06:55:10+00:00,0.0,0.861,0.139,0.2732,positivo,,Arctic Shift API
05db566c49df3125,programming,2023-08-31T00:38:30+00:00,0.0,1.0,0.0,0.0,neutro,,Arctic Shift API
a658f2d94f107eaa,cscareerquestions,2024-03-01T00:41:55+00:00,0.042,0.87,0.088,0.5574,positivo,,Arctic Shift API
43da0804a947285e,devops,2023-01-15T06:54:31+00:00,0.0,0.796,0.204,0.3182,positivo,,Arctic Shift API
17f57b884b0feb83,devops,2022-04-16T22:47:24+00:00,0.322,0.654,0.024,-0.9974,negativo,,Arctic Shift API
3dccb112afa41349,devops,2023-02-10T00:45:47+00:00,0.145,0.71,0.145,0.0,neutro,,Arctic Shift API
141ebff7b7c2fdb9,devops,2021-11-27T18:58:46+00:00,0.063,0.885,0.052,-0.2617,negativo,,Arctic Shift API
e3775d59936054f0,devops,2022-12-05T16:36:45+00:00,0.059,0.668,0.273,0.7935,positivo,,Arctic Shift API
1a37b4819a7af64d,devops,2021-02-22T20:14:37+00:00,0.03,0.885,0.085,0.4939,positivo,,Arctic Shift API
318d3d0c83fbe45f,devops,2022-04-05T10:24:18+00:00,0.0,0.893,0.107,0.2023,positivo,,Arctic Shift API
1d271534c233c8c8,devops,2021-03-18T13:59:41+00:00,0.181,0.73,0.089,-0.5267,negativo,,Arctic Shift API
5d66afddd1d1fa25,cscareerquestions,2021-04-09T00:51:42+00:00,0.0,0.804,0.196,0.9628,positivo,,Arctic Shift API
8bdb50be0ef4a70d,programming,2022-10-24T23:15:48+00:00,0.0,1.0,0.0,0.0,neutro,,Arctic Shift API
ac58998a2d6052ad,cscareerquestions,2023-10-15T00:43:52+00:00,0.0,0.88,0.12,0.6486,positivo,,Arctic Shift API
8677591468bf2fc9,devops,2024-08-29T01:29:35+00:00,0.115,0.816,0.069,-0.5138,negativo,,Arctic Shift API
8ce5d3be0097f94d,cscareerquestions,2021-06-18T00:29:21+00:00,0.224,0.621,0.155,-0.2732,negativo,,Arctic Shift API
982a419aee27c9e9,cscareerquestions,2023-06-09T00:54:09+00:00,0.0,0.917,0.083,0.25,positivo,,Arctic Shift API
a5b102059366cf18,cscareerquestions,2021-03-05T00:26:47+00:00,0.101,0.754,0.145,0.836,positivo,stress,Arctic Shift API
614acfaabcb283f5,programming,2022-10-16T01:10:26+00:00,0.022,0.879,0.099,0.7843,positivo,,Arctic Shift API
d9d254aad43c3880,devops,2022-08-01T15:45:16+00:00,0.0,0.905,0.095,0.9413,positivo,,Arctic Shift API
e43c233ec281b45e,devops,2023-12-06T19:09:25+00:00,0.0,0.928,0.072,0.7964,positivo,,Arctic Shift API
6ba45c2ba4acccec,programming,2022-02-01T01:04:58+00:00,0.0,1.0,0.0,0.0,neutro,,Arctic Shift API
3af39fc5d6fa9f05,cscareerquestions,2023-05-19T00:39:44+00:00,0.042,0.87,0.088,0.5574,positivo,,Arctic Shift API
82dab68fa12c1e92,programming,2022-07-24T02:25:10+00:00,0.0,1.0,0.0,0.0,neutro,,Arctic Shift API
ec85664c00b74027,devops,2021-01-27T23:17:06+00:00,0.0,1.0,0.0,0.0,neutro,,Arctic Shift API
4de9a2d46c3593fe,programming,2022-09-05T23:46:23+00:00,0.083,0.813,0.105,0.3415,positivo,,Arctic Shift API
3294b78eeea31363,devops,2024-06-09T04:42:58+00:00,0.0,0.896,0.104,0.296,positivo,,Arctic Shift API
c1ab19cf1b8edf85,devops,2021-11-21T13:19:18+00:00,0.0,0.912,0.088,0.3612,positivo,,Arctic Shift API
e81db6a618307ba3,programming,2023-06-12T09:19:23+00:00,0.0,0.8,0.2,0.128,positivo,,Arctic Shift API
3329a15ac622dd58,programming,2022-10-09T00:00:49+00:00,0.0,0.9,0.1,0.4404,positivo,,Arctic Shift API
252bc94f10558d69,cscareerquestions,2021-01-20T23:48:08+00:00,0.0,0.781,0.219,0.4215,positivo,,Arctic Shift API
a538d32571a305d5,cscareerquestions,2024-11-22T00:24:59+00:00,0.097,0.785,0.118,0.5175,positivo,,Arctic Shift API
ed458843c65e0222,cscareerquestions,2022-07-18T23:32:46+00:00,0.0,0.775,0.225,0.4926,positivo,,Arctic Shift API
40f09c1e5321ec14,programming,2023-07-05T21:33:47+00:00,0.099,0.843,0.058,-0.9069,negativo,bug,Arctic Shift API
c5f1e8dce911e662,devops,2023-04-11T12:32:14+00:00,0.056,0.944,0.0,-0.296,negativo,,Arctic Shift API
893b86d14db7a4ea,cscareerquestions,2024-12-01T00:48:19+00:00,0.132,0.868,0.0,-0.7579,negativo,,Arctic Shift API
de7c4cc0e3e2de93,devops,2021-08-02T22:28:28+00:00,0.16,0.554,0.286,0.4767,positivo,,Arctic Shift API
89bdd0e2904cd4ae,programming,2024-01-26T03:58:27+00:00,0.034,0.828,0.137,0.8169,positivo,,Arctic Shift API
a306a2aad35da04c,devops,2021-04-03T21:32:55+00:00,0.177,0.823,0.0,-0.6486,negativo,,Arctic Shift API
4409bf66903c1f8a,programming,2022-11-29T00:30:30+00:00,0.0,0.892,0.108,0.2057,positivo,,Arctic Shift API
837baae1e8726e5d,cscareerquestions,2023-03-10T00:55:05+00:00,0.0,1.0,0.0,0.0,neutro,,Arctic Shift API
e8e69a25747bd894,devops,2021-09-01T14:58:12+00:00,0.063,0.937,0.0,-0.4767,negativo,,Arctic Shift API
8537430411dfe319,programming,2023-04-09T00:34:19+00:00,0.0,0.824,0.176,0.4939,positivo,,Arctic Shift API
1982d99beb8f9d08,devops,2022-07-31T05:22:40+00:00,0.008,0.815,0.177,0.9884,positivo,,Arctic Shift API
5de496f6779833a3,programming,2023-11-20T23:14:12+00:00,0.044,0.887,0.069,0.565,positivo,crash,Arctic Shift API
06076f3a8a7cd26a,devops,2021-06-23T16:46:57+00:00,0.0,0.773,0.227,0.5719,positivo,,Arctic Shift API
bb61ff0beaf53f91,programming,2023-04-14T03:01:47+00:00,0.113,0.784,0.103,-0.3321,negativo,,Arctic Shift API
8e38ce914347728c,programming,2024-07-04T00:32:32+00:00,0.0,1.0,0.0,0.0,neutro,,Arctic Shift API
76aa4ca68360b446,devops,2024-01-05T01:24:17+00:00,0.015,0.681,0.304,0.9901,positivo,tired,Arctic Shift API
7f8a711449f84365,cscareerquestions,2024-09-02T23:44:18+00:00,0.042,0.87,0.088,0.5574,positivo,,Arctic Shift API
70ad31cef23611a9,programming,2022-10-03T23:13:35+00:00,0.0,0.782,0.218,0.4199,positivo,,Arctic Shift API
775467f0766329ff,programming,2023-08-23T22:57:42+00:00,0.0,0.874,0.126,0.0772,positivo,,Arctic Shift API
01c8066c808860be,devops,2023-08-06T02:01:37+00:00,0.078,0.82,0.102,0.4497,positivo,deadline,Arctic Shift API
3d6bf27c0927a431,cscareerquestions,2022-12-04T00:40:39+00:00,0.044,0.877,0.079,0.2748,positivo,,Arctic Shift API
4ac1dd4784e8254b,programming,2022-03-24T03:05:04+00:00,0.234,0.502,0.264,-0.1655,negativo,,Arctic Shift API
783374b2e4a79281,devops,2024-12-13T08:52:20+00:00,0.0,0.909,0.091,0.5719,positivo,bug,Arctic Shift API
08056e5c37e349b6,devops,2021-12-13T16:49:54+00:00,0.178,0.78,0.041,-0.8338,negativo,,Arctic Shift API
c80ff09df2fddf5c,programming,2023-12-22T02:40:53+00:00,0.06,0.753,0.187,0.743,positivo,,Arctic Shift API
cc790c43a56b6228,cscareerquestions,2021-12-22T23:31:42+00:00,0.0,0.925,0.075,0.3939,positivo,,Arctic Shift API
ad7af27a060c4363,cscareerquestions,2021-05-03T23:05:22+00:00,0.031,0.776,0.193,0.8984,positivo,anxiety,Arctic Shift API
67aed471fd5f6c4d,cscareerquestions,2023-03-15T23:46:47+00:00,0.089,0.911,0.0,-0.1926,negativo,,Arctic Shift API
d02b90ff06a36473,programming,2021-07-06T02:22:59+00:00,0.027,0.796,0.177,0.9268,positivo,,Arctic Shift API
d3b3cd7739d31226,cscareerquestions,2022-04-18T23:54:09+00:00,0.021,0.866,0.113,0.6808,positivo,,Arctic Shift API
c0bb3f4a66c8f524,cscareerquestions,2022-08-05T00:45:54+00:00,0.0,0.968,0.032,0.2828,positivo,,Arctic Shift API
c8ec73ef57024681,cscareerquestions,2022-07-24T00:28:10+00:00,0.0,1.0,0.0,0.0,neutro,,Arctic Shift API
a956b9821ded4783,devops,2024-09-13T00:30:07+00:00,0.0,0.707,0.293,0.4404,positivo,,Arctic Shift API
2f4147697689356a,cscareerquestions,2024-04-06T22:57:10+00:00,0.0,0.867,0.133,0.8591,positivo,,Arctic Shift API
7ee5ac85ed822312,programming,2024-02-29T00:45:16+00:00,0.107,0.739,0.155,0.5789,positivo,,Arctic Shift API
59970ce1049ddfed,programming,2021-03-09T00:10:12+00:00,0.0,0.897,0.103,0.8425,positivo,,Arctic Shift API
ed125cfda9348a22,cscareerquestions,2023-02-25T23:29:30+00:00,0.095,0.647,0.259,0.5859,positivo,,Arctic Shift API
387b729df6163951,cscareerquestions,2023-10-03T00:28:46+00:00,0.037,0.836,0.127,0.8834,positivo,,Arctic Shift API
1e053c7cbba682b5,cscareerquestions,2024-12-19T00:43:22+00:00,0.0,0.642,0.358,0.8321,positivo,,Arctic Shift API
0b62513e406ebb27,programming,2022-08-05T00:29:06+00:00,0.171,0.829,0.0,-0.9216,negativo,,Arctic Shift API
55f1405fcfae7612,programming,2022-08-09T02:44:35+00:00,0.0,0.758,0.242,0.836,positivo,,Arctic Shift API
b252ed7a79539168,cscareerquestions,2022-11-12T22:47:41+00:00,0.0,0.728,0.272,0.6808,positivo,,Arctic Shift API
91a15e07392174dd,programming,2024-01-09T01:01:39+00:00,0.039,0.914,0.048,0.1255,positivo,,Arctic Shift API
df5bef91798e1121,devops,2022-09-14T18:52:10+00:00,0.082,0.899,0.019,-0.5448,negativo,,Arctic Shift API
3e887cbbe4d0c9f8,programming,2021-01-26T02:48:08+00:00,0.039,0.88,0.081,0.8043,positivo,,Arctic Shift API
e8607e1e701d9ebd,devops,2024-02-19T21:53:58+00:00,0.151,0.715,0.134,-0.099,negativo,,Arctic Shift API
a2ebf16b57fdc411,cscareerquestions,2023-07-18T00:14:13+00:00,0.0,0.472,0.528,0.7717,positivo,,Arctic Shift API
14281fa732e80f62,devops,2023-01-01T08:29:36+00:00,0.0,0.875,0.125,0.2144,positivo,,Arctic Shift API
07890e07ab49e622,devops,2021-09-05T02:42:38+00:00,0.159,0.697,0.144,-0.3506,negativo,,Arctic Shift API
18b628002e081e21,cscareerquestions,2023-11-15T23:27:02+00:00,0.0,1.0,0.0,0.0,neutro,,Arctic Shift API
8aedb613202d2ebd,devops,2024-09-20T08:55:11+00:00,0.0,1.0,0.0,0.0,neutro,,Arctic Shift API
82dab732235156bf,devops,2024-09-18T23:42:45+00:00,0.014,0.919,0.067,0.743,positivo,,Arctic Shift API
23f0ced577d10c41,cscareerquestions,2021-05-22T23:32:22+00:00,0.273,0.727,0.0,-0.631,negativo,,Arctic Shift API
792a3131c86d64c9,programming,2021-01-22T00:58:19+00:00,0.0,0.821,0.179,0.1901,positivo,,Arctic Shift API
67af90b13da13f5c,programming,2022-09-17T23:16:51+00:00,0.0,0.874,0.126,0.0772,positivo,,Arctic Shift API
ffd0f70627c3c20d,devops,2023-10-01T11:22:40+00:00,0.067,0.814,0.12,0.2865,positivo,,Arctic Shift API
f8aa655479536fbf,devops,2024-11-07T06:44:53+00:00,0.039,0.858,0.102,0.5667,positivo,,Arctic Shift API
b4fa7c03a5c223a4,programming,2021-06-12T23:10:56+00:00,0.067,0.831,0.103,0.718,positivo,,Arctic Shift API
b3b9c697360a457b,cscareerquestions,2023-05-15T23:44:14+00:00,0.0,0.802,0.198,0.5719,positivo,,Arctic Shift API
632d98ea01d3b662,programming,2022-09-22T01:16:21+00:00,0.0,0.806,0.194,0.3818,positivo,,Arctic Shift API
ce5fff17a6b0a8ae,devops,2024-09-16T18:50:31+00:00,0.035,0.912,0.053,0.25,positivo,,Arctic Shift API
614510f98536b0c1,cscareerquestions,2021-06-06T00:16:38+00:00,0.015,0.836,0.15,0.9517,positivo,,Arctic Shift API
f98a5e6d4561e79a,cscareerquestions,2022-06-20T23:59:46+00:00,0.04,0.911,0.049,0.128,positivo,,Arctic Shift API
caf724cd533fb008,devops,2024-08-22T09:58:48+00:00,0.053,0.87,0.077,0.4633,positivo,,Arctic Shift API
18aee64d374995a7,programming,2021-04-06T02:27:33+00:00,0.033,0.799,0.168,0.6969,positivo,,Arctic Shift API
71a881196f2662ee,programming,2022-06-22T22:05:24+00:00,0.0,0.955,0.045,0.7269,positivo,,Arctic Shift API
e5fcf839c1d842af,devops,2021-09-14T04:38:24+00:00,0.0,0.816,0.184,0.7615,positivo,,Arctic Shift API
9b4d42ae13e6b6e8,devops,2024-12-31T04:21:36+00:00,0.0,1.0,0.0,0.0,neutro,,Arctic Shift API
1cbde38b6591fad4,devops,2023-03-19T00:22:07+00:00,0.128,0.761,0.112,-0.4019,negativo,,Arctic Shift API
3e9a87bd914c70b3,programming,2024-06-01T22:05:45+00:00,0.211,0.789,0.0,-0.8746,negativo,,Arctic Shift API
0d7c58ffa438c1ab,devops,2024-10-18T05:18:12+00:00,0.05,0.927,0.023,-0.469,negativo,,Arctic Shift API
0b45c036fbd10f04,programming,2023-05-14T05:54:10+00:00,0.044,0.808,0.148,0.8775,positivo,,Arctic Shift API
1283d9aa03005030,programming,2024-12-04T18:07:21+00:00,0.132,0.793,0.075,-0.2894,negativo,,Arctic Shift API
8322697ab6a54e5b,programming,2021-08-18T22:43:07+00:00,0.127,0.765,0.107,0.0534,positivo,,Arctic Shift API
660d5b377b408129,cscareerquestions,2023-08-19T23:58:50+00:00,0.024,0.912,0.064,0.2591,positivo,,Arctic Shift API
128a8b9981004be3,cscareerquestions,2021-12-06T23:56:37+00:00,0.0,1.0,0.0,0.0,neutro,,Arctic Shift API
2756c29e2810e8ff,devops,2022-09-25T06:35:24+00:00,0.0,0.707,0.293,0.8516,positivo,,Arctic Shift API
00f2a9fa49bc2e16,cscareerquestions,2021-04-16T00:17:09+00:00,0.0,1.0,0.0,0.0,neutro,,Arctic Shift API
b4f10a09a33f99dc,cscareerquestions,2022-08-06T23:36:06+00:00,0.12,0.648,0.231,0.296,positivo,,Arctic Shift API
51306456721f5c6a,programming,2024-01-14T00:12:02+00:00,0.044,0.905,0.051,0.128,positivo,,Arctic Shift API
b1814c84c1eda738,devops,2023-01-08T06:28:47+00:00,0.0,0.879,0.121,0.9753,positivo,,Arctic Shift API
581a72a7b96dccf3,devops,2021-12-02T11:18:02+00:00,0.0,0.688,0.312,0.7777,positivo,,Arctic Shift API
bac42b99e6d2d119,cscareerquestions,2021-07-25T00:28:28+00:00,0.156,0.638,0.206,0.1779,positivo,,Arctic Shift API
16b9fdf979706f77,cscareerquestions,2024-03-29T00:16:13+00:00,0.042,0.87,0.088,0.5574,positivo,,Arctic Shift API
e6201b3cb5e56e63,devops,2021-01-27T16:24:26+00:00,0.0,0.962,0.038,0.3818,positivo,,Arctic Shift API
92f965b575540c4b,cscareerquestions,2021-01-22T01:45:54+00:00,0.0,0.846,0.154,0.9393,positivo,,Arctic Shift API
b93e17abe3c881fd,programming,2021-01-04T23:07:34+00:00,0.037,0.845,0.118,0.9913,positivo,,Arctic Shift API
d0d9e71d4380cba4,cscareerquestions,2022-10-12T23:17:10+00:00,0.0,0.87,0.13,0.8705,positivo,,Arctic Shift API
05dc21403e3e9504,devops,2023-05-22T21:48:39+00:00,0.103,0.734,0.163,0.9061,positivo,,Arctic Shift API
6e5a8757aab7e31c,programming,2021-10-27T23:18:33+00:00,0.0,0.918,0.082,0.34,positivo,,Arctic Shift API
d6a3a5445dcf823a,devops,2022-02-13T05:54:35+00:00,0.11,0.773,0.117,0.428,positivo,,Arctic Shift API
a018204f92874cac,programming,2022-04-15T02:10:40+00:00,0.0,1.0,0.0,0.0,neutro,,Arctic Shift API
1be678f5a8443560,programming,2023-12-01T03:30:13+00:00,0.0,0.93,0.07,0.128,positivo,,Arctic Shift API
a18d2a383633b466,programming,2022-07-28T01:50:58+00:00,0.177,0.823,0.0,-0.4767,negativo,,Arctic Shift API
24929af95af74fea,cscareerquestions,2022-04-22T00:15:20+00:00,0.0,0.89,0.11,0.4939,positivo,,Arctic Shift API
66ca2cbadb891771,cscareerquestions,2024-06-19T23:04:47+00:00,0.0,1.0,0.0,0.0,neutro,,Arctic Shift API
4229ddd845557130,devops,2023-11-26T05:20:47+00:00,0.0,1.0,0.0,0.0,neutro,,Arctic Shift API
f3e96fd06e92bc1f,devops,2024-03-01T04:30:15+00:00,0.289,0.711,0.0,-0.7269,negativo,,Arctic Shift API
cd19d84c414fe725,cscareerquestions,2023-11-08T23:05:53+00:00,0.087,0.847,0.067,-0.7941,negativo,,Arctic Shift API
70d2a4246773d047,programming,2021-09-06T23:41:39+00:00,0.0,0.744,0.256,0.4754,positivo,,Arctic Shift API
e9cdd45be395125c,programming,2023-02-05T00:33:55+00:00,0.337,0.663,0.0,-0.7982,negativo,,Arctic Shift API
468594a38eb165ab,programming,2022-03-01T05:53:52+00:00,0.16,0.7,0.14,-0.3064,negativo,,Arctic Shift API
8c672ac785f8bccf,programming,2021-09-29T22:28:12+00:00,0.174,0.753,0.073,-0.5687,negativo,,Arctic Shift API
92af0b7542471fb4,programming,2023-05-15T22:53:37+00:00,0.279,0.721,0.0,-0.4767,negativo,,Arctic Shift API
dc03348b9dc76520,devops,2023-05-07T00:11:07+00:00,0.0,1.0,0.0,0.0,neutro,,Arctic Shift API
6f6d0c5c9e39c3a0,cscareerquestions,2023-04-10T23:29:56+00:00,0.084,0.844,0.071,-0.128,negativo,,Arctic Shift API
95ee568e5751d120,cscareerquestions,2023-07-14T00:29:35+00:00,0.0,0.881,0.119,0.7684,positivo,,Arctic Shift API
ef24afc619b6fb82,devops,2022-03-11T05:31:16+00:00,0.021,0.826,0.153,0.8861,positivo,,Arctic Shift API
ea40f9b8558b3a9f,cscareerquestions,2024-11-18T23:54:10+00:00,0.0,0.756,0.244,0.4404,positivo,,Arctic Shift API
43bccd099443b93d,programming,2024-05-03T00:33:38+00:00,0.174,0.826,0.0,-0.2263,negativo,,Arctic Shift API
10d42a99b82b0338,cscareerquestions,2021-12-28T00:18:32+00:00,0.0,1.0,0.0,0.0,neutro,,Arctic Shift API
3a31ea5954ae338a,programming,2022-11-24T02:39:15+00:00,0.0,0.757,0.243,0.7717,positivo,,Arctic Shift API
984d6df8acb7b4dc,programming,2021-08-30T23:43:54+00:00,0.0,0.901,0.099,0.3182,positivo,,Arctic Shift API
eb3095a888c33069,cscareerquestions,2023-07-18T00:26:35+00:00,0.0,0.765,0.235,0.5106,positivo,,Arctic Shift API
cfd1dd54da6695fb,cscareerquestions,2024-11-10T00:54:39+00:00,0.236,0.46,0.305,0.0516,positivo,,Arctic Shift API
943b79be12d6df93,cscareerquestions,2024-02-18T00:48:54+00:00,0.177,0.781,0.042,-0.8225,negativo,,Arctic Shift API
54ce5ddf8372b9b2,devops,2024-05-03T00:08:55+00:00,0.271,0.644,0.086,-0.709,negativo,,Arctic Shift API
aa5e699fee99f255,devops,2023-12-24T04:03:25+00:00,0.0,1.0,0.0,0.0,neutro,,Arctic Shift API
d6b0131152d2c434,devops,2023-03-25T18:58:54+00:00,0.0,0.833,0.167,0.1531,positivo,,Arctic Shift API
081f509e60e7acbf,programming,2024-04-01T23:39:14+00:00,0.053,0.92,0.027,-0.4404,negativo,,Arctic Shift API
50ef8db76c37322f,programming,2023-02-20T22:44:03+00:00,0.218,0.628,0.154,-0.0808,negativo,,Arctic Shift API
df36823b51bcba20,cscareerquestions,2023-02-07T00:51:34+00:00,0.084,0.9,0.016,-0.6116,negativo,,Arctic Shift API
3619dfae1507f32a,programming,2024-10-27T05:01:46+00:00,0.184,0.785,0.031,-0.9608,negativo,incident,Arctic Shift API
7a95d6fef1b1d9ab,devops,2021-06-06T21:22:01+00:00,0.047,0.953,0.0,-0.0572,negativo,,Arctic Shift API
e3356760d38be512,cscareerquestions,2024-07-18T00:28:22+00:00,0.024,0.976,0.0,-0.1027,negativo,,Arctic Shift API
ff48bbe51bff4d6d,devops,2023-11-13T20:16:19+00:00,0.0,0.795,0.205,0.7579,positivo,,Arctic Shift API
5c7bf3e90bcb3b49,cscareerquestions,2023-04-19T23:43:08+00:00,0.085,0.874,0.041,-0.81,negativo,,Arctic Shift API
d4fd79bfa224c285,cscareerquestions,2022-01-26T23:45:50+00:00,0.0,0.928,0.072,0.4019,positivo,,Arctic Shift API
4cd5c3e813cf3e34,devops,2021-05-31T03:19:57+00:00,0.045,0.836,0.119,0.9943,positivo,,Arctic Shift API
2a5dfd1fa2fcf58f,devops,2021-07-18T00:46:14+00:00,0.13,0.87,0.0,-0.2732,negativo,,Arctic Shift API
0f14c419f5e8fbd9,programming,2023-10-25T23:30:41+00:00,0.342,0.498,0.161,-0.8402,negativo,,Arctic Shift API
debba4c04c226ad3,programming,2023-03-28T00:11:43+00:00,0.0,1.0,0.0,0.0,neutro,,Arctic Shift API
834459e6998a7f7d,programming,2024-04-29T23:59:18+00:00,0.0,0.789,0.211,0.6124,positivo,,Arctic Shift API
c24ae7d3c9afebaf,programming,2024-08-17T20:36:36+00:00,0.061,0.851,0.087,0.1893,positivo,,Arctic Shift API
016ba3eacd43243b,devops,2024-05-28T12:17:42+00:00,0.0,0.775,0.225,0.4404,positivo,,Arctic Shift API
979436845d330aaf,devops,2021-05-28T01:53:36+00:00,0.0,0.773,0.227,0.6486,positivo,workload,Arctic Shift API
020aeaa282fc6523,programming,2024-10-13T03:56:29+00:00,0.0,0.832,0.168,0.7845,positivo,,Arctic Shift API
94e2e686b04fa825,cscareerquestions,2024-07-10T23:56:18+00:00,0.068,0.884,0.049,-0.129,negativo,,Arctic Shift API
29d18b5d56214b28,cscareerquestions,2021-03-28T00:18:04+00:00,0.067,0.756,0.176,0.99,positivo,,Arctic Shift API
2f1ae218136b0499,devops,2022-02-18T09:44:22+00:00,0.0,0.864,0.136,0.8442,positivo,,Arctic Shift API
06d1f2279679da03,programming,2021-04-06T00:35:47+00:00,0.054,0.807,0.14,0.6666,positivo,,Arctic Shift API
9374127c3d10eb74,cscareerquestions,2023-12-02T23:12:21+00:00,0.0,1.0,0.0,0.0,neutro,,Arctic Shift API
f70a8898c57b9156,devops,2023-07-23T04:31:15+00:00,0.0,0.954,0.046,0.1531,positivo,,Arctic Shift API
83480a24f1809a52,cscareerquestions,2021-08-07T23:27:28+00:00,0.045,0.715,0.24,0.9975,positivo,,Arctic Shift API
69632e860d0b3da9,devops,2021-01-14T03:17:33+00:00,0.0,0.657,0.343,0.9698,positivo,,Arctic Shift API
17c183950d951c84,cscareerquestions,2021-09-03T00:34:25+00:00,0.046,0.715,0.239,0.7926,positivo,,Arctic Shift API
3b9336742a17d662,devops,2021-06-09T18:17:37+00:00,0.0,0.809,0.191,0.8625,positivo,,Arctic Shift API
59ca3219af0b9f59,devops,2022-04-08T03:03:40+00:00,0.0,0.872,0.128,0.296,positivo,,Arctic Shift API
f13b78bc8fa42acf,programming,2022-04-05T00:37:00+00:00,0.0,1.0,0.0,0.0,neutro,,Arctic Shift API
f3100c65c2159592,cscareerquestions,2022-03-29T00:14:43+00:00,0.026,0.818,0.156,0.7579,positivo,,Arctic Shift API
c2763e9b8f6239d9,devops,2021-02-01T10:05:07+00:00,0.062,0.873,0.065,0.0479,neutro,,Arctic Shift API
4f38a3c0361c7576,devops,2022-04-02T22:56:09+00:00,0.0,0.591,0.409,0.8519,positivo,,Arctic Shift API
df143f40f1102638,programming,2024-11-11T21:06:51+00:00,0.0,0.892,0.108,0.466,positivo,,Arctic Shift API
360aceb2eb86407b,programming,2022-01-22T20:53:17+00:00,0.089,0.762,0.149,0.7478,positivo,,Arctic Shift API
45547ab95cbe8872,cscareerquestions,2023-01-14T22:54:45+00:00,0.042,0.87,0.088,0.5574,positivo,,Arctic Shift API
77fae7e89f7deee5,cscareerquestions,2024-07-11T00:44:00+00:00,0.0,0.784,0.216,0.5423,positivo,,Arctic Shift API
76254cd1173a0e3a,devops,2022-12-09T01:20:59+00:00,0.059,0.896,0.046,-0.1086,negativo,,Arctic Shift API
b65137c3602ce05b,programming,2021-04-04T00:09:23+00:00,0.0,0.674,0.326,0.8479,positivo,,Arctic Shift API
d7a62867d7f3d1be,devops,2024-11-06T20:54:21+00:00,0.0,1.0,0.0,0.0,neutro,,Arctic Shift API
f40a204781ef8970,programming,2021-11-06T21:45:10+00:00,0.0,0.82,0.18,0.4648,positivo,,Arctic Shift API
be7b958fb69a5685,devops,2022-03-30T16:30:14+00:00,0.0,0.907,0.093,0.5267,positivo,,Arctic Shift API
7255b3ee9b16911d,devops,2023-08-10T00:02:22+00:00,0.0,0.774,0.226,0.7845,positivo,,Arctic Shift API
18c782dc065d81fa,devops,2022-02-24T07:26:31+00:00,0.0,0.864,0.136,0.296,positivo,,Arctic Shift API
3b4fc956dc0c0cf4,programming,2024-08-26T21:32:13+00:00,0.063,0.812,0.125,0.5729,positivo,,Arctic Shift API
639e6fa03cb71c85,programming,2024-04-19T06:35:57+00:00,0.077,0.829,0.093,0.7132,positivo,,Arctic Shift API
028b816e01fda453,programming,2022-11-01T05:21:40+00:00,0.0,1.0,0.0,0.0,neutro,,Arctic Shift API
f88c98119b16b791,cscareerquestions,2023-12-09T23:30:06+00:00,0.0,0.758,0.242,0.1531,positivo,,Arctic Shift API
871babf54129d462,devops,2022-04-23T19:39:16+00:00,0.064,0.862,0.074,0.1027,positivo,,Arctic Shift API
90d961c6568c28c2,cscareerquestions,2022-08-15T23:57:41+00:00,0.112,0.607,0.281,0.6663,positivo,,Arctic Shift API
3bf060ba57f10b46,programming,2022-03-08T01:43:28+00:00,0.11,0.728,0.162,0.5256,positivo,,Arctic Shift API
95932a8497f0676a,programming,2023-10-07T23:05:12+00:00,0.113,0.717,0.17,0.2315,positivo,,Arctic Shift API
23da89d1cc8dd256,cscareerquestions,2023-03-30T00:23:57+00:00,0.0,0.872,0.128,0.3612,positivo,,Arctic Shift API
755a7890ba641dab,devops,2024-06-28T15:13:21+00:00,0.0,1.0,0.0,0.0,neutro,,Arctic Shift API
fde0263a434523a7,cscareerquestions,2021-02-27T23:24:45+00:00,0.064,0.871,0.066,0.0305,neutro,,Arctic Shift API
67fc13b0abf4f1ba,cscareerquestions,2023-11-25T23:48:32+00:00,0.081,0.863,0.056,-0.4516,negativo,,Arctic Shift API
7684c9886b8b7253,devops,2023-10-05T03:05:30+00:00,0.055,0.755,0.19,0.7902,positivo,stress; stressful,Arctic Shift API
aeec58400f3401b7,devops,2023-06-27T13:03:52+00:00,0.0,1.0,0.0,0.0,neutro,,Arctic Shift API
735be16b7fac9c9e,devops,2022-12-06T04:27:47+00:00,0.161,0.69,0.149,-0.0258,neutro,,Arctic Shift API
17df71f90f3a509b,programming,2024-03-29T01:19:03+00:00,0.074,0.825,0.1,0.9914,positivo,tired,Arctic Shift API
c8be0c892b534fee,cscareerquestions,2022-02-10T00:37:06+00:00,0.0,0.401,0.599,0.8992,positivo,,Arctic Shift API
0b78bc97f76f162f,programming,2021-10-21T01:17:48+00:00,0.132,0.868,0.0,-0.5719,negativo,,Arctic Shift API
476bbfc7a5d3291b,programming,2024-06-01T21:55:12+00:00,0.101,0.798,0.101,0.0036,neutro,,Arctic Shift API
c4085cd6d73a424d,devops,2023-08-22T05:09:21+00:00,0.062,0.798,0.14,0.7251,positivo,,Arctic Shift API
56f37b02c9946da8,devops,2022-10-06T01:47:50+00:00,0.0,0.827,0.173,0.3182,positivo,,Arctic Shift API
e2bc2e2e13be1247,programming,2023-03-14T02:11:17+00:00,0.027,0.888,0.085,0.7935,positivo,stress; stressful,Arctic Shift API
db9046a15a782ebf,cscareerquestions,2024-09-13T00:50:03+00:00,0.147,0.822,0.031,-0.8946,negativo,,Arctic Shift API
b39fc086b5bda72d,devops,2023-06-30T02:40:57+00:00,0.0,0.949,0.051,0.5499,positivo,,Arctic Shift API
998b6e249f5c6cba,cscareerquestions,2021-01-12T00:30:15+00:00,0.018,0.803,0.179,0.8777,positivo,,Arctic Shift API
61107983c6449e43,devops,2021-04-28T19:13:29+00:00,0.0,0.885,0.115,0.7506,positivo,,Arctic Shift API
b1ae93dc0e791bee,cscareerquestions,2022-09-08T00:46:58+00:00,0.0,0.744,0.256,0.4199,positivo,,Arctic Shift API
9e1f298cc310475f,programming,2021-08-01T02:47:42+00:00,0.19,0.543,0.266,0.1027,positivo,,Arctic Shift API
09b06cad1247d3ac,cscareerquestions,2023-12-04T23:55:43+00:00,0.0,0.658,0.342,0.8074,positivo,,Arctic Shift API
9cbedb01639bdd52,programming,2022-05-23T22:03:11+00:00,0.078,0.922,0.0,-0.4019,negativo,,Arctic Shift API
57287fa23c548fdf,devops,2022-09-20T12:24:09+00:00,0.0,0.948,0.052,0.296,positivo,,Arctic Shift API
84a87fb4f083b73c,programming,2022-07-22T02:27:38+00:00,0.0,0.49,0.51,0.807,positivo,,Arctic Shift API
69adfe4c292ead35,programming,2024-02-15T01:27:40+00:00,0.12,0.88,0.0,-0.5499,negativo,,Arctic Shift API
a4c9f7b91a6c7dbf,devops,2023-12-23T18:13:12+00:00,0.0,0.386,0.614,0.9233,positivo,,Arctic Shift API
8c20de54a489df8a,devops,2024-02-26T23:08:07+00:00,0.0,0.807,0.193,0.6486,positivo,,Arctic Shift API
2586ee47df5c9ab5,programming,2022-08-11T00:31:03+00:00,0.044,0.788,0.168,0.8338,positivo,,Arctic Shift API
dbd0c4c9f3d95215,cscareerquestions,2022-02-04T00:23:34+00:00,0.0,0.876,0.124,0.7003,positivo,,Arctic Shift API
33286c1cbc664d58,programming,2024-05-12T00:58:13+00:00,0.0,0.906,0.094,0.4215,positivo,,Arctic Shift API
5870c6cf9e2bf2c0,cscareerquestions,2022-09-25T00:50:29+00:00,0.239,0.761,0.0,-0.7845,negativo,,Arctic Shift API
d33c154565acc41c,programming,2024-12-11T23:07:59+00:00,0.093,0.791,0.116,0.8226,positivo,,Arctic Shift API
59c8ab283c9c30b5,devops,2021-07-25T01:34:21+00:00,0.093,0.785,0.122,0.2714,positivo,,Arctic Shift API
7fd8e8a150b59117,devops,2021-05-24T20:47:16+00:00,0.009,0.872,0.119,0.9625,positivo,,Arctic Shift API
1a8e2abf75cc8d3f,devops,2021-04-03T17:16:25+00:00,0.0,1.0,0.0,0.0,neutro,,Arctic Shift API
cce2d5a5dfc45d5f,programming,2024-12-11T23:10:30+00:00,0.0,0.893,0.107,0.1406,positivo,,Arctic Shift API
7035f32e49d6e62c,devops,2022-11-26T19:33:40+00:00,0.159,0.841,0.0,-0.7506,negativo,,Arctic Shift API
055a25be0e245f49,programming,2024-07-29T21:42:31+00:00,0.175,0.825,0.0,-0.2942,negativo,,Arctic Shift API
814e53c96caf17f0,devops,2024-08-22T00:26:26+00:00,0.061,0.873,0.066,0.0516,positivo,,Arctic Shift API
17e9f7b9e6f92fe6,devops,2023-01-10T05:01:14+00:00,0.0,0.696,0.304,0.9672,positivo,,Arctic Shift API
2af44d9819dbbaa6,cscareerquestions,2024-03-07T00:11:45+00:00,0.052,0.793,0.155,0.782,positivo,,Arctic Shift API
cdf9bf98c2fcfdc9,devops,2022-09-25T05:22:09+00:00,0.0,0.611,0.389,0.8876,positivo,,Arctic Shift API
7e902e0d02df6ec4,devops,2024-05-30T10:36:49+00:00,0.0,0.813,0.187,0.5574,positivo,,Arctic Shift API
129b7abf2cd6783e,devops,2021-01-18T13:18:28+00:00,0.0,1.0,0.0,0.0,neutro,,Arctic Shift API
b740e365811c591f,devops,2024-12-31T04:10:35+00:00,0.0,0.82,0.18,0.7494,positivo,,Arctic Shift API
ef23d2a8429037af,devops,2023-09-13T21:43:44+00:00,0.0,1.0,0.0,0.0,neutro,,Arctic Shift API
6d51f9bd493e8d4d,programming,2024-12-18T23:41:29+00:00,0.259,0.647,0.095,-0.5859,negativo,,Arctic Shift API
60d42a2879a289e6,programming,2022-06-18T21:09:10+00:00,0.184,0.816,0.0,-0.5423,negativo,,Arctic Shift API
d5d5ef4f2899c984,programming,2022-01-26T22:27:00+00:00,0.0,0.931,0.069,0.3818,positivo,,Arctic Shift API
b4b2e63548ab304f,cscareerquestions,2022-09-12T23:26:53+00:00,0.057,0.943,0.0,-0.3612,negativo,,Arctic Shift API
8604c46303d919fb,cscareerquestions,2022-07-06T23:32:48+00:00,0.0,0.708,0.292,0.5106,positivo,,Arctic Shift API
9df6590daaee1c1d,programming,2024-09-18T23:23:24+00:00,0.118,0.761,0.121,0.0232,neutro,,Arctic Shift API
759de3a553775867,programming,2021-12-08T23:00:54+00:00,0.0,0.844,0.156,0.5719,positivo,,Arctic Shift API
c1806adfe774db69,cscareerquestions,2023-08-11T00:37:47+00:00,0.0,0.788,0.212,0.4655,positivo,,Arctic Shift API
b9d2ec8db3123462,devops,2024-12-04T18:03:46+00:00,0.0,0.867,0.133,0.3818,positivo,,Arctic Shift API
e92336e40b982468,programming,2021-06-01T02:37:26+00:00,0.042,0.868,0.09,0.1531,positivo,,Arctic Shift API
e1d0dc3b14fea18b,devops,2021-03-31T22:24:00+00:00,0.0,0.7,0.3,0.4588,positivo,,Arctic Shift API
c31d9794f5b777e2,programming,2024-08-26T22:19:21+00:00,0.103,0.794,0.103,0.0,neutro,,Arctic Shift API
ba84eef94a66ab03,cscareerquestions,2023-04-08T23:53:25+00:00,0.0,0.767,0.233,0.6966,positivo,,Arctic Shift API
9f1f7151100346a3,programming,2023-09-09T22:51:01+00:00,0.462,0.451,0.086,-0.875,negativo,,Arctic Shift API
19f0b1c66bfd213d,cscareerquestions,2023-12-04T23:38:35+00:00,0.181,0.728,0.091,-0.9462,negativo,,Arctic Shift API
132f3304b74ab111,cscareerquestions,2022-03-20T00:16:13+00:00,0.0,1.0,0.0,0.0,neutro,,Arctic Shift API
8ec58af145c95b26,devops,2023-10-29T15:38:55+00:00,0.018,0.886,0.096,0.7935,positivo,,Arctic Shift API
e50a6c8ca720ab25,cscareerquestions,2024-07-28T01:05:17+00:00,0.0,1.0,0.0,0.0,neutro,,Arctic Shift API
51839db08a173898,cscareerquestions,2023-10-14T23:41:30+00:00,0.126,0.874,0.0,-0.3818,negativo,,Arctic Shift API
5ed3833c83983684,devops,2023-11-18T17:02:39+00:00,0.0,0.58,0.42,0.4404,positivo,,Arctic Shift API
662da9a453b03a38,devops,2023-08-18T05:46:04+00:00,0.053,0.79,0.157,0.9093,positivo,,Arctic Shift API
3165a08ecaaa34f0,devops,2022-06-14T11:41:14+00:00,0.0,0.86,0.14,0.7778,positivo,,Arctic Shift API
56e7291a4595e9ad,devops,2021-07-14T23:20:45+00:00,0.0,1.0,0.0,0.0,neutro,,Arctic Shift API
d36cd7091e0ee66f,devops,2024-06-10T16:49:13+00:00,0.0,1.0,0.0,0.0,neutro,,Arctic Shift API
b9d55ccb078a1686,cscareerquestions,2021-08-27T00:40:45+00:00,0.067,0.859,0.074,0.0516,positivo,,Arctic Shift API
56d26fdf9afb4aa6,programming,2024-06-18T01:56:33+00:00,0.0,0.857,0.143,0.3612,positivo,,Arctic Shift API
ef2cf03bc9c6db65,programming,2024-11-29T08:50:53+00:00,0.0,1.0,0.0,0.0,neutro,,Arctic Shift API
80a48cd3ef0758bd,programming,2023-05-29T23:50:33+00:00,0.0,1.0,0.0,0.0,neutro,,Arctic Shift API
4306cb9657f72fb3,cscareerquestions,2022-09-17T23:44:35+00:00,0.077,0.827,0.096,0.25,positivo,,Arctic Shift API
42535363aef0e0b5,devops,2023-07-18T07:20:44+00:00,0.062,0.804,0.133,0.7894,positivo,,Arctic Shift API
d9ecc9003a212c90,programming,2023-10-20T02:52:54+00:00,0.04,0.757,0.204,0.7615,positivo,,Arctic Shift API
aeac428b557582d6,programming,2024-05-31T01:31:59+00:00,0.265,0.735,0.0,-0.5574,negativo,,Arctic Shift API
0ca1eab50d2dda0a,programming,2022-06-25T22:35:56+00:00,0.0,0.95,0.05,0.3612,positivo,,Arctic Shift API
b4be058262dd55f0,programming,2021-02-14T02:04:22+00:00,0.0,1.0,0.0,0.0,neutro,,Arctic Shift API
eff6de77ed97f7f5,cscareerquestions,2022-02-05T23:14:45+00:00,0.0,1.0,0.0,0.0,neutro,,Arctic Shift API
f044a458968ab578,cscareerquestions,2021-09-03T00:25:32+00:00,0.0,0.856,0.144,0.8047,positivo,,Arctic Shift API
a929d2820154325c,cscareerquestions,2023-09-08T00:40:38+00:00,0.102,0.854,0.044,-0.5859,negativo,,Arctic Shift API
d4cd34789a84631d,devops,2022-03-28T16:07:17+00:00,0.207,0.537,0.256,0.2942,positivo,,Arctic Shift API
692469a228e5f5f8,devops,2021-01-07T21:09:04+00:00,0.0,0.789,0.211,0.8726,positivo,,Arctic Shift API
5e8064ed368dbe75,devops,2023-02-17T02:38:36+00:00,0.134,0.746,0.12,-0.0041,neutro,,Arctic Shift API
0b88898fe3ea5444,programming,2024-02-21T23:36:10+00:00,0.138,0.686,0.176,0.6021,positivo,,Arctic Shift API
0cb43d854618d1e1,cscareerquestions,2021-10-24T00:49:04+00:00,0.0,1.0,0.0,0.0,neutro,,Arctic Shift API
fbc64870f48822f4,programming,2024-04-16T05:21:17+00:00,0.018,0.843,0.139,0.8674,positivo,,Arctic Shift API
87eeaae4d27aca87,cscareerquestions,2022-04-18T23:55:09+00:00,0.032,0.658,0.311,0.9062,positivo,,Arctic Shift API
cb7c13e2a9adae9f,programming,2024-10-18T09:41:45+00:00,0.13,0.87,0.0,-0.2732,negativo,,Arctic Shift API
b40fff1600b5d149,devops,2022-09-28T22:06:41+00:00,0.0,1.0,0.0,0.0,neutro,,Arctic Shift API
ee655214a37f2b34,devops,2022-01-09T11:58:05+00:00,0.0,1.0,0.0,0.0,neutro,,Arctic Shift API
6422e97770e496bb,devops,2024-02-15T04:56:05+00:00,0.0,1.0,0.0,0.0,neutro,,Arctic Shift API
9496150af2405d48,cscareerquestions,2023-03-19T00:26:24+00:00,0.11,0.616,0.274,0.34,positivo,,Arctic Shift API
3ad70f58a520a841,devops,2021-03-04T05:31:38+00:00,0.131,0.73,0.139,0.0387,neutro,,Arctic Shift API
a88f289b64f298ef,devops,2023-07-08T19:57:26+00:00,0.203,0.797,0.0,-0.4215,negativo,,Arctic Shift API
1de7774641f50868,devops,2024-05-19T05:26:59+00:00,0.0,0.775,0.225,0.4404,positivo,,Arctic Shift API
d8c5670e5ad19a0d,devops,2023-09-22T01:51:08+00:00,0.0,1.0,0.0,0.0,neutro,,Arctic Shift API
c857d0851e6c47a6,cscareerquestions,2021-10-26T00:32:34+00:00,0.0,1.0,0.0,0.0,neutro,,Arctic Shift API
998eaf5e3f490c21,programming,2021-01-07T01:06:25+00:00,0.125,0.875,0.0,-0.343,negativo,,Arctic Shift API
60d7518e3e4c018a,programming,2024-08-26T21:23:47+00:00,0.041,0.842,0.117,0.881,positivo,,Arctic Shift API
7c806a398f5cfdc7,programming,2024-03-07T00:48:21+00:00,0.045,0.792,0.163,0.9852,positivo,,Arctic Shift API
7144c15bbfe87648,devops,2021-10-07T11:53:25+00:00,0.0,0.706,0.294,0.7579,positivo,,Arctic Shift API
371b7c9beed9d7ce,cscareerquestions,2022-10-06T00:38:37+00:00,0.029,0.911,0.06,0.1705,positivo,,Arctic Shift API
8c92f4c8c4808d37,programming,2024-07-08T22:10:22+00:00,0.059,0.902,0.039,-0.4404,negativo,bug,Arctic Shift API
d7d0cd835539864c,devops,2024-08-11T01:33:15+00:00,0.212,0.561,0.227,0.296,positivo,,Arctic Shift API
463588a42555a0de,programming,2021-07-26T21:41:06+00:00,0.115,0.796,0.089,-0.4248,negativo,,Arctic Shift API
ae4307a913e35eef,cscareerquestions,2024-10-13T00:20:31+00:00,0.012,0.835,0.153,0.9398,positivo,,Arctic Shift API
1c4b506aba4a962d,programming,2024-12-17T02:13:04+00:00,0.0,0.84,0.16,0.2263,positivo,,Arctic Shift API
98fff693ba441dc9,devops,2021-08-08T09:34:33+00:00,0.04,0.864,0.096,0.4588,positivo,,Arctic Shift API
8c198aa501168e21,cscareerquestions,2021-11-10T23:23:59+00:00,0.22,0.78,0.0,-0.4767,negativo,,Arctic Shift API
1cb7e49b6536cd4e,cscareerquestions,2024-02-24T23:24:59+00:00,0.0,1.0,0.0,0.0,neutro,,Arctic Shift API
636fc5dc45d8b25c,cscareerquestions,2024-09-12T00:57:23+00:00,0.074,0.867,0.059,-0.1779,negativo,,Arctic Shift API
39212ce0d6bab2e0,cscareerquestions,2021-05-03T23:04:13+00:00,0.015,0.88,0.105,0.8442,positivo,,Arctic Shift API
521ba28be2faa1e5,cscareerquestions,2021-03-14T00:06:33+00:00,0.043,0.801,0.156,0.6694,positivo,,Arctic Shift API
5cae79cc38105fb2,programming,2024-11-27T20:20:15+00:00,0.316,0.684,0.0,-0.6219,negativo,,Arctic Shift API
1a6f0f8de43d7ca5,programming,2024-02-20T00:15:00+00:00,0.0,1.0,0.0,0.0,neutro,,Arctic Shift API
d11b39997bea4f06,cscareerquestions,2023-08-15T00:24:49+00:00,0.036,0.881,0.083,0.801,positivo,,Arctic Shift API
dab457bc2ff6c0f2,programming,2022-10-24T23:13:00+00:00,0.0,0.777,0.223,0.3182,positivo,,Arctic Shift API
8691707f6d73141e,programming,2023-11-22T23:14:52+00:00,0.0,0.891,0.109,0.5267,positivo,,Arctic Shift API
19042e164c6bbebb,programming,2024-05-16T00:35:36+00:00,0.016,0.86,0.125,0.9231,positivo,,Arctic Shift API
b1bd4879d7f68b3f,devops,2022-05-21T20:38:50+00:00,0.143,0.74,0.116,-0.7581,negativo,stress; bug,Arctic Shift API
ebb6840b3dfeeeb7,cscareerquestions,2022-01-23T00:22:11+00:00,0.0,0.789,0.211,0.4939,positivo,,Arctic Shift API
b9df3032a3753866,programming,2021-12-23T00:09:15+00:00,0.083,0.81,0.108,0.3597,positivo,,Arctic Shift API
14630d5215c937ed,programming,2024-12-15T03:40:22+00:00,0.0,0.843,0.157,0.0772,positivo,,Arctic Shift API
de4b0527ebcd7950,devops,2024-01-19T02:48:48+00:00,0.101,0.868,0.031,-0.6115,negativo,exhausting,Arctic Shift API
5bb6ec91c5ee342f,cscareerquestions,2022-05-04T23:59:56+00:00,0.0,0.58,0.42,0.8268,positivo,,Arctic Shift API
3d7b2d3aaac05123,programming,2024-06-29T23:03:47+00:00,0.0,0.849,0.151,0.2411,positivo,,Arctic Shift API
5c3300cc1acff85f,cscareerquestions,2021-12-13T23:56:26+00:00,0.026,0.837,0.137,0.775,positivo,,Arctic Shift API
e75e481c907a7358,cscareerquestions,2024-03-23T23:26:58+00:00,0.0,1.0,0.0,0.0,neutro,,Arctic Shift API
1a74421107a93b99,cscareerquestions,2022-01-19T23:52:13+00:00,0.146,0.754,0.101,-0.3094,negativo,,Arctic Shift API
41402d86116350d0,programming,2021-06-21T22:24:07+00:00,0.0,0.895,0.105,0.4019,positivo,,Arctic Shift API
7a5319c91677b573,cscareerquestions,2023-07-12T23:18:48+00:00,0.108,0.892,0.0,-0.3182,negativo,,Arctic Shift API
74d7c58a7ff01811,cscareerquestions,2024-06-12T23:57:47+00:00,0.147,0.67,0.183,0.2617,positivo,,Arctic Shift API
b148da8d884c3107,programming,2021-11-16T01:39:31+00:00,0.0,1.0,0.0,0.0,neutro,,Arctic Shift API
2a4ed5e8e2578322,programming,2021-05-20T01:54:43+00:00,0.0,0.796,0.204,0.5994,positivo,,Arctic Shift API
4395952b9c8e3592,devops,2023-03-26T00:33:58+00:00,0.029,0.884,0.087,0.5994,positivo,,Arctic Shift API
06f29233acd68215,cscareerquestions,2022-06-20T23:36:34+00:00,0.076,0.708,0.216,0.9948,positivo,,Arctic Shift API
01a4ea24ccdb84a5,programming,2023-11-12T03:50:31+00:00,0.058,0.942,0.0,-0.2732,negativo,,Arctic Shift API
8ce3b70cb0772d62,cscareerquestions,2023-10-22T00:10:52+00:00,0.0,0.405,0.595,0.8519,positivo,,Arctic Shift API
4c9eba1f4dac82cc,cscareerquestions,2024-10-26T22:43:01+00:00,0.0,1.0,0.0,0.0,neutro,,Arctic Shift API
379303dcfd32ac36,programming,2024-05-27T21:23:02+00:00,0.105,0.778,0.117,0.0654,positivo,,Arctic Shift API
08c0536734459f41,devops,2024-09-11T22:15:21+00:00,0.0,1.0,0.0,0.0,neutro,,Arctic Shift API
f9e0311c99674443,cscareerquestions,2024-11-05T00:59:06+00:00,0.0,1.0,0.0,0.0,neutro,,Arctic Shift API
b9c10f8c38161872,devops,2021-02-06T11:10:16+00:00,0.014,0.884,0.103,0.8338,positivo,,Arctic Shift API
47a7d3d7ee97c386,cscareerquestions,2021-05-10T23:47:48+00:00,0.187,0.813,0.0,-0.4574,negativo,,Arctic Shift API
52306792b21c25b6,programming,2021-06-11T00:34:43+00:00,0.067,0.885,0.049,-0.7701,negativo,,Arctic Shift API
04a228bee7b43c4a,cscareerquestions,2022-03-26T23:48:49+00:00,0.166,0.81,0.024,-0.8891,negativo,,Arctic Shift API
761b7fee1f6677da,programming,2021-07-13T02:12:40+00:00,0.116,0.768,0.116,-0.0,neutro,exhausting; bug,Arctic Shift API
d4ef16057d76cb58,programming,2021-05-09T02:27:01+00:00,0.264,0.736,0.0,-0.5,negativo,,Arctic Shift API
cc6482054caf39be,cscareerquestions,2021-11-16T00:52:18+00:00,0.0,0.969,0.031,0.1779,positivo,,Arctic Shift API
a2e1272f1a823cba,devops,2023-01-13T00:34:18+00:00,0.038,0.927,0.035,-0.0591,negativo,,Arctic Shift API
7d20d8876a0fa8c6,devops,2022-02-23T17:14:13+00:00,0.0,0.753,0.247,0.3182,positivo,,Arctic Shift API
76cd9c2ef5891438,devops,2024-08-21T20:05:48+00:00,0.0,0.933,0.067,0.3612,positivo,,Arctic Shift API
a19ce4549dc610c1,devops,2022-12-14T23:13:17+00:00,0.028,0.914,0.058,0.3321,positivo,,Arctic Shift API
9c1bac7cb79e5365,devops,2024-01-12T01:18:13+00:00,0.052,0.948,0.0,-0.1531,negativo,,Arctic Shift API
2549266305a86545,programming,2021-10-04T22:28:43+00:00,0.388,0.612,0.0,-0.4215,negativo,,Arctic Shift API
c40ee6b048c1ca1a,programming,2024-09-21T23:11:02+00:00,0.275,0.725,0.0,-0.6908,negativo,,Arctic Shift API
a77e26e14a83186a,cscareerquestions,2021-12-13T23:33:08+00:00,0.018,0.897,0.086,0.9293,positivo,,Arctic Shift API
3872137f26af7098,programming,2021-03-02T00:03:33+00:00,0.078,0.922,0.0,-0.7906,negativo,,Arctic Shift API
c065bd90a9fa1aaa,devops,2022-12-09T00:52:16+00:00,0.0,0.915,0.085,0.631,positivo,,Arctic Shift API
3465a54924727669,devops,2024-04-22T18:19:11+00:00,0.138,0.862,0.0,-0.8047,negativo,,Arctic Shift API
48c9e654dbb4ee4d,programming,2024-12-25T18:52:50+00:00,0.053,0.872,0.074,0.6892,positivo,,Arctic Shift API
8b1511adb5d3e092,devops,2022-11-22T01:58:29+00:00,0.0,1.0,0.0,0.0,neutro,,Arctic Shift API
0bed8b5ed6469f7f,devops,2023-04-11T10:24:26+00:00,0.0,0.795,0.205,0.7134,positivo,,Arctic Shift API
75b903dbcdab958c,programming,2022-06-25T21:43:52+00:00,0.0,0.955,0.045,0.2144,positivo,,Arctic Shift API
b54cb02d18d20c66,programming,2022-03-12T21:20:27+00:00,0.0,1.0,0.0,0.0,neutro,,Arctic Shift API
710c8880187c8045,devops,2022-10-12T19:15:38+00:00,0.061,0.777,0.163,0.8553,positivo,,Arctic Shift API
f8f60c87d841a3d7,devops,2021-11-21T11:52:21+00:00,0.0,0.712,0.288,0.9068,positivo,,Arctic Shift API
8155142f48ba07f6,cscareerquestions,2024-09-04T23:21:38+00:00,0.042,0.87,0.088,0.5574,positivo,,Arctic Shift API
40b51a1b2b490d6a,programming,2022-08-05T00:36:59+00:00,0.151,0.659,0.189,0.4795,positivo,,Arctic Shift API
7333369055f3e655,cscareerquestions,2023-07-16T00:49:10+00:00,0.03,0.857,0.113,0.9292,positivo,tired,Arctic Shift API
278376e7660c63b9,programming,2024-02-15T01:27:26+00:00,0.073,0.927,0.0,-0.296,negativo,,Arctic Shift API
49baf35d81b039b1,programming,2021-05-06T00:57:04+00:00,0.174,0.716,0.11,-0.8654,negativo,,Arctic Shift API
a11e53ef5d75a26a,cscareerquestions,2022-07-17T00:46:05+00:00,0.0,0.942,0.058,0.2023,positivo,,Arctic Shift API
b31f7795a203d8ef,devops,2024-03-03T02:25:21+00:00,0.107,0.893,0.0,-0.2023,negativo,,Arctic Shift API
9879ead2cad54646,programming,2022-10-21T03:19:21+00:00,0.188,0.761,0.051,-0.9505,negativo,,Arctic Shift API
06cb053d43a3dab5,devops,2022-08-16T02:30:03+00:00,0.123,0.684,0.193,0.9079,positivo,,Arctic Shift API
8c418a77909babd6,programming,2023-01-17T00:11:08+00:00,0.0,0.967,0.033,0.5487,positivo,,Arctic Shift API
36ec730b338ac65f,programming,2024-06-18T02:19:25+00:00,0.0,1.0,0.0,0.0,neutro,,Arctic Shift API
84f8ba72da58fd4c,cscareerquestions,2023-02-11T23:05:40+00:00,0.0,0.802,0.198,0.862,positivo,,Arctic Shift API
01aebb862c3d429e,cscareerquestions,2021-10-23T23:13:24+00:00,0.083,0.866,0.051,-0.2186,negativo,,Arctic Shift API
4401cf6db0d5ceac,cscareerquestions,2023-10-22T00:05:26+00:00,0.033,0.941,0.026,-0.1779,negativo,,Arctic Shift API
bc874a6eaa8d1f1c,cscareerquestions,2023-08-19T23:48:30+00:00,0.0,0.5,0.5,0.7184,positivo,,Arctic Shift API
f1671923c9c4ea9e,cscareerquestions,2021-04-07T23:38:07+00:00,0.082,0.88,0.038,-0.2783,negativo,,Arctic Shift API
bc565b16ecba0920,devops,2023-07-05T20:25:59+00:00,0.0,0.842,0.158,0.5719,positivo,,Arctic Shift API
6e9ed09f6d6fe389,programming,2022-09-19T21:00:02+00:00,0.0,0.932,0.068,0.25,positivo,,Arctic Shift API
d7a2f203a3831b75,devops,2021-03-19T04:22:43+00:00,0.0,0.839,0.161,0.3612,positivo,,Arctic Shift API
06cc9200b36aa8da,devops,2021-01-23T01:28:27+00:00,0.106,0.739,0.155,0.7351,positivo,,Arctic Shift API
fac37a87d684dcba,cscareerquestions,2024-10-02T23:53:08+00:00,0.161,0.628,0.211,0.0258,neutro,,Arctic Shift API
9ae15c1fb1885a20,programming,2022-07-20T23:52:59+00:00,0.231,0.769,0.0,-0.9364,negativo,,Arctic Shift API
4d3e57955976a9e0,devops,2022-10-31T20:22:27+00:00,0.0,0.813,0.187,0.891,positivo,,Arctic Shift API
a2d07777ce0d2e80,devops,2023-12-26T08:40:33+00:00,0.0,0.837,0.163,0.7351,positivo,,Arctic Shift API
15dc70b30ab935df,cscareerquestions,2022-05-16T23:16:34+00:00,0.067,0.848,0.085,0.1531,positivo,,Arctic Shift API
ff00a9b434daff06,devops,2024-06-20T01:16:46+00:00,0.399,0.601,0.0,-0.9062,negativo,,Arctic Shift API
ebf11f8146eead72,programming,2022-07-22T02:24:03+00:00,0.119,0.814,0.066,-0.4912,negativo,,Arctic Shift API
caa316cbd7b4b6a1,cscareerquestions,2024-07-20T22:10:33+00:00,0.0,1.0,0.0,0.0,neutro,,Arctic Shift API
2d5403bb7c5a2506,programming,2022-01-28T00:47:33+00:00,0.0,0.964,0.036,0.6597,positivo,,Arctic Shift API
26debdac89e4c261,programming,2023-08-28T22:16:39+00:00,0.026,0.845,0.129,0.9885,positivo,,Arctic Shift API
e382e6ee18b80138,programming,2021-04-16T00:08:55+00:00,0.088,0.912,0.0,-0.3818,negativo,,Arctic Shift API
a448073a5770c0c2,devops,2021-11-28T07:41:18+00:00,0.135,0.567,0.298,0.5106,positivo,,Arctic Shift API
143117b77899dffa,cscareerquestions,2021-01-20T23:25:17+00:00,0.075,0.824,0.101,0.2446,positivo,tired,Arctic Shift API
dd02ccba0a876eff,programming,2021-03-10T23:50:52+00:00,0.0,0.806,0.194,0.7579,positivo,incident,Arctic Shift API
59a54e583b7f024f,devops,2021-01-23T07:19:05+00:00,0.0,1.0,0.0,0.0,neutro,,Arctic Shift API
696e2eefc5ddaa9d,programming,2021-03-19T02:06:09+00:00,0.0,0.828,0.172,0.4404,positivo,,Arctic Shift API
91487aa505290f74,devops,2021-10-13T18:55:18+00:00,0.044,0.929,0.027,-0.1685,negativo,,Arctic Shift API
138681d9d5e13677,cscareerquestions,2021-06-22T01:07:55+00:00,0.102,0.642,0.257,0.8658,positivo,pressure,Arctic Shift API
06f435aaa9fe8f25,devops,2024-02-11T01:39:50+00:00,0.051,0.879,0.07,0.3612,positivo,,Arctic Shift API
6dc7f5a410eb16f8,cscareerquestions,2021-06-09T23:12:17+00:00,0.079,0.885,0.037,-0.395,negativo,,Arctic Shift API
5a4ad66a54fb4b85,programming,2024-05-29T22:16:32+00:00,0.238,0.762,0.0,-0.6115,negativo,,Arctic Shift API
4c8388c6a0b035c0,devops,2022-03-31T02:39:29+00:00,0.0,0.576,0.424,0.7088,positivo,,Arctic Shift API
dabd55bd3d2dbb68,devops,2023-01-13T12:26:53+00:00,0.0,0.909,0.091,0.6682,positivo,,Arctic Shift API
b1072c87ed72a783,cscareerquestions,2021-09-17T00:35:56+00:00,0.068,0.932,0.0,-0.296,negativo,,Arctic Shift API
a136d9ceb4296510,devops,2021-01-15T04:30:42+00:00,0.0,0.785,0.215,0.2944,positivo,,Arctic Shift API
122754001df86632,devops,2021-01-09T21:12:39+00:00,0.129,0.771,0.1,-0.7987,negativo,bug,Arctic Shift API
7a68e46ea0d0a7c8,programming,2024-08-21T23:04:51+00:00,0.0,0.878,0.122,0.4939,positivo,bug,Arctic Shift API
34bb4eaf2babc919,cscareerquestions,2024-02-12T23:19:22+00:00,0.153,0.771,0.076,-0.7351,negativo,,Arctic Shift API
7581a324529f508a,devops,2024-02-10T22:17:58+00:00,0.083,0.83,0.087,0.0258,neutro,,Arctic Shift API
d58751ff8cc5684e,programming,2023-07-11T00:41:49+00:00,0.159,0.558,0.283,0.4389,positivo,,Arctic Shift API
7f1520b4610048b3,cscareerquestions,2023-09-28T00:18:55+00:00,0.0,0.675,0.325,0.802,positivo,,Arctic Shift API
70fb471e245a3382,cscareerquestions,2021-01-20T23:45:28+00:00,0.0,1.0,0.0,0.0,neutro,,Arctic Shift API
adccb23aea2e408f,programming,2024-12-24T03:31:35+00:00,0.026,0.78,0.194,0.9254,positivo,,Arctic Shift API
e330e5f88e2adf19,devops,2022-08-17T19:52:35+00:00,0.114,0.726,0.16,0.5312,positivo,,Arctic Shift API
4c46ef4846be6162,devops,2024-02-13T02:46:27+00:00,0.09,0.802,0.109,0.25,positivo,,Arctic Shift API
57e2f327142fe92a,cscareerquestions,2024-12-01T00:10:07+00:00,0.0,0.82,0.18,0.9753,positivo,,Arctic Shift API
315b9f7868d252a4,cscareerquestions,2021-08-09T23:04:03+00:00,0.058,0.887,0.054,-0.0772,negativo,,Arctic Shift API
b19607a35be51e09,programming,2024-08-14T21:13:35+00:00,0.083,0.819,0.098,-0.2593,negativo,,Arctic Shift API
21cdeb8957652feb,cscareerquestions,2022-06-05T00:10:05+00:00,0.048,0.922,0.03,-0.2023,negativo,,Arctic Shift API
806d07098e455c0b,cscareerquestions,2023-09-30T23:52:53+00:00,0.042,0.87,0.088,0.5574,positivo,,Arctic Shift API
2a44d8d5521e1871,devops,2023-12-23T20:28:39+00:00,0.0,0.909,0.091,0.3182,positivo,,Arctic Shift API
ea6e240588081f42,devops,2021-05-27T00:36:48+00:00,0.088,0.81,0.102,0.2263,positivo,,Arctic Shift API
acbc9fca253b365a,cscareerquestions,2022-10-08T22:46:27+00:00,0.059,0.779,0.162,0.963,positivo,,Arctic Shift API
332e49511c01f0e8,cscareerquestions,2024-08-21T23:02:19+00:00,0.087,0.838,0.075,-0.1531,negativo,,Arctic Shift API
b2ab826e7861c6ea,programming,2023-12-06T21:03:46+00:00,0.02,0.946,0.034,0.3382,positivo,,Arctic Shift API
374f9a815cf42c86,cscareerquestions,2024-12-29T00:10:51+00:00,0.042,0.87,0.088,0.5574,positivo,,Arctic Shift API
0f4ddfa223c4b607,programming,2024-10-08T02:59:27+00:00,0.0,0.853,0.147,0.533,positivo,,Arctic Shift API
000557e12040d7ba,devops,2023-03-26T02:52:54+00:00,0.088,0.759,0.154,0.7783,positivo,,Arctic Shift API
92f80b33ab3ccca9,cscareerquestions,2022-06-06T23:24:21+00:00,0.0,0.884,0.116,0.3612,positivo,,Arctic Shift API
5c16a7e38ebc7150,cscareerquestions,2021-01-29T00:04:21+00:00,0.169,0.788,0.043,-0.8176,negativo,,Arctic Shift API
843170fc8e4a49bd,cscareerquestions,2022-02-12T23:55:32+00:00,0.064,0.844,0.092,0.4284,positivo,,Arctic Shift API
d105b87370aaecda,programming,2022-03-18T01:21:59+00:00,0.189,0.789,0.022,-0.9498,negativo,,Arctic Shift API
d1d78fbc46240635,cscareerquestions,2022-02-18T00:17:40+00:00,0.053,0.839,0.108,0.9522,positivo,deadline; deadlines,Arctic Shift API
a8159f1410b36188,programming,2023-03-04T21:53:20+00:00,0.0,1.0,0.0,0.0,neutro,,Arctic Shift API
8ee65d58e7924d5a,devops,2021-06-17T08:24:47+00:00,0.0,0.847,0.153,0.4019,positivo,,Arctic Shift API
702af3a59096af9f,cscareerquestions,2024-02-13T00:41:11+00:00,0.042,0.87,0.088,0.5574,positivo,,Arctic Shift API
e8ed7fe30c022e9b,programming,2021-01-07T00:20:37+00:00,0.044,0.875,0.082,-0.0,neutro,,Arctic Shift API
3f6e59d335f13bd9,cscareerquestions,2024-12-28T23:54:18+00:00,0.0,1.0,0.0,0.0,neutro,,Arctic Shift API
5296e712a0a15ffb,cscareerquestions,2022-01-23T00:03:55+00:00,0.0,1.0,0.0,0.0,neutro,,Arctic Shift API
f1240b83fe96a3e3,programming,2023-12-22T03:17:02+00:00,0.079,0.824,0.097,0.128,positivo,,Arctic Shift API
3726ca83399ccfdc,cscareerquestions,2021-10-19T00:36:43+00:00,0.0,0.755,0.245,0.5965,positivo,,Arctic Shift API
06c7cd705839d25f,cscareerquestions,2021-05-14T01:16:37+00:00,0.0,0.891,0.109,0.2682,positivo,,Arctic Shift API
bfa9a99f621332c1,programming,2021-06-25T00:41:44+00:00,0.0,0.779,0.221,0.7876,positivo,,Arctic Shift API
33e3e40be5a7ae76,cscareerquestions,2021-05-30T00:24:17+00:00,0.044,0.771,0.185,0.7322,positivo,,Arctic Shift API
a0405c9cfe70b750,programming,2023-01-28T23:29:17+00:00,0.051,0.918,0.031,-0.0516,negativo,,Arctic Shift API
362d74fb90c0e74b,programming,2024-02-26T23:43:03+00:00,0.0,1.0,0.0,0.0,neutro,,Arctic Shift API
aaf43f44ffbe5b18,cscareerquestions,2023-06-05T23:40:38+00:00,0.0,0.707,0.293,0.6597,positivo,,Arctic Shift API
71ad01d78b5d0ffc,programming,2021-12-13T22:40:33+00:00,0.0,0.828,0.172,0.3612,positivo,,Arctic Shift API
a1269e031bd87e9a,devops,2021-02-19T20:10:12+00:00,0.0,0.252,0.748,0.9501,positivo,,Arctic Shift API
ba648e414d2f433f,cscareerquestions,2022-09-25T00:28:44+00:00,0.047,0.784,0.169,0.9725,positivo,stress; stressful,Arctic Shift API
8956b2d0da91920c,cscareerquestions,2022-03-27T00:36:49+00:00,0.021,0.866,0.113,0.6808,positivo,,Arctic Shift API
6ad4f3d7cf41ee29,programming,2024-09-11T21:14:27+00:00,0.192,0.808,0.0,-0.7269,negativo,,Arctic Shift API
52817a06fd2f8a77,devops,2023-11-30T03:41:08+00:00,0.0,0.721,0.279,0.7351,positivo,,Arctic Shift API
b407b8af6790682e,cscareerquestions,2021-05-12T23:46:18+00:00,0.081,0.854,0.064,-0.5008,negativo,,Arctic Shift API
eeab80f1f5209d9d,cscareerquestions,2021-10-15T00:45:46+00:00,0.0,1.0,0.0,0.0,neutro,,Arctic Shift API
8f316734859dbb66,cscareerquestions,2024-09-10T00:01:27+00:00,0.0,0.874,0.126,0.7584,positivo,,Arctic Shift API
94045ca10fd28cf7,cscareerquestions,2022-09-16T00:32:01+00:00,0.128,0.806,0.066,-0.9559,negativo,,Arctic Shift API
b9c513f9c6383401,cscareerquestions,2024-03-26T00:04:26+00:00,0.0,0.915,0.085,0.3832,positivo,,Arctic Shift API
41c690dd4d76e7ef,cscareerquestions,2022-04-02T23:16:26+00:00,0.169,0.787,0.044,-0.8689,negativo,,Arctic Shift API
360f4797849d24d3,devops,2024-04-21T04:31:06+00:00,0.0,1.0,0.0,0.0,neutro,,Arctic Shift API
748fc1d2ee070b29,devops,2022-02-08T04:31:17+00:00,0.0,0.864,0.136,0.9381,positivo,,Arctic Shift API
de9c6778985c9162,devops,2023-03-02T02:02:18+00:00,0.194,0.806,0.0,-0.3818,negativo,,Arctic Shift API
530d2b3a5d6719dc,programming,2021-01-28T00:51:22+00:00,0.0,0.916,0.084,0.5423,positivo,,Arctic Shift API
b34594a335194252,programming,2023-05-17T23:16:24+00:00,0.0,0.57,0.43,0.7783,positivo,,Arctic Shift API
4279b28962577561,programming,2023-11-04T21:51:37+00:00,0.0,0.749,0.251,0.6549,positivo,,Arctic Shift API
657c985da5836d23,devops,2022-07-04T18:36:15+00:00,0.056,0.605,0.339,0.7906,positivo,,Arctic Shift API
87f10b7513654726,programming,2022-11-20T00:28:16+00:00,0.0,0.917,0.083,0.4215,positivo,,Arctic Shift API
961628d0e9ad38c9,devops,2023-03-25T17:38:56+00:00,0.149,0.851,0.0,-0.434,negativo,,Arctic Shift API
5dda1cbdbecbd341,programming,2022-01-30T00:17:13+00:00,0.085,0.698,0.217,0.5267,positivo,,Arctic Shift API
6538f7bb6295d039,cscareerquestions,2021-03-01T23:40:42+00:00,0.0,0.927,0.073,0.4754,positivo,,Arctic Shift API
e12f5451b1ad8ba7,devops,2024-09-24T08:05:37+00:00,0.0,0.919,0.081,0.9366,positivo,,Arctic Shift API
2b5b4669611a0c39,programming,2021-02-22T23:15:47+00:00,0.0,1.0,0.0,0.0,neutro,,Arctic Shift API
6bbad659cfb0051f,devops,2024-08-15T02:10:03+00:00,0.05,0.782,0.168,0.743,positivo,,Arctic Shift API
35b59188fe781578,cscareerquestions,2021-03-09T01:12:00+00:00,0.0,0.846,0.154,0.9393,positivo,,Arctic Shift API
607b4c0a22cd90a0,programming,2024-07-16T00:54:19+00:00,0.088,0.795,0.117,0.1759,positivo,on call,Arctic Shift API
bbe2c4fc22a2165e,devops,2024-03-13T23:56:20+00:00,0.0,0.861,0.139,0.7003,positivo,,Arctic Shift API
046400b5f13d0441,devops,2024-06-06T06:59:38+00:00,0.081,0.879,0.04,-0.2263,negativo,,Arctic Shift API
a9d90d2a46f70f4d,programming,2024-10-20T03:26:57+00:00,0.046,0.852,0.102,0.401,positivo,,Arctic Shift API
efe5b85c6a956a1f,programming,2024-11-30T23:31:44+00:00,0.038,0.853,0.109,0.5574,positivo,,Arctic Shift API
ba1c783cfbfe2872,programming,2021-04-28T23:26:22+00:00,0.075,0.731,0.194,0.4939,positivo,,Arctic Shift API
0560b840207f979e,cscareerquestions,2023-09-28T00:27:33+00:00,0.049,0.889,0.062,0.5251,positivo,,Arctic Shift API
1ff0960510ebe61e,devops,2024-06-11T07:57:38+00:00,0.064,0.817,0.118,0.9822,positivo,stress,Arctic Shift API
16ca7d61e8b9280d,devops,2024-09-23T19:36:42+00:00,0.0,0.691,0.309,0.7005,positivo,,Arctic Shift API
df7aea3f48ee1d15,cscareerquestions,2023-02-05T00:46:39+00:00,0.026,0.702,0.272,0.9117,positivo,,Arctic Shift API
d98440e6bebf99d2,devops,2024-03-16T23:04:42+00:00,0.0,1.0,0.0,0.0,neutro,,Arctic Shift API
8af5d04b64031154,devops,2022-10-17T15:04:50+00:00,0.0,1.0,0.0,0.0,neutro,,Arctic Shift API
fc5b6c382c560f42,cscareerquestions,2022-05-28T23:48:14+00:00,0.21,0.79,0.0,-0.6428,negativo,,Arctic Shift API
ec34b0c24565fbba,devops,2024-01-18T00:03:50+00:00,0.0,0.921,0.079,0.4588,positivo,,Arctic Shift API
1008e20dd7d15890,devops,2021-06-12T20:49:38+00:00,0.012,0.876,0.112,0.893,positivo,,Arctic Shift API
22593e1d09fef6d8,programming,2024-03-07T00:31:14+00:00,0.0,0.896,0.104,0.2716,positivo,,Arctic Shift API
29a8797a08d4937e,devops,2024-08-09T01:44:58+00:00,0.057,0.943,0.0,-0.0516,negativo,,Arctic Shift API
5f4ed547770e93b9,cscareerquestions,2024-05-03T00:08:42+00:00,0.0,0.741,0.259,0.4215,positivo,,Arctic Shift API
92661c739418aa8f,devops,2023-02-21T01:37:54+00:00,0.0,1.0,0.0,0.0,neutro,,Arctic Shift API
ad91a9052510b330,cscareerquestions,2023-08-10T00:32:27+00:00,0.129,0.871,0.0,-0.4522,negativo,,Arctic Shift API
64d976933f565add,cscareerquestions,2024-12-02T23:58:10+00:00,0.337,0.557,0.106,-0.8886,negativo,,Arctic Shift API
23b118c1373546be,cscareerquestions,2021-12-12T00:35:15+00:00,0.0,1.0,0.0,0.0,neutro,,Arctic Shift API
d57ecd524056bcde,programming,2021-03-10T21:56:04+00:00,0.157,0.785,0.058,-0.5994,negativo,,Arctic Shift API
7874050f66dd90eb,cscareerquestions,2023-04-18T00:16:09+00:00,0.347,0.478,0.176,-0.8006,negativo,,Arctic Shift API
1e49d1446c7d865d,programming,2024-08-04T02:17:18+00:00,0.106,0.743,0.151,0.611,positivo,,Arctic Shift API
3c6566c2fcb52ff9,programming,2021-01-19T00:48:28+00:00,0.143,0.716,0.141,-0.0258,neutro,,Arctic Shift API
1a46b3668350ba33,cscareerquestions,2024-06-17T23:12:28+00:00,0.045,0.723,0.232,0.9621,positivo,,Arctic Shift API
6dd927133091cc32,programming,2022-08-17T22:39:19+00:00,0.044,0.92,0.036,-0.2579,negativo,,Arctic Shift API
a8ad35c9fa40c260,programming,2024-04-16T02:29:42+00:00,0.157,0.735,0.108,-0.3089,negativo,,Arctic Shift API
867c9a3688eb186f,programming,2022-04-15T02:46:01+00:00,0.359,0.641,0.0,-0.7411,negativo,,Arctic Shift API
177fba0a946d626d,cscareerquestions,2022-04-03T01:32:34+00:00,0.0,0.811,0.189,0.4215,positivo,,Arctic Shift API
e4648096b58217d7,devops,2024-12-01T10:19:19+00:00,0.03,0.722,0.247,0.9927,positivo,,Arctic Shift API
210732756e6f02c8,cscareerquestions,2022-10-11T00:30:40+00:00,0.042,0.87,0.088,0.5574,positivo,,Arctic Shift API
86e4c2f507598167,programming,2024-01-27T22:25:25+00:00,0.0,1.0,0.0,0.0,neutro,,Arctic Shift API
2abfd8078c567b07,cscareerquestions,2021-07-06T00:41:26+00:00,0.076,0.924,0.0,-0.437,negativo,,Arctic Shift API
032f54d31a273c27,devops,2021-08-20T02:01:23+00:00,0.01,0.961,0.03,0.4939,positivo,,Arctic Shift API
5b65a510c2b3408b,programming,2021-07-10T23:19:32+00:00,0.044,0.833,0.124,0.5913,positivo,,Arctic Shift API
a83de02b301da57f,devops,2023-12-27T21:36:41+00:00,0.091,0.909,0.0,-0.1531,negativo,,Arctic Shift API
072defb09d7ff462,devops,2021-03-09T05:17:18+00:00,0.017,0.954,0.029,0.1996,positivo,,Arctic Shift API
de72980d9b8a693c,programming,2021-06-21T23:17:00+00:00,0.046,0.902,0.051,-0.3752,negativo,bug,Arctic Shift API
fbaea249d216f18b,devops,2024-12-17T00:05:52+00:00,0.0,0.791,0.209,0.5719,positivo,,Arctic Shift API
baa0d2eb3c4b9d91,cscareerquestions,2021-05-21T01:06:39+00:00,0.08,0.778,0.141,0.9112,positivo,deadline; deadlines,Arctic Shift API
ab1e397bb9e2815a,programming,2021-05-28T00:41:24+00:00,0.0,1.0,0.0,0.0,neutro,,Arctic Shift API
d3659578d27a834a,cscareerquestions,2023-10-01T00:39:47+00:00,0.089,0.911,0.0,-0.2592,negativo,,Arctic Shift API
4b0868798852fdde,devops,2023-06-06T07:28:41+00:00,0.0,0.877,0.123,0.7951,positivo,,Arctic Shift API
857b4035f5ef9d3e,cscareerquestions,2024-03-22T00:00:27+00:00,0.055,0.754,0.19,0.6557,positivo,,Arctic Shift API
419d81bba2abdabd,cscareerquestions,2024-12-21T23:35:44+00:00,0.0,0.775,0.225,0.4939,positivo,,Arctic Shift API
0f3c42021529363e,cscareerquestions,2022-08-01T23:18:58+00:00,0.116,0.718,0.166,0.2263,positivo,,Arctic Shift API
365bb0fd986d6581,programming,2022-12-01T00:01:45+00:00,0.0,0.811,0.189,0.6369,positivo,,Arctic Shift API
d13a459f29ade2e0,cscareerquestions,2021-05-23T01:08:21+00:00,0.0,0.9,0.1,0.885,positivo,,Arctic Shift API
e33655d87ed2ad24,devops,2021-05-19T21:50:39+00:00,0.0,1.0,0.0,0.0,neutro,,Arctic Shift API
e1dc451be7272cea,devops,2023-04-23T12:30:35+00:00,0.083,0.772,0.145,0.9722,positivo,deadline; bug,Arctic Shift API
c5cdc192b7a041ac,devops,2021-07-05T22:20:46+00:00,0.0,0.798,0.202,0.5106,positivo,,Arctic Shift API
6e427b18e47336ab,cscareerquestions,2024-10-22T00:49:34+00:00,0.047,0.897,0.057,0.128,positivo,,Arctic Shift API
0177fbd5d1945902,cscareerquestions,2023-08-29T01:01:12+00:00,0.0,0.738,0.262,0.4939,positivo,,Arctic Shift API
0800a132334f0612,devops,2021-11-17T23:55:48+00:00,0.08,0.828,0.093,0.1012,positivo,,Arctic Shift API
d24d9174403ae794,programming,2023-09-18T23:09:27+00:00,0.0,0.919,0.081,0.6697,positivo,,Arctic Shift API
51f59fa72e7503d9,devops,2024-06-29T12:28:46+00:00,0.0,1.0,0.0,0.0,neutro,,Arctic Shift API
a751a0886d51dd84,devops,2023-07-11T08:54:10+00:00,0.179,0.616,0.204,0.3169,positivo,,Arctic Shift API
2474e2fa92d79b17,programming,2024-08-22T00:10:30+00:00,0.0,1.0,0.0,0.0,neutro,,Arctic Shift API
1c50534aa12cf8fa,cscareerquestions,2021-05-24T22:56:28+00:00,0.0,0.846,0.154,0.5209,positivo,,Arctic Shift API
f039125003a6e53e,cscareerquestions,2022-07-27T23:46:36+00:00,0.182,0.75,0.068,-0.8481,negativo,,Arctic Shift API
c09adf60cdb34cc7,cscareerquestions,2024-07-02T00:46:48+00:00,0.033,0.967,0.0,-0.1531,negativo,,Arctic Shift API
d139ce94d39d8adb,programming,2024-05-30T05:14:33+00:00,0.0,1.0,0.0,0.0,neutro,,Arctic Shift API
d2e318e9d76323e5,cscareerquestions,2023-05-16T01:00:06+00:00,0.0,0.856,0.144,0.6369,positivo,,Arctic Shift API
90302f5e49e2da97,cscareerquestions,2024-05-30T00:58:02+00:00,0.05,0.743,0.207,0.6842,positivo,,Arctic Shift API
33bb9a3912fbf529,cscareerquestions,2023-11-09T00:48:10+00:00,0.042,0.87,0.088,0.5574,positivo,,Arctic Shift API
3077fab3d1f2fb6c,programming,2021-09-18T21:13:37+00:00,0.131,0.696,0.173,0.6265,positivo,,Arctic Shift API
d7bb543c9660fc9d,cscareerquestions,2024-12-23T23:26:40+00:00,0.0,1.0,0.0,0.0,neutro,,Arctic Shift API
e0d79ca6a5862c60,devops,2023-09-18T20:13:55+00:00,0.0,0.775,0.225,0.4404,positivo,,Arctic Shift API
92a984a4b26106dc,cscareerquestions,2024-06-09T00:53:53+00:00,0.155,0.815,0.03,-0.8966,negativo,,Arctic Shift API
d7bf84b4c606dcd1,cscareerquestions,2024-10-01T00:08:48+00:00,0.0,0.451,0.549,0.743,positivo,,Arctic Shift API
7a189d6a7e2ea9b2,cscareerquestions,2022-11-28T23:42:50+00:00,0.053,0.914,0.033,-0.1251,negativo,,Arctic Shift API
dcd19c4403618348,cscareerquestions,2022-10-20T00:12:16+00:00,0.056,0.944,0.0,-0.296,negativo,,Arctic Shift API
0bcf6e05cc5403b9,programming,2022-10-09T00:05:13+00:00,0.069,0.787,0.143,0.7579,positivo,,Arctic Shift API
669a8e896b17eb64,devops,2023-05-30T12:45:06+00:00,0.134,0.734,0.132,-0.2936,negativo,,Arctic Shift API
b6c9bc6a982899b3,cscareerquestions,2023-06-05T23:28:41+00:00,0.0,0.686,0.314,0.8313,positivo,,Arctic Shift API
5828d2d1e3d9dfbb,programming,2022-04-10T00:57:02+00:00,0.042,0.765,0.193,0.986,positivo,,Arctic Shift API
a281e5afd8650334,devops,2021-12-20T14:43:20+00:00,0.038,0.736,0.226,0.9151,positivo,bug,Arctic Shift API
03d3ab7635d626a0,programming,2021-03-15T23:26:30+00:00,0.202,0.579,0.219,-0.0018,neutro,,Arctic Shift API
040bfc6d64c4087d,cscareerquestions,2023-05-16T00:42:42+00:00,0.099,0.792,0.109,0.0772,positivo,,Arctic Shift API
2abe97d004f45c4d,programming,2023-10-08T03:40:13+00:00,0.0,1.0,0.0,0.0,neutro,,Arctic Shift API
7b1da29bd77a1f4a,devops,2024-02-07T23:04:25+00:00,0.075,0.861,0.063,-0.2525,negativo,,Arctic Shift API
d3c8663f31dff371,devops,2021-10-10T00:21:02+00:00,0.0,0.909,0.091,0.9286,positivo,,Arctic Shift API
1c7f7cbb63003675,programming,2023-07-29T20:41:19+00:00,0.1,0.821,0.079,-0.1779,negativo,,Arctic Shift API
30ea678beb29a0d3,cscareerquestions,2021-11-03T23:20:31+00:00,0.0,1.0,0.0,0.0,neutro,,Arctic Shift API
a8efb094c1506ecb,devops,2021-02-21T08:00:17+00:00,0.0,1.0,0.0,0.0,neutro,,Arctic Shift API
cdac7e4da488960e,devops,2022-10-13T03:43:12+00:00,0.131,0.693,0.176,0.1779,positivo,,Arctic Shift API
eaf3bafb148b4f82,programming,2023-11-27T21:22:19+00:00,0.186,0.697,0.116,-0.5136,negativo,,Arctic Shift API
6f474ca41958233c,devops,2021-12-02T00:51:09+00:00,0.067,0.816,0.116,0.3528,positivo,,Arctic Shift API
093eb4437453da3a,devops,2023-09-19T05:56:08+00:00,0.083,0.85,0.067,-0.0343,neutro,,Arctic Shift API
2c9b8d87903c3794,programming,2023-02-22T23:08:56+00:00,0.018,0.916,0.066,0.5994,positivo,,Arctic Shift API
ff2773cfc532dab2,cscareerquestions,2023-04-07T00:31:21+00:00,0.056,0.751,0.192,0.4404,positivo,,Arctic Shift API
9607def4568cb776,cscareerquestions,2023-11-13T23:17:54+00:00,0.119,0.803,0.078,-0.7275,negativo,,Arctic Shift API
06fb7be20f4753d9,programming,2023-08-25T00:32:29+00:00,0.099,0.861,0.04,-0.6694,negativo,,Arctic Shift API
104fdd6f011dbf07,devops,2022-02-09T17:37:38+00:00,0.0,1.0,0.0,0.0,neutro,,Arctic Shift API
f9cbe4af490ed9a9,cscareerquestions,2024-09-18T23:44:26+00:00,0.0,0.797,0.203,0.4215,positivo,,Arctic Shift API
fe3d65948af4d950,programming,2023-11-29T23:25:08+00:00,0.0,0.608,0.392,0.8979,positivo,,Arctic Shift API
f0a7d1b113dc52ee,devops,2024-01-09T03:37:04+00:00,0.278,0.722,0.0,-0.4019,negativo,,Arctic Shift API
ec33f622cb0868ca,cscareerquestions,2021-10-12T00:40:24+00:00,0.068,0.758,0.174,0.995,positivo,,Arctic Shift API
cacff3251418e67a,programming,2021-10-12T00:19:02+00:00,0.021,0.907,0.072,0.814,positivo,,Arctic Shift API
5d9290d94c1ffba8,cscareerquestions,2022-10-31T23:45:42+00:00,0.0,0.942,0.058,0.0772,positivo,,Arctic Shift API
32c8d059c03e5507,programming,2023-02-17T01:47:15+00:00,0.0,0.883,0.117,0.9485,positivo,,Arctic Shift API
82ec7efd6c265601,devops,2021-06-12T12:29:49+00:00,0.0,0.691,0.309,0.7003,positivo,,Arctic Shift API
b92008a48b7f7f16,programming,2022-08-24T23:59:31+00:00,0.0,1.0,0.0,0.0,neutro,,Arctic Shift API
73e6c8a19b2591fc,programming,2022-08-07T00:00:39+00:00,0.0,1.0,0.0,0.0,neutro,,Arctic Shift API
7840ef9abc080c2d,programming,2023-12-15T00:43:07+00:00,0.335,0.665,0.0,-0.6738,negativo,,Arctic Shift API
114900fc00994a31,programming,2023-05-06T20:53:14+00:00,0.216,0.784,0.0,-0.296,negativo,,Arctic Shift API
7e75a7674f3106be,devops,2021-02-02T12:24:24+00:00,0.0,0.854,0.146,0.6858,positivo,,Arctic Shift API
c00172eb8fbbf06e,cscareerquestions,2021-06-14T23:59:00+00:00,0.052,0.82,0.128,0.9818,positivo,,Arctic Shift API
e71dc46c4976c283,devops,2021-02-03T19:25:02+00:00,0.198,0.634,0.169,-0.5284,negativo,,Arctic Shift API
e17fb1ffe76df778,cscareerquestions,2024-11-07T00:57:31+00:00,0.025,0.781,0.194,0.8533,positivo,,Arctic Shift API
ea1b70d1c425ac63,cscareerquestions,2024-04-20T23:47:15+00:00,0.0,0.839,0.161,0.9719,positivo,,Arctic Shift API
f1e3d4f9a2e70e7c,cscareerquestions,2021-08-30T23:18:20+00:00,0.0,0.942,0.058,0.2716,positivo,,Arctic Shift API
420101f540a44c50,devops,2023-04-09T07:18:24+00:00,0.0,1.0,0.0,0.0,neutro,,Arctic Shift API
a19984eb79317490,programming,2021-09-22T22:30:29+00:00,0.338,0.324,0.338,0.0,neutro,,Arctic Shift API
3f807ba3b9c233f2,cscareerquestions,2021-02-14T01:30:09+00:00,0.0,0.82,0.18,0.296,positivo,,Arctic Shift API
aabd3ef8f645603a,programming,2021-05-21T00:44:59+00:00,0.053,0.537,0.41,0.8993,positivo,,Arctic Shift API
537b62f55b96011e,programming,2021-01-10T00:22:00+00:00,0.0,0.652,0.348,0.5859,positivo,,Arctic Shift API
56570c07c9d07680,programming,2023-04-29T23:28:20+00:00,0.0,0.774,0.226,0.6908,positivo,,Arctic Shift API
c664fd79c2f576ae,devops,2022-12-17T21:20:04+00:00,0.123,0.699,0.178,0.4588,positivo,,Arctic Shift API
543b7114e11fdc5b,cscareerquestions,2021-01-09T23:54:08+00:00,0.026,0.779,0.194,0.8489,positivo,pressure,Arctic Shift API
366b8f45adfb0521,cscareerquestions,2023-02-08T23:23:47+00:00,0.0,1.0,0.0,0.0,neutro,,Arctic Shift API
545a360ed37a5213,cscareerquestions,2024-02-22T00:50:46+00:00,0.151,0.667,0.182,0.1302,positivo,,Arctic Shift API
89202231336051a9,cscareerquestions,2022-11-04T00:05:58+00:00,0.076,0.811,0.113,0.204,positivo,,Arctic Shift API
0d4223dc4fd3b0ab,devops,2024-01-14T08:38:41+00:00,0.137,0.788,0.075,-0.8765,negativo,,Arctic Shift API
9749109ef18645a6,devops,2023-05-16T05:44:50+00:00,0.0,1.0,0.0,0.0,neutro,,Arctic Shift API
f5d47402204a3a16,programming,2023-12-25T23:07:34+00:00,0.0,1.0,0.0,0.0,neutro,,Arctic Shift API
61616c5b5286db6c,programming,2023-05-29T23:00:12+00:00,0.142,0.728,0.131,-0.2415,negativo,,Arctic Shift API
7f327383034452aa,cscareerquestions,2024-01-08T23:49:43+00:00,0.042,0.87,0.088,0.5574,positivo,,Arctic Shift API
21b33c5c0fe5bf70,devops,2022-09-15T06:16:45+00:00,0.015,0.857,0.128,0.9465,positivo,,Arctic Shift API
2d49fca8e66e073f,cscareerquestions,2021-06-24T00:26:35+00:00,0.047,0.753,0.2,0.8442,positivo,,Arctic Shift API
31db93cdba4ffd1d,devops,2021-02-26T00:40:07+00:00,0.065,0.861,0.074,0.0772,positivo,,Arctic Shift API
2c46af578f96218f,programming,2024-09-25T23:11:30+00:00,0.0,1.0,0.0,0.0,neutro,,Arctic Shift API
346e468ee95de0df,cscareerquestions,2021-08-08T00:42:33+00:00,0.081,0.862,0.057,-0.4767,negativo,,Arctic Shift API
dd71c12f9ba35fce,devops,2022-05-18T23:05:46+00:00,0.0,0.974,0.026,0.144,positivo,,Arctic Shift API
737527b60c3404b8,cscareerquestions,2024-07-25T00:15:34+00:00,0.02,0.929,0.051,0.4563,positivo,workload,Arctic Shift API
95ff1fead8308c61,cscareerquestions,2022-01-29T23:19:00+00:00,0.044,0.84,0.116,0.6494,positivo,,Arctic Shift API
c321e19082c79bf3,programming,2024-04-06T21:56:13+00:00,0.031,0.874,0.095,0.5511,positivo,,Arctic Shift API
3de6d359a81ffc1a,devops,2021-02-25T04:22:53+00:00,0.0,0.789,0.211,0.7574,positivo,,Arctic Shift API
2defdef49d3d2a12,cscareerquestions,2021-10-23T23:00:13+00:00,0.097,0.735,0.168,0.34,positivo,,Arctic Shift API
943594197ee9f77f,cscareerquestions,2022-07-05T00:08:38+00:00,0.028,0.86,0.112,0.7343,positivo,,Arctic Shift API
af39de6b18698dd9,programming,2024-02-17T21:30:58+00:00,0.0,0.889,0.111,0.25,positivo,,Arctic Shift API
7d59ac3741f20453,programming,2023-01-08T01:55:09+00:00,0.0,0.882,0.118,0.8126,positivo,,Arctic Shift API
c8ee7c9df09cca4a,devops,2022-10-02T09:12:23+00:00,0.051,0.811,0.137,0.7073,positivo,,Arctic Shift API
c4e5652c68e5d366,devops,2024-09-02T22:04:15+00:00,0.012,0.838,0.149,0.9786,positivo,,Arctic Shift API
1e5f08bd6c348a93,programming,2024-01-13T23:11:38+00:00,0.209,0.651,0.14,-0.128,negativo,,Arctic Shift API
78b99963a0cb6753,cscareerquestions,2021-04-17T23:42:00+00:00,0.0,0.875,0.125,0.5719,positivo,,Arctic Shift API
46cecfbd966fecf6,cscareerquestions,2021-09-21T00:27:09+00:00,0.321,0.45,0.229,-0.3939,negativo,,Arctic Shift API
9197192f589b9b2f,cscareerquestions,2021-07-06T00:31:27+00:00,0.193,0.807,0.0,-0.4767,negativo,,Arctic Shift API
721792e363c027e1,devops,2022-09-15T01:12:31+00:00,0.0,0.846,0.154,0.6369,positivo,,Arctic Shift API
3137e78b77a67d73,devops,2023-03-21T10:28:57+00:00,0.022,0.903,0.075,0.6423,positivo,,Arctic Shift API
b96e571fd7670a15,programming,2023-04-10T21:14:45+00:00,0.516,0.395,0.089,-0.9186,negativo,,Arctic Shift API
f2339d81a8a8c5c7,cscareerquestions,2023-11-14T00:03:17+00:00,0.0,0.896,0.104,0.7003,positivo,,Arctic Shift API
eb2235c4966e69c0,programming,2022-12-09T00:58:12+00:00,0.174,0.826,0.0,-0.886,negativo,,Arctic Shift API
f4f4036fc49b4231,devops,2024-05-04T20:54:28+00:00,0.062,0.896,0.042,0.1154,positivo,outage,Arctic Shift API
cfc87a8505a609d7,devops,2024-12-09T20:04:13+00:00,0.0,0.896,0.104,0.9194,positivo,,Arctic Shift API
31eabbd5b43ecef9,cscareerquestions,2023-12-18T23:34:38+00:00,0.103,0.884,0.013,-0.7684,negativo,,Arctic Shift API
c54877d91e1addd8,devops,2022-01-19T21:00:23+00:00,0.128,0.733,0.139,0.1729,positivo,,Arctic Shift API
42be0def0fff2d09,programming,2023-01-07T23:30:34+00:00,0.218,0.606,0.176,-0.1779,negativo,,Arctic Shift API
807ef1ea93d11109,devops,2024-08-02T03:22:30+00:00,0.0,0.611,0.389,0.6249,positivo,,Arctic Shift API
7f49f3d6b64d3774,programming,2022-04-14T02:58:02+00:00,0.022,0.858,0.12,0.743,positivo,,Arctic Shift API
4a168babd5d52890,programming,2023-11-21T00:43:36+00:00,0.0,1.0,0.0,0.0,neutro,,Arctic Shift API
d6039c97931b8c88,devops,2023-05-20T23:34:24+00:00,0.122,0.83,0.048,-0.6442,negativo,,Arctic Shift API
2bef49688f239b09,programming,2021-08-18T23:04:14+00:00,0.0,0.658,0.342,0.807,positivo,,Arctic Shift API
4538c9a763e87ff7,programming,2024-06-19T22:17:52+00:00,0.0,1.0,0.0,0.0,neutro,,Arctic Shift API
ce93c566fe833c63,devops,2024-11-28T03:43:50+00:00,0.0,0.812,0.188,0.5267,positivo,,Arctic Shift API
7844451a0bb4f679,programming,2022-09-28T23:03:41+00:00,0.043,0.871,0.085,0.5916,positivo,,Arctic Shift API
28f85f32f6116922,devops,2021-11-20T18:12:44+00:00,0.104,0.82,0.076,-0.1027,negativo,,Arctic Shift API
7ccf85b86d933fef,devops,2021-06-18T12:18:56+00:00,0.136,0.815,0.049,-0.6249,negativo,,Arctic Shift API
36a0383b52ca4b89,devops,2024-07-31T19:53:37+00:00,0.023,0.791,0.186,0.9153,positivo,,Arctic Shift API
1c7c9abdd10bfb7f,cscareerquestions,2023-05-08T23:17:27+00:00,0.0,0.895,0.105,0.647,positivo,,Arctic Shift API
fb9fbd95bf624e7a,programming,2022-06-02T02:26:33+00:00,0.0,1.0,0.0,0.0,neutro,,Arctic Shift API
f7a74540d3ea5cf8,devops,2022-09-21T23:53:02+00:00,0.039,0.753,0.208,0.9761,positivo,,Arctic Shift API
e9e9879b7950b6d1,programming,2024-11-01T06:45:14+00:00,0.0,1.0,0.0,0.0,neutro,,Arctic Shift API
6c22b83830524ed3,devops,2024-11-01T11:58:31+00:00,0.352,0.61,0.038,-0.87,negativo,,Arctic Shift API
22855a5481f2181a,devops,2022-03-24T07:13:59+00:00,0.0,1.0,0.0,0.0,neutro,,Arctic Shift API
d91029aaa0e090e7,programming,2022-09-27T00:05:22+00:00,0.0,1.0,0.0,0.0,neutro,,Arctic Shift API
2aaccef5a265a81b,cscareerquestions,2023-09-06T23:18:49+00:00,0.045,0.955,0.0,-0.168,negativo,,Arctic Shift API
5e5b725ec2e3f70c,cscareerquestions,2021-10-12T01:00:04+00:00,0.11,0.714,0.177,0.8045,positivo,,Arctic Shift API
c81b213e3d9c6706,devops,2023-08-13T05:55:30+00:00,0.024,0.976,0.0,-0.1531,negativo,,Arctic Shift API
d0b4f1cfb014fcdc,programming,2021-03-21T01:26:32+00:00,0.0,0.816,0.184,0.2023,positivo,,Arctic Shift API
1e6f21c6ee9cbd99,cscareerquestions,2024-12-15T01:10:15+00:00,0.074,0.792,0.134,0.6802,positivo,,Arctic Shift API
a0aee8b5ab88aabf,devops,2021-07-13T09:49:24+00:00,0.0,0.928,0.072,0.4019,positivo,,Arctic Shift API
73072cf25a35056c,cscareerquestions,2023-05-16T00:53:12+00:00,0.263,0.737,0.0,-0.7059,negativo,,Arctic Shift API
501e35807d278d47,programming,2022-08-29T22:02:44+00:00,0.118,0.623,0.259,0.9642,positivo,,Arctic Shift API
bdc2486dd00d6d6e,programming,2021-12-28T02:19:13+00:00,0.043,0.852,0.105,0.5267,positivo,,Arctic Shift API
4f79b77e1b7c8104,devops,2024-02-23T06:21:08+00:00,0.143,0.798,0.059,-0.7799,negativo,anxious,Arctic Shift API
29bb6e7027a90024,cscareerquestions,2021-01-10T00:40:45+00:00,0.325,0.555,0.12,-0.5881,negativo,,Arctic Shift API
4dd3a89868f40594,programming,2023-08-16T23:53:56+00:00,0.165,0.802,0.033,-0.6472,negativo,,Arctic Shift API
cfc28b9e14118b43,programming,2022-04-18T23:48:11+00:00,0.225,0.611,0.164,-0.7003,negativo,,Arctic Shift API
dd7a47dfd92c2292,cscareerquestions,2022-12-02T00:50:38+00:00,0.101,0.84,0.059,-0.3591,negativo,,Arctic Shift API
fb9b816a6e22d9bf,programming,2024-07-20T22:28:21+00:00,0.0,0.844,0.156,0.5719,positivo,,Arctic Shift API
617c88d8ac799d86,programming,2024-06-29T23:28:59+00:00,0.23,0.681,0.089,-0.9875,negativo,on call,Arctic Shift API
8b5474fc4e0b251a,devops,2024-09-28T22:47:59+00:00,0.0,1.0,0.0,0.0,neutro,,Arctic Shift API
82921b14f4195028,cscareerquestions,2021-05-15T22:49:55+00:00,0.0,1.0,0.0,0.0,neutro,,Arctic Shift API
21b14616a876f0ff,programming,2022-01-22T21:55:23+00:00,0.0,0.877,0.123,0.4482,positivo,,Arctic Shift API
6952ce8159c391e3,programming,2023-11-17T00:44:04+00:00,0.0,0.929,0.071,0.2263,positivo,,Arctic Shift API
7c7ea92e95248787,programming,2024-03-19T00:44:44+00:00,0.063,0.805,0.132,0.8555,positivo,,Arctic Shift API
9337444993b20824,devops,2023-03-31T01:09:12+00:00,0.0,1.0,0.0,0.0,neutro,,Arctic Shift API
bbf11f78e6ab7b93,cscareerquestions,2022-12-20T01:00:52+00:00,0.0,0.951,0.049,0.296,positivo,,Arctic Shift API
8214534a825d08cb,devops,2021-10-11T13:07:32+00:00,0.0,1.0,0.0,0.0,neutro,,Arctic Shift API
83820980341011f0,programming,2024-07-10T21:15:58+00:00,0.107,0.893,0.0,-0.6322,negativo,,Arctic Shift API
c168aec1937da9ee,cscareerquestions,2023-06-20T20:10:55+00:00,0.0,1.0,0.0,0.0,neutro,,Arctic Shift API
88fcec4767d570e6,devops,2024-11-02T19:44:46+00:00,0.095,0.905,0.0,-0.296,negativo,,Arctic Shift API
ac219ca2ef385273,cscareerquestions,2023-07-05T23:25:28+00:00,0.042,0.87,0.088,0.5574,positivo,,Arctic Shift API
1d88bd323f6c6318,cscareerquestions,2024-09-13T00:41:24+00:00,0.112,0.785,0.103,0.2255,positivo,,Arctic Shift API
254693a20e69a9ce,programming,2024-10-15T02:22:10+00:00,0.0,0.933,0.067,0.3612,positivo,,Arctic Shift API
b597f927b5650eef,programming,2023-06-02T00:12:46+00:00,0.0,1.0,0.0,0.0,neutro,,Arctic Shift API
dd273766fae10cf8,cscareerquestions,2024-01-11T00:08:51+00:00,0.183,0.817,0.0,-0.3535,negativo,,Arctic Shift API
6528f711aaad48ec,devops,2024-01-24T22:16:52+00:00,0.155,0.774,0.071,-0.34,negativo,,Arctic Shift API
6bd3404d1ed43e44,devops,2024-04-10T19:49:04+00:00,0.0,0.901,0.099,0.6597,positivo,,Arctic Shift API
ef3d2f79f283e6fc,devops,2024-12-22T09:18:35+00:00,0.0,1.0,0.0,0.0,neutro,,Arctic Shift API
6ff0033a506b0b44,cscareerquestions,2022-07-27T23:50:26+00:00,0.033,0.88,0.086,0.6652,positivo,,Arctic Shift API
6745c8da28f80abe,programming,2022-06-23T00:12:36+00:00,0.021,0.877,0.102,0.9973,positivo,,Arctic Shift API
806a498ed3715b75,devops,2023-02-03T03:34:03+00:00,0.167,0.833,0.0,-0.6808,negativo,,Arctic Shift API
b1bb3b988eaa2b97,cscareerquestions,2024-10-08T00:04:42+00:00,0.0,0.775,0.225,0.4404,positivo,,Arctic Shift API
d59e31cd05711707,programming,2021-09-24T00:58:10+00:00,0.0,0.849,0.151,0.7003,positivo,,Arctic Shift API
f5f232a0e99164d0,devops,2024-01-31T22:35:04+00:00,0.0,1.0,0.0,0.0,neutro,,Arctic Shift API
259c81ed9964782b,cscareerquestions,2022-07-26T00:14:25+00:00,0.0,1.0,0.0,0.0,neutro,,Arctic Shift API
985a0500c83558dc,devops,2024-10-27T01:29:18+00:00,0.048,0.882,0.07,-0.1695,negativo,,Arctic Shift API
88787979a67985e8,devops,2022-06-13T17:09:04+00:00,0.0,1.0,0.0,0.0,neutro,,Arctic Shift API
99f4feb8466a3abc,programming,2022-06-17T02:16:35+00:00,0.048,0.885,0.067,0.3861,positivo,,Arctic Shift API
877679cbe6dc4bac,devops,2024-09-08T03:57:45+00:00,0.0,0.784,0.216,0.5106,positivo,,Arctic Shift API
2207968216ed5204,devops,2023-11-10T02:49:03+00:00,0.0,0.769,0.231,0.6908,positivo,,Arctic Shift API
da815f34c903f1b9,programming,2024-11-22T02:52:27+00:00,0.173,0.641,0.186,0.0516,positivo,,Arctic Shift API
1a04fe753ac6b1e6,devops,2021-02-03T20:12:26+00:00,0.0,0.48,0.52,0.8999,positivo,,Arctic Shift API
b23a2e68206a4298,cscareerquestions,2024-05-14T00:22:19+00:00,0.0,0.953,0.047,0.5859,positivo,,Arctic Shift API
082e7c7373d40c27,cscareerquestions,2023-08-12T23:30:46+00:00,0.063,0.663,0.274,0.9246,positivo,,Arctic Shift API
b8a94e64181ddbcb,programming,2022-06-13T22:12:08+00:00,0.0,0.769,0.231,0.4588,positivo,,Arctic Shift API
af528f5d1d2e06cd,devops,2024-12-22T03:25:30+00:00,0.255,0.646,0.099,-0.5574,negativo,crash,Arctic Shift API
1176c76778de9451,cscareerquestions,2021-05-29T22:34:50+00:00,0.0,0.817,0.183,0.7579,positivo,,Arctic Shift API
61eaa4974fa2057b,devops,2024-07-20T22:57:34+00:00,0.079,0.816,0.105,0.6553,positivo,,Arctic Shift API
33c569b72163902c,devops,2022-11-23T21:40:55+00:00,0.061,0.823,0.116,0.5267,positivo,,Arctic Shift API
01d59e094cb06b63,programming,2023-09-10T01:25:43+00:00,0.301,0.515,0.184,-0.1531,negativo,,Arctic Shift API
39e7571180daad61,cscareerquestions,2022-04-05T00:06:51+00:00,0.0,1.0,0.0,0.0,neutro,,Arctic Shift API
886375f1ad1be507,programming,2023-05-20T21:37:40+00:00,0.079,0.815,0.106,0.4588,positivo,,Arctic Shift API
156c1701f2311991,programming,2023-07-09T01:28:26+00:00,0.0,0.886,0.114,0.2023,positivo,,Arctic Shift API
4542f68493caa9a7,cscareerquestions,2021-11-06T23:53:54+00:00,0.197,0.636,0.167,-0.0972,negativo,,Arctic Shift API
7b7f283dfa419fec,programming,2021-04-05T23:54:29+00:00,0.045,0.813,0.142,0.4939,positivo,,Arctic Shift API
c4025423c7adef79,cscareerquestions,2021-01-03T00:02:08+00:00,0.0,1.0,0.0,0.0,neutro,,Arctic Shift API
c6205bc5692f3714,cscareerquestions,2024-07-28T00:52:14+00:00,0.1,0.695,0.205,0.5379,positivo,,Arctic Shift API
d6654459a7d7c7d9,programming,2023-01-29T01:15:17+00:00,0.0,1.0,0.0,0.0,neutro,,Arctic Shift API
6a7012617b612fb6,cscareerquestions,2022-06-07T00:39:10+00:00,0.0,1.0,0.0,0.0,neutro,,Arctic Shift API
1f7ca8edc8760d58,cscareerquestions,2024-11-10T00:31:51+00:00,0.0,0.711,0.289,0.7269,positivo,,Arctic Shift API
87dbf9fd529a6390,programming,2021-07-16T05:07:23+00:00,0.0,1.0,0.0,0.0,neutro,,Arctic Shift API
a4feed32384425b3,cscareerquestions,2022-07-12T00:07:08+00:00,0.024,0.865,0.111,0.9665,positivo,anxiety,Arctic Shift API
d1415502a731e517,cscareerquestions,2023-04-21T00:10:35+00:00,0.0,0.909,0.091,0.2755,positivo,stress,Arctic Shift API
3eb81ad06542c1dd,devops,2023-02-15T20:47:07+00:00,0.054,0.838,0.108,0.4391,positivo,,Arctic Shift API
e7ed0e0f93d7c821,devops,2022-03-08T07:42:35+00:00,0.0,1.0,0.0,0.0,neutro,,Arctic Shift API
c48b3a2b8326a2f8,cscareerquestions,2022-07-21T00:43:14+00:00,0.156,0.778,0.066,-0.4337,negativo,,Arctic Shift API
b51baeeff11a9c16,programming,2022-11-24T00:44:59+00:00,0.0,0.828,0.172,0.3612,positivo,,Arctic Shift API
67f657bcb12eb6d2,programming,2021-03-24T23:43:45+00:00,0.04,0.84,0.12,0.9673,positivo,,Arctic Shift API
5c6f0414e9c4035a,programming,2023-10-19T00:33:12+00:00,0.0,0.769,0.231,0.34,positivo,,Arctic Shift API
0c8e44105fe9eb68,programming,2024-01-16T05:39:22+00:00,0.023,0.977,0.0,-0.296,negativo,,Arctic Shift API
43e60941096d706e,programming,2022-04-27T23:04:32+00:00,0.107,0.826,0.068,-0.2819,negativo,,Arctic Shift API
f4afc6559ff62113,programming,2023-02-11T23:56:24+00:00,0.074,0.392,0.534,0.911,positivo,,Arctic Shift API
c41b6968e29e37b0,programming,2023-04-02T02:03:06+00:00,0.148,0.808,0.044,-0.6256,negativo,,Arctic Shift API
345262e40c523d13,devops,2021-11-23T06:33:47+00:00,0.026,0.683,0.291,0.9091,positivo,,Arctic Shift API
bc3532f62c60e5c4,devops,2021-01-26T15:24:24+00:00,0.0,1.0,0.0,0.0,neutro,,Arctic Shift API
c2da7a920a924541,devops,2024-11-30T12:21:19+00:00,0.0,1.0,0.0,0.0,neutro,,Arctic Shift API
dd45f133ddf005d4,devops,2023-08-01T00:50:20+00:00,0.0,0.831,0.169,0.7579,positivo,,Arctic Shift API
9b15e195874ecad0,devops,2022-05-06T05:06:08+00:00,0.223,0.777,0.0,-0.3182,negativo,,Arctic Shift API
999fb90c2c778999,programming,2022-05-01T01:34:17+00:00,0.048,0.746,0.207,0.9312,positivo,,Arctic Shift API
ea73eb6445093ee4,programming,2022-12-23T02:05:31+00:00,0.0,1.0,0.0,0.0,neutro,,Arctic Shift API
41d61a113514aa2d,programming,2024-11-03T01:13:41+00:00,0.0,0.796,0.204,0.9022,positivo,,Arctic Shift API
b47c6909ccee6a41,cscareerquestions,2023-12-05T00:53:53+00:00,0.0,0.805,0.195,0.4404,positivo,,Arctic Shift API
7c0da209b8fc08b0,cscareerquestions,2023-07-03T23:21:46+00:00,0.0,1.0,0.0,0.0,neutro,,Arctic Shift API
a17324ce95538334,cscareerquestions,2022-02-28T23:33:02+00:00,0.072,0.866,0.063,0.1195,positivo,,Arctic Shift API
a009bb4eccd5f723,programming,2023-02-06T23:43:53+00:00,0.0,0.856,0.144,0.6808,positivo,,Arctic Shift API
9bba34bbf8efec7b,programming,2021-01-19T00:49:53+00:00,0.061,0.939,0.0,-0.296,negativo,,Arctic Shift API
717af5fb20a1105d,programming,2023-11-25T20:57:12+00:00,0.065,0.743,0.192,0.6523,positivo,,Arctic Shift API
39e12df70b8454a1,devops,2023-04-29T15:04:39+00:00,0.0,0.8,0.2,0.3612,positivo,,Arctic Shift API
a81aae0d92f29cfd,programming,2023-11-24T02:31:03+00:00,0.0,0.851,0.149,0.4939,positivo,,Arctic Shift API
448a54d61bf4eeb6,devops,2023-10-23T20:51:27+00:00,0.038,0.887,0.076,0.7084,positivo,workload; incident,Arctic Shift API
f6e4d2615ecc1e13,cscareerquestions,2022-08-23T00:06:01+00:00,0.105,0.481,0.414,0.7518,positivo,,Arctic Shift API
c9dc5882f1f3ef66,cscareerquestions,2021-12-19T01:24:49+00:00,0.0,0.874,0.126,0.3818,positivo,,Arctic Shift API
ba809fbd5afdedf1,programming,2023-04-10T23:06:28+00:00,0.068,0.844,0.088,0.1426,positivo,,Arctic Shift API
b209f14158b91128,cscareerquestions,2023-05-26T00:36:23+00:00,0.0,0.66,0.34,0.5574,positivo,,Arctic Shift API
04d760394d1bc081,programming,2024-01-26T00:55:28+00:00,0.0,1.0,0.0,0.0,neutro,,Arctic Shift API
46b67dc6ee7fbf93,programming,2022-02-05T22:44:37+00:00,0.044,0.956,0.0,-0.0772,negativo,,Arctic Shift API
6c69cf7ff1a2d9ca,cscareerquestions,2023-07-30T00:00:42+00:00,0.099,0.819,0.081,-0.8646,negativo,,Arctic Shift API
932a430695dce541,devops,2023-12-15T10:49:32+00:00,0.009,0.877,0.114,0.9823,positivo,,Arctic Shift API
1d2e258eaaef616f,cscareerquestions,2023-02-05T00:15:14+00:00,0.0,1.0,0.0,0.0,neutro,,Arctic Shift API
7493e1d25d921742,cscareerquestions,2021-04-11T01:22:38+00:00,0.0,1.0,0.0,0.0,neutro,,Arctic Shift API
b26537b56c6d8c05,devops,2023-01-30T21:40:56+00:00,0.036,0.82,0.144,0.8166,positivo,,Arctic Shift API
cd98bd93174d275e,programming,2023-08-26T22:14:23+00:00,0.0,0.723,0.277,0.3182,positivo,,Arctic Shift API
ea48bc93de745003,cscareerquestions,2024-08-08T00:23:01+00:00,0.164,0.723,0.113,-0.358,negativo,drained,Arctic Shift API
35a8706b8245d542,devops,2021-02-20T19:24:53+00:00,0.333,0.667,0.0,-0.5423,negativo,,Arctic Shift API
639599f84e83f1b3,cscareerquestions,2023-04-01T22:57:09+00:00,0.0,0.846,0.154,0.787,positivo,,Arctic Shift API
1762e660ea910a07,devops,2022-02-13T05:59:07+00:00,0.0,1.0,0.0,0.0,neutro,,Arctic Shift API
7af43a053e582fdc,devops,2021-02-16T14:48:56+00:00,0.174,0.768,0.058,-0.8271,negativo,,Arctic Shift API
3631049b74e6fea9,devops,2021-01-02T03:39:31+00:00,0.0,1.0,0.0,0.0,neutro,,Arctic Shift API
78f5c74d7f19040a,devops,2024-04-28T04:10:10+00:00,0.0,0.962,0.038,0.0772,positivo,,Arctic Shift API
f6a567e6d96130cf,programming,2022-10-19T22:27:02+00:00,0.013,0.811,0.176,0.9527,positivo,,Arctic Shift API
8b220584759a429b,cscareerquestions,2023-11-09T01:29:08+00:00,0.137,0.863,0.0,-0.4215,negativo,,Arctic Shift API
8b9b77e68113daa6,cscareerquestions,2023-10-30T23:12:21+00:00,0.034,0.966,0.0,-0.0516,negativo,,Arctic Shift API
c1dc8160a11bfb81,cscareerquestions,2023-03-19T00:11:55+00:00,0.042,0.87,0.088,0.5574,positivo,,Arctic Shift API
e780e83706f5cad1,devops,2022-09-02T04:57:57+00:00,0.0,0.882,0.118,0.9312,positivo,incident,Arctic Shift API
6afa0504d4cac81a,devops,2021-02-18T08:35:35+00:00,0.0,0.83,0.17,0.8126,positivo,,Arctic Shift API
7a40fe4bba321f18,programming,2023-10-03T01:25:05+00:00,0.0,1.0,0.0,0.0,neutro,,Arctic Shift API
5a2af31fbb0fd949,programming,2022-02-15T02:31:55+00:00,0.141,0.859,0.0,-0.3875,negativo,,Arctic Shift API
83d5598b95b5389b,devops,2024-08-25T02:24:29+00:00,0.018,0.922,0.061,0.6124,positivo,,Arctic Shift API
481c17a6b9029708,cscareerquestions,2023-02-17T00:25:51+00:00,0.111,0.786,0.102,-0.1793,negativo,,Arctic Shift API
0956e45437eeae9a,programming,2021-06-07T21:56:59+00:00,0.016,0.957,0.027,0.1779,positivo,,Arctic Shift API
29dec47eea52fc6f,cscareerquestions,2022-12-07T23:13:19+00:00,0.0,0.909,0.091,0.5106,positivo,,Arctic Shift API
566d469b8526f2c7,devops,2022-04-04T20:52:49+00:00,0.081,0.803,0.116,0.6592,positivo,,Arctic Shift API
b596b684720b4bcd,cscareerquestions,2022-12-30T00:56:06+00:00,0.085,0.84,0.075,-0.4856,negativo,,Arctic Shift API
8b4e748df2fa4e7f,devops,2022-01-27T00:11:37+00:00,0.084,0.916,0.0,-0.3724,negativo,,Arctic Shift API
f28f464743919826,programming,2022-01-31T23:28:13+00:00,0.0,0.89,0.11,0.3818,positivo,,Arctic Shift API
fa2fef65f327f18e,devops,2021-02-02T02:05:51+00:00,0.0,0.858,0.142,0.6486,positivo,,Arctic Shift API
af35e5afe83c3657,devops,2022-03-28T22:11:01+00:00,0.037,0.832,0.132,0.9196,positivo,,Arctic Shift API
e9198c278a019016,devops,2024-07-09T03:42:17+00:00,0.0,1.0,0.0,0.0,neutro,,Arctic Shift API
70eb26513ae3d0fd,programming,2022-08-10T23:42:39+00:00,0.0,1.0,0.0,0.0,neutro,,Arctic Shift API
826f3c38ac3310b2,programming,2024-02-24T21:24:29+00:00,0.0,0.674,0.326,0.4404,positivo,,Arctic Shift API
bb92e02ee4520c49,devops,2023-10-07T20:22:15+00:00,0.062,0.822,0.116,0.8419,positivo,,Arctic Shift API
1aa5a5e5d17fef27,devops,2021-12-03T01:50:57+00:00,0.0,0.538,0.462,0.7184,positivo,,Arctic Shift API
a34879e57c63d6f7,programming,2021-08-19T00:06:06+00:00,0.0,0.94,0.06,0.2924,positivo,,Arctic Shift API
4d86e18a2bba4bcd,devops,2024-11-22T11:29:47+00:00,0.0,0.822,0.178,0.8314,positivo,,Arctic Shift API
bebafdd8695720b5,devops,2022-11-06T20:18:08+00:00,0.0,1.0,0.0,0.0,neutro,,Arctic Shift API
89f40ee39265c38f,devops,2021-11-01T00:50:08+00:00,0.03,0.856,0.114,0.7059,positivo,,Arctic Shift API
5bf9c2c0fe784964,programming,2022-02-21T20:24:37+00:00,0.416,0.584,0.0,-0.8934,negativo,,Arctic Shift API
56ecfd8454d3c72f,cscareerquestions,2021-08-28T23:53:18+00:00,0.0,1.0,0.0,0.0,neutro,,Arctic Shift API
38131d32dc91a024,devops,2023-08-24T02:23:58+00:00,0.181,0.723,0.095,-0.3107,negativo,,Arctic Shift API
fe32053dfded5d38,programming,2022-02-08T00:45:01+00:00,0.113,0.805,0.082,-0.7558,negativo,,Arctic Shift API
d0b028b7088177f2,programming,2022-06-13T21:41:59+00:00,0.453,0.547,0.0,-0.6072,negativo,,Arctic Shift API
e6f039483ea5b513,devops,2023-05-07T04:54:39+00:00,0.0,0.738,0.262,0.4939,positivo,,Arctic Shift API
64e44ca9d9c7a177,cscareerquestions,2022-08-07T00:21:21+00:00,0.0,0.856,0.144,0.6597,positivo,,Arctic Shift API
0094dba2eabd5088,devops,2023-02-19T01:09:26+00:00,0.034,0.853,0.113,0.5083,positivo,,Arctic Shift API
ab5b3e7fa0a075b8,devops,2022-08-25T02:39:40+00:00,0.0,0.775,0.225,0.4404,positivo,,Arctic Shift API
094f546e822e20b8,devops,2022-09-16T07:55:00+00:00,0.067,0.659,0.274,0.7402,positivo,,Arctic Shift API
0d485910e48f9096,programming,2024-08-08T03:36:09+00:00,0.0,0.707,0.293,0.3595,positivo,,Arctic Shift API
2788f99b984300af,devops,2024-03-23T23:21:14+00:00,0.069,0.716,0.215,0.6242,positivo,,Arctic Shift API
6cc80119469f9362,devops,2023-11-12T13:27:23+00:00,0.029,0.813,0.157,0.9107,positivo,,Arctic Shift API
6767927bc723c295,programming,2022-09-13T05:47:25+00:00,0.173,0.758,0.069,-0.4874,negativo,,Arctic Shift API
306532871aa485ce,devops,2023-12-25T15:14:05+00:00,0.018,0.79,0.191,0.9081,positivo,,Arctic Shift API
5a02a0caac4b365e,cscareerquestions,2022-04-01T00:34:05+00:00,0.053,0.853,0.094,0.5994,positivo,,Arctic Shift API
0fdfdd985476cea7,cscareerquestions,2024-04-15T23:15:48+00:00,0.0,0.815,0.185,0.5945,positivo,,Arctic Shift API
d84712d6a907479e,devops,2023-02-15T21:20:19+00:00,0.167,0.833,0.0,-0.296,negativo,,Arctic Shift API
ffe40522d0dfa839,devops,2022-09-15T05:27:55+00:00,0.0,0.945,0.055,0.5423,positivo,,Arctic Shift API
bb8d764d63be1697,devops,2023-04-12T18:35:32+00:00,0.062,0.825,0.113,0.9334,positivo,,Arctic Shift API
c48f47d7217a97ec,programming,2022-10-01T23:00:34+00:00,0.226,0.689,0.085,-0.8243,negativo,,Arctic Shift API
20ea9d056dda8d48,cscareerquestions,2022-10-17T23:35:52+00:00,0.076,0.828,0.096,0.1531,positivo,,Arctic Shift API
70c82bc02b03cc58,devops,2021-09-30T12:19:36+00:00,0.0,0.798,0.202,0.4201,positivo,,Arctic Shift API
adde2f007844d129,cscareerquestions,2022-07-21T00:44:00+00:00,0.278,0.606,0.116,-0.4939,negativo,,Arctic Shift API
6862dfdc96644f13,programming,2021-07-15T03:07:22+00:00,0.094,0.801,0.105,-0.0772,negativo,,Arctic Shift API
a47547a5aa67d99f,programming,2023-10-31T02:05:53+00:00,0.091,0.864,0.045,-0.4215,negativo,,Arctic Shift API
6462d1c584d54e32,devops,2024-07-24T19:35:30+00:00,0.0,0.649,0.351,0.7962,positivo,,Arctic Shift API
74bb0a516a9fbadd,devops,2024-07-11T05:25:44+00:00,0.03,0.887,0.083,0.846,positivo,incident,Arctic Shift API
f4f30dded975339c,devops,2021-04-30T07:43:55+00:00,0.049,0.829,0.122,0.6856,positivo,,Arctic Shift API
89860982bb71c20d,programming,2024-02-08T01:35:27+00:00,0.0,0.619,0.381,0.5719,positivo,,Arctic Shift API
2a3f49ebd8c86ea4,devops,2022-10-31T20:59:53+00:00,0.0,0.642,0.358,0.5994,positivo,,Arctic Shift API
47deb4031c3821d9,programming,2021-02-24T22:48:55+00:00,0.189,0.688,0.123,-0.631,negativo,,Arctic Shift API
6e1631a9569a9d8d,devops,2023-08-26T19:16:54+00:00,0.0,0.818,0.182,0.4404,positivo,,Arctic Shift API
6660482b5f2a45fa,devops,2024-02-24T22:50:58+00:00,0.052,0.89,0.059,0.0772,positivo,,Arctic Shift API
362d0eae36739763,programming,2022-11-01T00:59:18+00:00,0.0,1.0,0.0,0.0,neutro,,Arctic Shift API
9e678a6b2c5c88ba,devops,2023-03-29T20:41:28+00:00,0.0,0.896,0.104,0.296,positivo,,Arctic Shift API
0b01099f3de5a610,programming,2024-04-12T01:47:42+00:00,0.415,0.5,0.085,-0.8623,negativo,,Arctic Shift API
b3d76d42796e4801,devops,2021-08-11T21:36:32+00:00,0.096,0.89,0.014,-0.8271,negativo,,Arctic Shift API
b20cf058dbe647e5,programming,2023-05-08T23:05:56+00:00,0.03,0.825,0.145,0.7319,positivo,,Arctic Shift API
60e4203b9e366fa8,devops,2021-10-13T16:20:10+00:00,0.436,0.564,0.0,-0.7747,negativo,,Arctic Shift API
ea16214363284e97,devops,2021-01-13T20:49:35+00:00,0.02,0.937,0.043,0.3612,positivo,,Arctic Shift API
3d966a8d548d45be,devops,2024-08-21T19:00:21+00:00,0.023,0.847,0.13,0.8429,positivo,,Arctic Shift API
55499ee6833fe30a,devops,2021-07-10T17:23:01+00:00,0.019,0.9,0.081,0.7506,positivo,,Arctic Shift API
b4e5165cbe6b20e5,programming,2024-11-16T23:48:49+00:00,0.0,0.774,0.226,0.3252,positivo,,Arctic Shift API
6ac8ceb91821f4bc,programming,2021-04-19T23:37:49+00:00,0.115,0.803,0.082,-0.7345,negativo,,Arctic Shift API
221c316d295c5aa0,devops,2021-07-10T18:28:05+00:00,0.0,0.917,0.083,0.4404,positivo,,Arctic Shift API
ed22722650289693,devops,2022-10-13T07:04:51+00:00,0.0,0.924,0.076,0.5423,positivo,,Arctic Shift API
0c4a40b4fdbee9e7,cscareerquestions,2023-09-29T00:24:57+00:00,0.0,1.0,0.0,0.0,neutro,,Arctic Shift API
0d4274ad45b1bc1d,devops,2022-10-08T14:40:20+00:00,0.066,0.862,0.072,0.0516,positivo,,Arctic Shift API
281f8ceb11d4d043,cscareerquestions,2024-01-30T00:27:19+00:00,0.044,0.791,0.165,0.7885,positivo,,Arctic Shift API
c743a7e0144c5bb0,cscareerquestions,2021-08-28T23:33:26+00:00,0.289,0.711,0.0,-0.6908,negativo,,Arctic Shift API
a9d313a7515ef4e4,programming,2022-11-22T00:01:26+00:00,0.161,0.671,0.168,0.0258,neutro,,Arctic Shift API
282ee64461aa91c7,programming,2021-12-22T23:19:52+00:00,0.0,0.861,0.139,0.1967,positivo,,Arctic Shift API
41ef907ab48224cf,programming,2023-09-07T02:07:15+00:00,0.0,0.847,0.153,0.4404,positivo,,Arctic Shift API
4411a37a588c81ed,devops,2023-01-13T07:12:04+00:00,0.0,1.0,0.0,0.0,neutro,,Arctic Shift API
78858fa283aa1e84,cscareerquestions,2022-08-01T23:55:01+00:00,0.0,0.884,0.116,0.2716,positivo,,Arctic Shift API
82dd8942d0eedbed,cscareerquestions,2022-02-09T23:12:48+00:00,0.0,0.838,0.162,0.8197,positivo,,Arctic Shift API
640f7b99f8c22aaa,cscareerquestions,2024-04-01T23:56:58+00:00,0.0,1.0,0.0,0.0,neutro,,Arctic Shift API
b5ea7bd833a04b81,cscareerquestions,2022-08-21T01:30:48+00:00,0.0,1.0,0.0,0.0,neutro,,Arctic Shift API
85adf0e3f6f37192,cscareerquestions,2024-05-09T00:17:47+00:00,0.04,0.797,0.163,0.7561,positivo,,Arctic Shift API
42f598c85da4c64d,devops,2021-08-31T09:10:59+00:00,0.112,0.798,0.09,-0.17,negativo,,Arctic Shift API
93d5045d575da1de,devops,2021-12-16T07:37:33+00:00,0.0,1.0,0.0,0.0,neutro,,Arctic Shift API
653f00d7483af797,cscareerquestions,2023-05-24T23:48:15+00:00,0.0,0.794,0.206,0.6652,positivo,,Arctic Shift API
d2cc6cf1b94d753e,devops,2023-05-20T22:02:45+00:00,0.024,0.763,0.213,0.8462,positivo,,Arctic Shift API
f6ee1656cf875429,programming,2022-09-10T23:41:52+00:00,0.132,0.803,0.064,-0.4522,negativo,,Arctic Shift API
0463e8a9a619542d,programming,2024-08-07T22:34:22+00:00,0.0,1.0,0.0,0.0,neutro,,Arctic Shift API
0a2d8d6cd2acc125,programming,2022-06-13T22:08:02+00:00,0.153,0.847,0.0,-0.5849,negativo,,Arctic Shift API
dc84445af73b49d7,programming,2024-01-22T22:34:46+00:00,0.032,0.794,0.173,0.5848,positivo,,Arctic Shift API
a2a9a352e895d6d2,cscareerquestions,2023-03-25T23:00:19+00:00,0.0,1.0,0.0,0.0,neutro,,Arctic Shift API
65e1ff7ad2738ccb,cscareerquestions,2021-10-15T00:39:39+00:00,0.02,0.912,0.068,0.7506,positivo,,Arctic Shift API
919e742aa1d06713,devops,2024-06-17T17:06:06+00:00,0.0,0.785,0.215,0.802,positivo,,Arctic Shift API
7d77a3f46143d86e,programming,2022-09-23T02:26:38+00:00,0.119,0.881,0.0,-0.8285,negativo,,Arctic Shift API
93211788e16d488d,programming,2022-12-31T22:12:38+00:00,0.061,0.939,0.0,-0.0544,negativo,,Arctic Shift API
978ce3508e8ad67d,cscareerquestions,2024-05-13T23:08:11+00:00,0.192,0.808,0.0,-0.5859,negativo,,Arctic Shift API
1edbe7c31d67a424,devops,2023-12-23T20:14:32+00:00,0.11,0.766,0.124,0.1531,positivo,,Arctic Shift API
ee44c772b3e075de,programming,2024-03-22T00:56:57+00:00,0.0,0.7,0.3,0.4585,positivo,,Arctic Shift API
287b9f5ecb48673a,programming,2021-11-13T22:12:38+00:00,0.308,0.692,0.0,-0.4588,negativo,,Arctic Shift API
3d89c8b51b9b229b,programming,2023-02-12T01:54:05+00:00,0.0,0.841,0.159,0.8192,positivo,,Arctic Shift API
a90e3d11ad551fde,devops,2022-11-12T17:43:52+00:00,0.0,0.947,0.053,0.504,positivo,,Arctic Shift API
2e98fbea4bb9cc03,programming,2023-03-19T00:22:23+00:00,0.089,0.772,0.14,0.4767,positivo,,Arctic Shift API
a7ad44b01ca60e51,cscareerquestions,2024-04-12T00:26:32+00:00,0.0,1.0,0.0,0.0,neutro,,Arctic Shift API
e125a8c88623b51a,programming,2023-01-31T01:07:05+00:00,0.048,0.873,0.078,0.4678,positivo,,Arctic Shift API
82fdb7edc2fff718,devops,2023-12-06T19:54:49+00:00,0.0,0.628,0.372,0.8641,positivo,,Arctic Shift API
c652b3adedf4c981,programming,2024-06-04T01:57:33+00:00,0.0,0.87,0.13,0.2382,positivo,,Arctic Shift API
6171d734c01f82e9,programming,2024-10-14T22:29:46+00:00,0.077,0.775,0.148,0.4588,positivo,,Arctic Shift API
830d9c56c58ea90e,cscareerquestions,2022-06-22T23:11:29+00:00,0.051,0.777,0.172,0.6542,positivo,,Arctic Shift API
7c55440a3b52981a,cscareerquestions,2021-05-25T00:52:00+00:00,0.05,0.81,0.141,0.9022,positivo,incident,Arctic Shift API
0e0894d150e12922,devops,2024-05-07T04:38:14+00:00,0.059,0.804,0.138,0.9748,positivo,,Arctic Shift API
a99b07a41fb9ed36,programming,2023-02-24T01:07:53+00:00,0.101,0.877,0.022,-0.713,negativo,,Arctic Shift API
66f6efb379e134f0,devops,2024-07-18T08:23:00+00:00,0.0,1.0,0.0,0.0,neutro,,Arctic Shift API
c22cb420c2b167be,cscareerquestions,2023-02-21T00:26:13+00:00,0.0,0.958,0.042,0.4404,positivo,,Arctic Shift API
482222e28110d6c1,cscareerquestions,2023-01-18T23:20:07+00:00,0.042,0.87,0.088,0.5574,positivo,,Arctic Shift API
a292795004b4d377,cscareerquestions,2022-10-14T01:01:03+00:00,0.069,0.737,0.194,0.91,positivo,,Arctic Shift API
1560355cf95a0e05,programming,2024-11-10T04:43:05+00:00,0.131,0.869,0.0,-0.5351,negativo,,Arctic Shift API
cae8f921acb5d5e3,devops,2022-08-28T00:03:42+00:00,0.05,0.916,0.034,-0.0609,negativo,,Arctic Shift API
b1588089d68e3c47,programming,2022-09-18T01:56:34+00:00,0.0,1.0,0.0,0.0,neutro,,Arctic Shift API
86f24219405c615a,programming,2024-11-22T03:35:12+00:00,0.0,1.0,0.0,0.0,neutro,,Arctic Shift API
dbc9c412d05b673d,programming,2021-10-01T03:13:34+00:00,0.05,0.95,0.0,-0.3612,negativo,,Arctic Shift API
119de3898cfb13dc,programming,2021-03-06T22:37:21+00:00,0.032,0.918,0.05,0.1692,positivo,,Arctic Shift API
2aa094d45d5ce52c,devops,2023-11-12T02:49:45+00:00,0.0,0.641,0.359,0.6808,positivo,,Arctic Shift API
9d5b3da9a4cb9c3d,programming,2022-05-28T23:29:20+00:00,0.0,1.0,0.0,0.0,neutro,,Arctic Shift API
392f1c8a3c0a7794,devops,2023-10-16T18:45:16+00:00,0.155,0.845,0.0,-0.296,negativo,,Arctic Shift API
548b084413ebd2ce,programming,2023-11-07T03:37:36+00:00,0.0,0.939,0.061,0.3182,positivo,,Arctic Shift API
0c2102be1a7a72ea,devops,2021-12-30T03:20:32+00:00,0.0,1.0,0.0,0.0,neutro,,Arctic Shift API
95f077fbc23322bc,cscareerquestions,2024-03-19T00:44:01+00:00,0.0,0.545,0.455,0.3612,positivo,,Arctic Shift API
e422ba6d4ec5baf8,cscareerquestions,2024-07-12T01:02:02+00:00,0.0,0.8,0.2,0.3612,positivo,,Arctic Shift API
760c42387722be40,devops,2021-11-17T23:14:24+00:00,0.116,0.733,0.151,0.7589,positivo,,Arctic Shift API
661bf301bd1b9f35,programming,2022-04-19T00:03:18+00:00,0.045,0.513,0.442,0.9343,positivo,,Arctic Shift API
c5854b01c2f22bd6,cscareerquestions,2023-05-12T00:29:35+00:00,0.0,0.938,0.062,0.3818,positivo,,Arctic Shift API
d67f9cb7c16b1b3f,cscareerquestions,2024-09-20T00:01:38+00:00,0.075,0.716,0.209,0.6915,positivo,,Arctic Shift API
ce4cfab1d4608f99,devops,2022-01-05T18:15:55+00:00,0.097,0.85,0.053,-0.2732,negativo,,Arctic Shift API
471afa005f3e3552,cscareerquestions,2021-10-25T23:27:52+00:00,0.213,0.673,0.114,-0.8402,negativo,bug,Arctic Shift API
a87fd614bb6f1e55,devops,2021-08-03T09:00:12+00:00,0.0,1.0,0.0,0.0,neutro,,Arctic Shift API
6c5311f877fe1fdf,cscareerquestions,2021-08-03T00:33:22+00:00,0.0,0.873,0.127,0.1531,positivo,,Arctic Shift API
00c70eeb8dc91315,programming,2021-06-08T01:44:33+00:00,0.0,0.923,0.077,0.5023,positivo,,Arctic Shift API
12ae0bc4fc68714c,devops,2023-02-04T23:54:25+00:00,0.0,1.0,0.0,0.0,neutro,,Arctic Shift API
c4edba4e8378e178,devops,2021-01-27T05:38:47+00:00,0.018,0.884,0.098,0.7902,positivo,,Arctic Shift API
0d7210a294886e2b,programming,2023-02-25T21:44:05+00:00,0.084,0.846,0.07,-0.1313,negativo,,Arctic Shift API
52bf3ee10a2f12ea,cscareerquestions,2024-02-17T23:21:33+00:00,0.0,0.862,0.138,0.7096,positivo,,Arctic Shift API
ba9971ad355848ac,devops,2021-01-19T06:37:59+00:00,0.031,0.813,0.157,0.9659,positivo,,Arctic Shift API
b30e928998d1079b,programming,2021-09-07T00:04:15+00:00,0.162,0.681,0.157,-0.2846,negativo,,Arctic Shift API
ed932e740dfbfcf1,devops,2024-10-25T05:57:10+00:00,0.095,0.708,0.197,0.6562,positivo,,Arctic Shift API
ee44187bfbed783f,cscareerquestions,2021-02-21T01:17:47+00:00,0.0,0.854,0.146,0.802,positivo,,Arctic Shift API
a0b0ea138890dc11,devops,2021-05-20T13:40:52+00:00,0.0,0.925,0.075,0.2382,positivo,,Arctic Shift API
1bf43249f094c805,programming,2022-08-12T00:30:40+00:00,0.193,0.72,0.086,-0.4543,negativo,,Arctic Shift API
c4a118945d0ce854,programming,2022-04-15T01:47:15+00:00,0.06,0.848,0.091,0.296,positivo,,Arctic Shift API
3ea64d8af011bfb6,devops,2022-10-17T16:00:03+00:00,0.0,0.871,0.129,0.7717,positivo,,Arctic Shift API
d7955aa819e59e44,devops,2024-06-17T22:12:23+00:00,0.0,0.935,0.065,0.2732,positivo,,Arctic Shift API
776371230de56253,cscareerquestions,2024-10-20T00:19:34+00:00,0.04,0.809,0.151,0.735,positivo,,Arctic Shift API
4c858b6e3eecb4b6,programming,2022-06-05T00:54:50+00:00,0.0,1.0,0.0,0.0,neutro,,Arctic Shift API
5f1bac6adc977815,programming,2021-08-10T01:51:15+00:00,0.0,0.95,0.05,0.431,positivo,,Arctic Shift API
d218433f4ce4700a,programming,2023-09-25T23:49:43+00:00,0.06,0.94,0.0,-0.5499,negativo,,Arctic Shift API
93d126f2250b17fe,programming,2023-07-27T03:42:25+00:00,0.06,0.893,0.047,-0.1779,negativo,,Arctic Shift API
a4ff5894a1bebe66,devops,2024-05-12T00:50:19+00:00,0.083,0.85,0.068,-0.1531,negativo,,Arctic Shift API
834b4d27422ce6c1,programming,2021-05-01T21:59:04+00:00,0.0,0.662,0.338,0.5574,positivo,,Arctic Shift API
ea51199e939b1781,programming,2022-08-13T23:49:58+00:00,0.148,0.788,0.064,-0.4215,negativo,,Arctic Shift API
3901184cd68acc20,cscareerquestions,2021-05-11T00:39:09+00:00,0.14,0.825,0.035,-0.8814,negativo,outage,Arctic Shift API
c14f923029188410,cscareerquestions,2023-05-11T00:02:12+00:00,0.0,0.882,0.118,0.6705,positivo,,Arctic Shift API
02666b9141535db5,cscareerquestions,2021-02-24T23:16:03+00:00,0.029,0.906,0.065,0.4742,positivo,,Arctic Shift API
89ee9ed769e76865,cscareerquestions,2024-02-09T00:18:54+00:00,0.157,0.798,0.045,-0.5423,negativo,,Arctic Shift API
6f47b0098d6e2e2f,programming,2024-03-18T22:43:53+00:00,0.074,0.926,0.0,-0.4767,negativo,,Arctic Shift API
e4ac316f0aa800cf,programming,2024-06-22T23:05:27+00:00,0.0,1.0,0.0,0.0,neutro,,Arctic Shift API
94f47be5ec4a3cb1,programming,2021-06-20T01:39:36+00:00,0.055,0.848,0.097,0.9355,positivo,bug,Arctic Shift API
343803c15b814b3d,cscareerquestions,2021-02-19T01:14:07+00:00,0.0,0.817,0.183,0.8247,positivo,,Arctic Shift API
5ca496392dd17f5c,devops,2022-09-28T20:45:03+00:00,0.093,0.772,0.134,0.0,neutro,,Arctic Shift API
8e4bf5f120d4b622,programming,2024-03-13T22:44:57+00:00,0.0,0.828,0.172,0.9524,positivo,,Arctic Shift API
d63d031061a1ea95,devops,2021-12-27T23:03:39+00:00,0.068,0.69,0.242,0.9119,positivo,,Arctic Shift API
ba91743cc82030b7,programming,2022-05-27T04:20:03+00:00,0.056,0.64,0.304,0.7351,positivo,,Arctic Shift API
0f12627574fc5861,cscareerquestions,2021-09-18T23:37:42+00:00,0.049,0.705,0.247,0.8074,positivo,,Arctic Shift API
ff4536dd49eebf9a,programming,2023-07-06T02:34:13+00:00,0.0,0.812,0.188,0.96,positivo,,Arctic Shift API
8407e714043a5f01,devops,2023-02-25T23:05:32+00:00,0.044,0.766,0.19,0.9852,positivo,,Arctic Shift API
28492f80ae63baf7,devops,2022-12-24T21:35:42+00:00,0.0,0.806,0.194,0.9503,positivo,,Arctic Shift API
81c8dbe463b79213,cscareerquestions,2024-07-14T01:25:43+00:00,0.185,0.507,0.308,0.5267,positivo,,Arctic Shift API
72e1a98ecae7b5d2,cscareerquestions,2024-02-23T00:30:17+00:00,0.0,0.881,0.119,0.2235,positivo,,Arctic Shift API
64a300e7757edf46,programming,2024-04-10T21:59:20+00:00,0.0,0.831,0.169,0.7579,positivo,,Arctic Shift API
4e6e313f649ad7d2,devops,2021-03-31T23:48:58+00:00,0.0,0.722,0.278,0.4019,positivo,,Arctic Shift API
5e3512cad65982a1,programming,2022-09-29T00:35:06+00:00,0.0,0.867,0.133,0.6412,positivo,,Arctic Shift API
a222184fa7f1d1db,cscareerquestions,2023-08-06T00:14:15+00:00,0.237,0.763,0.0,-0.4215,negativo,,Arctic Shift API
68fbb6312398df6f,devops,2022-09-30T01:48:18+00:00,0.0,0.5,0.5,0.8399,positivo,,Arctic Shift API
f4b51524ff505f55,devops,2021-04-06T19:20:53+00:00,0.054,0.819,0.127,0.8543,positivo,,Arctic Shift API
7ac3d6b9b016f3aa,devops,2024-04-19T04:20:50+00:00,0.332,0.625,0.043,-0.8316,negativo,,Arctic Shift API
7f820bff4ddc80b8,programming,2023-02-13T23:14:18+00:00,0.079,0.792,0.129,0.296,positivo,bug,Arctic Shift API
5e4b0650ee3a600d,programming,2023-02-10T02:41:16+00:00,0.0,0.866,0.134,0.4497,positivo,,Arctic Shift API
5fe7fff579cc8035,devops,2024-03-16T22:30:57+00:00,0.213,0.787,0.0,-0.4019,negativo,,Arctic Shift API
aaa00e4632d26880,cscareerquestions,2023-09-19T00:17:01+00:00,0.0,1.0,0.0,0.0,neutro,,Arctic Shift API
b5f5c20741fd6070,programming,2022-09-12T21:26:52+00:00,0.0,0.77,0.23,0.5983,positivo,,Arctic Shift API
8eca06cb8dffa93b,programming,2022-04-03T02:58:45+00:00,0.0,0.78,0.22,0.6808,positivo,,Arctic Shift API
0c94a7fe4a898763,devops,2024-09-26T06:04:40+00:00,0.1,0.756,0.144,0.4844,positivo,,Arctic Shift API
64720ff1ffe104b8,programming,2023-05-10T23:34:06+00:00,0.0,0.752,0.248,0.5106,positivo,,Arctic Shift API
94e7b7dc55b32e7c,devops,2023-12-31T16:12:30+00:00,0.108,0.758,0.135,0.1717,positivo,,Arctic Shift API
6731a5aa970e3235,devops,2023-08-30T19:54:26+00:00,0.055,0.812,0.133,0.6705,positivo,,Arctic Shift API
e2b19b33dd6de604,programming,2022-03-22T00:00:46+00:00,0.022,0.888,0.09,0.8895,positivo,overload,Arctic Shift API
f2fd9b254968acea,cscareerquestions,2022-06-04T22:52:02+00:00,0.0,1.0,0.0,0.0,neutro,,Arctic Shift API
cb2d36d97c82c22d,devops,2021-02-22T17:57:32+00:00,0.0,1.0,0.0,0.0,neutro,,Arctic Shift API
dccdaf34a3d97186,programming,2022-03-20T02:37:08+00:00,0.16,0.821,0.019,-0.91,negativo,,Arctic Shift API
e0e294caa3f6a82f,cscareerquestions,2024-03-07T01:00:41+00:00,0.0,1.0,0.0,0.0,neutro,,Arctic Shift API
167f25e5cff61427,devops,2021-04-03T17:24:50+00:00,0.035,0.922,0.043,0.128,positivo,,Arctic Shift API
b57368d830540eca,devops,2022-04-13T23:47:08+00:00,0.099,0.82,0.081,-0.749,negativo,outage,Arctic Shift API
4396a72fb9f9963f,devops,2024-01-12T01:37:06+00:00,0.0,0.934,0.066,0.34,positivo,,Arctic Shift API
834e073db19cb130,devops,2023-05-18T12:25:47+00:00,0.0,1.0,0.0,0.0,neutro,,Arctic Shift API
4a92b6e978c3e265,programming,2023-09-16T21:15:46+00:00,0.074,0.815,0.112,0.2516,positivo,,Arctic Shift API
8d6a20557d0843bf,cscareerquestions,2023-03-26T00:42:32+00:00,0.132,0.803,0.065,-0.743,negativo,,Arctic Shift API
ffeb1e60146fbd23,cscareerquestions,2021-03-19T00:24:52+00:00,0.019,0.816,0.165,0.8689,positivo,,Arctic Shift API
fd653b8d37863ffc,devops,2021-06-24T01:06:21+00:00,0.057,0.769,0.175,0.8539,positivo,,Arctic Shift API
70e75a6a3e9734c0,devops,2023-03-18T20:50:36+00:00,0.244,0.671,0.085,-0.6369,negativo,,Arctic Shift API
5cceda727e5a2b5f,cscareerquestions,2024-03-16T23:36:55+00:00,0.0,0.9,0.1,0.7096,positivo,,Arctic Shift API
9eaf430c6cc321fb,programming,2024-12-16T23:23:33+00:00,0.09,0.833,0.077,-0.1027,negativo,,Arctic Shift API
7ab2739316f18d36,devops,2024-03-13T21:19:50+00:00,0.048,0.952,0.0,-0.1779,negativo,,Arctic Shift API
d4908a102f8bbc9c,programming,2021-12-29T21:54:59+00:00,0.189,0.625,0.186,0.4443,positivo,,Arctic Shift API
f12806337e21e01d,devops,2024-12-12T06:22:41+00:00,0.093,0.907,0.0,-0.2846,negativo,,Arctic Shift API
54a230201d55b996,cscareerquestions,2024-10-13T00:13:04+00:00,0.04,0.836,0.124,0.9112,positivo,,Arctic Shift API
ea9e5ed5d5c5eac8,programming,2023-03-17T01:20:23+00:00,0.154,0.846,0.0,-0.2057,negativo,bug,Arctic Shift API
a7fa6939bdec5b89,cscareerquestions,2022-08-07T00:31:43+00:00,0.196,0.672,0.132,-0.5423,negativo,,Arctic Shift API
37c35dd17d5d8e52,programming,2022-10-09T03:00:03+00:00,0.131,0.775,0.095,-0.8834,negativo,,Arctic Shift API
4f9c4409d19bc0fd,devops,2024-11-02T20:50:21+00:00,0.023,0.894,0.084,0.636,positivo,,Arctic Shift API
f3771cb3c5f1f4fb,cscareerquestions,2023-03-14T00:01:56+00:00,0.042,0.87,0.088,0.5574,positivo,,Arctic Shift API
d08059b9284e9fd8,devops,2023-07-03T20:17:39+00:00,0.0,1.0,0.0,0.0,neutro,,Arctic Shift API
b60dd5e4b4bff2a5,cscareerquestions,2024-07-21T01:33:04+00:00,0.06,0.623,0.317,0.8945,positivo,,Arctic Shift API
2e71c404a7396ed4,devops,2022-10-23T14:42:36+00:00,0.0,0.933,0.067,0.3612,positivo,,Arctic Shift API
00ecb8614c54069d,devops,2021-03-21T17:11:28+00:00,0.028,0.941,0.031,0.0387,neutro,,Arctic Shift API
285a9b528af8733a,programming,2023-02-22T22:46:39+00:00,0.109,0.827,0.064,-0.866,negativo,tired,Arctic Shift API
6160e99b230bbb79,programming,2022-07-31T03:38:12+00:00,0.013,0.806,0.181,0.9595,positivo,,Arctic Shift API
ea40a9c2721c97f6,devops,2024-06-10T15:28:03+00:00,0.0,1.0,0.0,0.0,neutro,,Arctic Shift API
b5b00ff136439d82,cscareerquestions,2022-05-13T00:26:31+00:00,0.019,0.877,0.103,0.7063,positivo,,Arctic Shift API
c29e981317102ae4,programming,2021-09-05T00:22:02+00:00,0.065,0.842,0.092,0.128,positivo,,Arctic Shift API
25eb371a84fdef11,cscareerquestions,2022-01-31T23:40:26+00:00,0.081,0.919,0.0,-0.296,negativo,,Arctic Shift API
3b254c579110e639,devops,2021-07-16T05:52:54+00:00,0.0,0.728,0.272,0.6808,positivo,,Arctic Shift API
e2b67d4d63fb603c,devops,2023-02-07T02:25:28+00:00,0.0,1.0,0.0,0.0,neutro,,Arctic Shift API
8240f86552a64280,cscareerquestions,2024-03-19T00:24:17+00:00,0.039,0.848,0.113,0.5806,positivo,,Arctic Shift API
cc6d0ad3dfc804b1,devops,2023-02-25T23:08:45+00:00,0.0,0.707,0.293,0.6597,positivo,,Arctic Shift API
57965c3df6aae69e,programming,2021-06-14T22:29:07+00:00,0.041,0.846,0.113,0.6288,positivo,,Arctic Shift API
9bb266be7b6e9100,cscareerquestions,2023-11-20T23:37:38+00:00,0.029,0.779,0.192,0.9588,positivo,deadline; deadlines,Arctic Shift API
68018c2b6158aae5,cscareerquestions,2023-02-18T23:40:25+00:00,0.0,0.916,0.084,0.5423,positivo,,Arctic Shift API
6ee566601769ae03,devops,2022-09-01T02:43:36+00:00,0.0,0.963,0.037,0.1531,positivo,,Arctic Shift API
4b06ef325488920f,devops,2023-09-20T21:21:42+00:00,0.0,0.872,0.128,0.6908,positivo,,Arctic Shift API
a46e3bbe311fd5bf,cscareerquestions,2021-10-26T00:58:43+00:00,0.024,0.743,0.233,0.9837,positivo,,Arctic Shift API
d514a7f9a0e870d9,cscareerquestions,2024-07-04T00:47:41+00:00,0.017,0.888,0.095,0.7735,positivo,,Arctic Shift API
43687034ce2ea7dd,devops,2022-05-11T21:15:56+00:00,0.0,1.0,0.0,0.0,neutro,,Arctic Shift API
cf275c665df2389d,programming,2023-11-06T21:15:34+00:00,0.054,0.799,0.147,0.5563,positivo,,Arctic Shift API
c27a0a69be4a190f,programming,2022-04-18T23:17:15+00:00,0.0,0.955,0.045,0.4329,positivo,,Arctic Shift API
2ec7351f6b6b53b3,devops,2021-12-18T21:17:33+00:00,0.0,0.896,0.104,0.8176,positivo,,Arctic Shift API
e05e1079e6d15847,devops,2022-08-09T04:53:11+00:00,0.016,0.923,0.061,0.7441,positivo,,Arctic Shift API
2df0b871f417acf5,devops,2021-08-20T02:19:16+00:00,0.0,0.901,0.099,0.296,positivo,,Arctic Shift API
ddb55751fccafbce,devops,2024-07-27T22:58:36+00:00,0.098,0.819,0.083,-0.5868,negativo,,Arctic Shift API
120565ae5eea222f,programming,2023-02-13T23:14:51+00:00,0.028,0.944,0.028,0.0,neutro,,Arctic Shift API
c8202782cd3b166a,cscareerquestions,2023-01-28T23:49:45+00:00,0.0,0.884,0.116,0.4404,positivo,,Arctic Shift API
6d1eb7e7cc20c3dc,programming,2022-04-05T04:22:49+00:00,0.0,1.0,0.0,0.0,neutro,,Arctic Shift API
d935c08d50d7db09,programming,2023-01-19T02:07:49+00:00,0.102,0.729,0.17,0.8422,positivo,,Arctic Shift API
fc05977ad0d9cae2,programming,2023-04-29T22:47:49+00:00,0.0,1.0,0.0,0.0,neutro,,Arctic Shift API
f241085c8c7a2f9b,devops,2022-03-21T13:50:37+00:00,0.109,0.747,0.144,0.5263,positivo,,Arctic Shift API
0291f759c2841e06,cscareerquestions,2022-04-09T23:01:14+00:00,0.0,1.0,0.0,0.0,neutro,,Arctic Shift API
4a0260845a517770,devops,2022-11-25T13:49:11+00:00,0.0,1.0,0.0,0.0,neutro,,Arctic Shift API
b81600234da53f68,cscareerquestions,2022-10-25T00:40:33+00:00,0.113,0.887,0.0,-0.1027,negativo,,Arctic Shift API
840617f642476d9c,programming,2021-01-20T22:19:10+00:00,0.154,0.772,0.074,-0.5267,negativo,,Arctic Shift API
a03ff3bca7de4f8f,devops,2021-07-10T14:12:15+00:00,0.0,1.0,0.0,0.0,neutro,,Arctic Shift API
243537d3b7f957d3,programming,2024-07-28T02:59:15+00:00,0.02,0.877,0.102,0.9526,positivo,,Arctic Shift API
2c6463cc244cac5a,devops,2024-09-25T19:54:13+00:00,0.0,1.0,0.0,0.0,neutro,,Arctic Shift API
83533fdc0d35af38,programming,2022-04-01T01:46:39+00:00,0.0,1.0,0.0,0.0,neutro,,Arctic Shift API
f978bbbece4c49eb,programming,2021-12-04T23:28:40+00:00,0.189,0.811,0.0,-0.86,negativo,,Arctic Shift API
4f7527cec933ac86,programming,2021-11-14T00:08:31+00:00,0.0,0.966,0.034,0.6082,positivo,,Arctic Shift API
92f30c5b9a166f35,programming,2024-02-29T02:12:30+00:00,0.634,0.366,0.0,-0.6369,negativo,,Arctic Shift API
4d95dc2dfea44167,programming,2021-07-04T00:56:38+00:00,0.0,1.0,0.0,0.0,neutro,,Arctic Shift API
46a5c044104cddf8,programming,2021-12-11T23:31:51+00:00,0.14,0.755,0.105,-0.3931,negativo,pressure,Arctic Shift API
fed78d23ad7de7b8,cscareerquestions,2024-03-09T23:51:46+00:00,0.0,0.701,0.299,0.6593,positivo,,Arctic Shift API
7a3d6b76aec70d8a,devops,2021-07-12T23:20:43+00:00,0.0,0.896,0.104,0.4215,positivo,,Arctic Shift API
db7a54b3994c1ad1,cscareerquestions,2024-04-11T00:25:15+00:00,0.042,0.87,0.088,0.5574,positivo,,Arctic Shift API
a951d13136baddce,cscareerquestions,2024-03-07T01:00:24+00:00,0.049,0.839,0.112,0.9272,positivo,bug,Arctic Shift API
640de75f033d7417,programming,2023-11-14T00:18:51+00:00,0.153,0.694,0.153,0.0,neutro,,Arctic Shift API
2d60fee8e21f91d3,cscareerquestions,2022-02-18T00:52:23+00:00,0.102,0.81,0.088,-0.0807,negativo,,Arctic Shift API
d2703d5b68860b6f,cscareerquestions,2024-11-27T23:39:45+00:00,0.075,0.533,0.392,0.8442,positivo,,Arctic Shift API
251822b1561ef7f0,cscareerquestions,2023-08-05T23:03:13+00:00,0.067,0.933,0.0,-0.5256,negativo,,Arctic Shift API
5d0791026046139f,programming,2022-06-27T23:13:39+00:00,0.051,0.816,0.132,0.9093,positivo,,Arctic Shift API
7b097e08b87faee5,devops,2024-08-24T17:43:27+00:00,0.0,0.614,0.386,0.8313,positivo,,Arctic Shift API
13491f08e453ee4b,devops,2022-10-27T10:16:52+00:00,0.0,0.871,0.129,0.63,positivo,,Arctic Shift API
3e0b78bc66e3f5c8,cscareerquestions,2024-02-17T23:13:37+00:00,0.194,0.562,0.244,0.2023,positivo,,Arctic Shift API
d9c90fb6021eb0e4,programming,2024-09-29T05:08:58+00:00,0.259,0.741,0.0,-0.9572,negativo,,Arctic Shift API
20d47f33191d2f55,programming,2024-11-07T09:11:03+00:00,0.033,0.817,0.15,0.8649,positivo,,Arctic Shift API
f9c1bcfb26660fa4,devops,2023-01-08T14:27:32+00:00,0.118,0.788,0.094,-0.397,negativo,bug,Arctic Shift API
754cfad6134692ac,devops,2023-05-22T18:14:56+00:00,0.0,1.0,0.0,0.0,neutro,,Arctic Shift API
56498e0a96fb03ae,devops,2024-06-14T02:46:30+00:00,0.132,0.604,0.263,0.5291,positivo,,Arctic Shift API
02f92c942e8c97bb,cscareerquestions,2022-04-18T23:49:49+00:00,0.09,0.719,0.191,0.8972,positivo,,Arctic Shift API
79b43ccb7d6e1002,devops,2021-04-18T11:26:10+00:00,0.021,0.805,0.174,0.9944,positivo,,Arctic Shift API
6767f7efd5f3c8af,cscareerquestions,2023-11-12T00:53:33+00:00,0.231,0.769,0.0,-0.34,negativo,,Arctic Shift API
9c430c695482ee25,cscareerquestions,2024-01-01T23:19:12+00:00,0.03,0.868,0.101,0.5994,positivo,,Arctic Shift API
4e4b2d1f14eefc65,cscareerquestions,2021-09-17T00:25:48+00:00,0.0,0.894,0.106,0.3612,positivo,,Arctic Shift API
440144ff12873612,programming,2023-10-08T02:52:45+00:00,0.14,0.762,0.098,-0.1027,negativo,,Arctic Shift API
d4ca778e83411fff,devops,2024-11-18T18:22:17+00:00,0.09,0.822,0.088,0.224,positivo,,Arctic Shift API
4176522dc7756a83,programming,2022-06-02T02:12:25+00:00,0.229,0.771,0.0,-0.6202,negativo,,Arctic Shift API
f6cf694dd7d8571e,programming,2023-01-31T00:33:35+00:00,0.0,0.949,0.051,0.0772,positivo,,Arctic Shift API
a5084eddee7287c5,programming,2022-05-31T00:18:24+00:00,0.169,0.634,0.197,0.1027,positivo,,Arctic Shift API
a938961a2387fe90,programming,2022-11-19T23:52:34+00:00,0.0,0.775,0.225,0.7492,positivo,,Arctic Shift API
af811e7d3eb50df1,programming,2022-10-10T22:09:02+00:00,0.093,0.792,0.115,0.291,positivo,,Arctic Shift API
50b2aa0076856011,cscareerquestions,2023-06-26T23:26:46+00:00,0.099,0.819,0.081,-0.8646,negativo,,Arctic Shift API
85834c8d8ba3acc1,programming,2024-08-11T00:28:18+00:00,0.053,0.805,0.142,0.7351,positivo,,Arctic Shift API
76b44d3ed5e79208,devops,2022-11-29T00:06:09+00:00,0.0,0.701,0.299,0.7959,positivo,,Arctic Shift API
887fb4160403c9ce,programming,2021-07-15T03:23:35+00:00,0.0,0.944,0.056,0.5318,positivo,,Arctic Shift API
378d56dadfc6e747,devops,2021-11-04T08:24:21+00:00,0.041,0.853,0.106,0.5081,positivo,,Arctic Shift API
b58a92eab46ed97e,devops,2023-12-03T06:16:07+00:00,0.021,0.872,0.107,0.9831,positivo,,Arctic Shift API
fc3011ca0a9e59c3,cscareerquestions,2021-09-17T00:28:56+00:00,0.069,0.874,0.057,-0.128,negativo,,Arctic Shift API
b061d23e67a96e66,devops,2023-01-25T21:27:34+00:00,0.061,0.679,0.259,0.7522,positivo,,Arctic Shift API
a1146d612e960951,cscareerquestions,2024-10-24T00:29:54+00:00,0.122,0.723,0.155,0.0772,positivo,,Arctic Shift API
fba1a1c3041d138d,programming,2021-08-25T22:21:05+00:00,0.0,0.661,0.339,0.6249,positivo,,Arctic Shift API
660492df13204fec,devops,2024-12-15T09:15:02+00:00,0.0,0.946,0.054,0.2732,positivo,,Arctic Shift API
3f6f7122d2d58fbf,devops,2021-10-11T11:13:54+00:00,0.02,0.971,0.009,-0.3885,negativo,,Arctic Shift API
ccbcccfc239864c6,programming,2021-09-09T00:45:58+00:00,0.302,0.573,0.126,-0.8402,negativo,,Arctic Shift API
367001e724acf450,cscareerquestions,2021-07-23T00:25:45+00:00,0.0,0.801,0.199,0.5766,positivo,,Arctic Shift API
43b2f4aecc3b789a,devops,2021-05-21T23:01:55+00:00,0.075,0.833,0.091,0.1027,positivo,,Arctic Shift API
0ab07fd23f092ef4,cscareerquestions,2024-11-29T00:17:39+00:00,0.17,0.728,0.102,-0.4497,negativo,,Arctic Shift API
0640d06fe4b5031c,cscareerquestions,2021-05-13T00:00:46+00:00,0.0,1.0,0.0,0.0,neutro,,Arctic Shift API
2373dd50d4414cf7,programming,2022-02-21T20:02:10+00:00,0.0,0.748,0.252,0.4019,positivo,,Arctic Shift API
25d7d6de06b3ca8e,programming,2022-06-26T01:51:04+00:00,0.202,0.742,0.056,-0.7096,negativo,,Arctic Shift API
b18415217db96922,cscareerquestions,2024-08-06T00:58:10+00:00,0.067,0.796,0.137,0.8739,positivo,,Arctic Shift API
261b965c339cd145,cscareerquestions,2023-08-13T00:28:14+00:00,0.045,0.79,0.166,0.7579,positivo,,Arctic Shift API
7cfee5c550a84b46,devops,2023-11-24T08:20:14+00:00,0.177,0.721,0.103,-0.4767,negativo,,Arctic Shift API
e800fbc12c791432,programming,2023-12-08T00:19:03+00:00,0.0,0.855,0.145,0.4696,positivo,,Arctic Shift API
84d151ca27ade2ee,programming,2024-06-21T01:36:58+00:00,0.24,0.679,0.081,-0.6956,negativo,,Arctic Shift API
a46483a896d45502,cscareerquestions,2021-01-29T00:48:30+00:00,0.0,0.946,0.054,0.3612,positivo,,Arctic Shift API
002035c5a5f00850,devops,2021-09-02T01:33:25+00:00,0.064,0.936,0.0,-0.3235,negativo,,Arctic Shift API
d3a0d7ea7f506a41,devops,2022-12-06T08:53:13+00:00,0.0,1.0,0.0,0.0,neutro,,Arctic Shift API
f3c0b63e132eec76,devops,2023-02-28T02:35:07+00:00,0.095,0.825,0.08,-0.1531,negativo,,Arctic Shift API
a9d1938f0d452c18,devops,2023-12-19T07:43:29+00:00,0.0,0.924,0.076,0.3182,positivo,,Arctic Shift API
2b8dcf4fd9c08c9a,programming,2022-07-08T00:06:46+00:00,0.0,0.913,0.087,0.5459,positivo,,Arctic Shift API
e381d7b1df50aace,cscareerquestions,2021-10-30T23:34:53+00:00,0.038,0.892,0.07,0.4588,positivo,overworked,Arctic Shift API
4700ddd51126b1bf,programming,2024-10-27T06:03:30+00:00,0.035,0.867,0.097,0.8312,positivo,,Arctic Shift API
f7b8b06b2d49b222,programming,2022-08-06T23:01:25+00:00,0.07,0.93,0.0,-0.0516,negativo,,Arctic Shift API
c2a6107759a74a45,devops,2024-03-19T01:03:45+00:00,0.072,0.791,0.137,0.4333,positivo,bug,Arctic Shift API
a194c885cde4f291,cscareerquestions,2021-04-28T23:44:07+00:00,0.0,0.453,0.547,0.9423,positivo,,Arctic Shift API
52b928fc22cad7d9,cscareerquestions,2022-06-19T00:13:12+00:00,0.063,0.937,0.0,-0.326,negativo,,Arctic Shift API
d2720e4c924c2027,programming,2021-09-01T23:28:55+00:00,0.056,0.718,0.226,0.765,positivo,,Arctic Shift API
106ab4919dd13bb6,devops,2021-02-01T20:23:38+00:00,0.063,0.937,0.0,-0.1419,negativo,,Arctic Shift API
8c30e0967d42427c,cscareerquestions,2024-06-02T00:55:10+00:00,0.018,0.921,0.061,0.4118,positivo,,Arctic Shift API
132a7b458557dc3a,programming,2021-05-23T05:09:32+00:00,0.0,1.0,0.0,0.0,neutro,,Arctic Shift API
a53a4c1bf8a93a05,devops,2022-01-27T04:36:29+00:00,0.069,0.798,0.133,0.5542,positivo,,Arctic Shift API
c2f66c9ef939d242,programming,2023-11-02T01:34:29+00:00,0.061,0.907,0.032,-0.3421,negativo,,Arctic Shift API
ff46aaaabdf5061a,devops,2022-05-03T07:33:59+00:00,0.15,0.68,0.17,0.0772,positivo,,Arctic Shift API
47fa63637c5ab3ae,cscareerquestions,2024-05-22T23:51:37+00:00,0.09,0.847,0.063,-0.2023,negativo,,Arctic Shift API
328d8a6472dec6a6,cscareerquestions,2023-11-23T00:53:59+00:00,0.0,0.522,0.478,0.7506,positivo,,Arctic Shift API
eff3a49a7f96bc07,cscareerquestions,2023-09-21T00:28:58+00:00,0.025,0.801,0.175,0.8674,positivo,,Arctic Shift API
a5149303bce6b3a6,programming,2023-01-17T02:36:52+00:00,0.0,1.0,0.0,0.0,neutro,,Arctic Shift API
019101ebb752e353,devops,2022-10-04T01:20:45+00:00,0.026,0.871,0.103,0.8359,positivo,,Arctic Shift API
ede27e474274c627,cscareerquestions,2021-02-02T00:06:15+00:00,0.0,0.833,0.167,0.3832,positivo,,Arctic Shift API
2843e04a239739f8,programming,2022-06-26T02:57:40+00:00,0.0,1.0,0.0,0.0,neutro,,Arctic Shift API
2ba2739126a6c7e5,programming,2022-08-08T23:59:17+00:00,0.0,1.0,0.0,0.0,neutro,,Arctic Shift API
c69a9398705f748f,programming,2021-02-18T01:35:01+00:00,0.081,0.836,0.084,0.667,positivo,overload,Arctic Shift API
e1831b73f25d9da5,devops,2023-03-26T05:10:53+00:00,0.0,0.892,0.108,0.7669,positivo,,Arctic Shift API
aa2c47133123cddc,programming,2022-01-23T00:14:22+00:00,0.05,0.84,0.11,0.9058,positivo,,Arctic Shift API
e188bacd34f219ac,cscareerquestions,2024-08-12T23:10:33+00:00,0.0,1.0,0.0,0.0,neutro,,Arctic Shift API
38a50b348b439843,devops,2023-11-22T17:20:44+00:00,0.0,0.878,0.122,0.6855,positivo,,Arctic Shift API
34d395803695f665,devops,2021-02-18T07:51:27+00:00,0.0,0.766,0.234,0.6689,positivo,,Arctic Shift API
95049a6357922c0b,cscareerquestions,2024-03-30T23:17:19+00:00,0.042,0.87,0.088,0.5574,positivo,,Arctic Shift API
eda6d6766c402418,cscareerquestions,2022-05-01T00:32:02+00:00,0.036,0.898,0.066,0.3472,positivo,,Arctic Shift API
2ab13b2d8e62d256,cscareerquestions,2022-04-08T00:18:07+00:00,0.147,0.814,0.039,-0.6249,negativo,,Arctic Shift API
fd62367bffce31ca,programming,2023-05-22T23:11:49+00:00,0.103,0.811,0.086,-0.5362,negativo,incident,Arctic Shift API
cf3594f184c9f258,cscareerquestions,2021-05-06T00:34:25+00:00,0.04,0.719,0.241,0.9246,positivo,,Arctic Shift API
87cf98b939b79bb9,cscareerquestions,2024-12-15T00:28:21+00:00,0.195,0.737,0.067,-0.7202,negativo,,Arctic Shift API
1d3388da5839d1a8,devops,2022-01-03T15:48:41+00:00,0.055,0.881,0.064,0.1779,positivo,incident,Arctic Shift API
4df1bf450ff88960,cscareerquestions,2023-01-04T23:21:09+00:00,0.035,0.905,0.06,0.0027,neutro,,Arctic Shift API
064d1ffcb17d700c,cscareerquestions,2024-08-09T00:09:59+00:00,0.0,0.916,0.084,0.4854,positivo,,Arctic Shift API
875bd747a3880efc,devops,2021-11-03T23:05:36+00:00,0.095,0.905,0.0,-0.3412,negativo,,Arctic Shift API
7d1d103bff70f8d4,cscareerquestions,2022-02-02T23:37:13+00:00,0.0,0.851,0.149,0.7612,positivo,,Arctic Shift API
ca0f8f8cbf692b9f,devops,2021-07-19T17:27:33+00:00,0.074,0.672,0.254,0.5106,positivo,,Arctic Shift API
e1c6f0eab965c258,cscareerquestions,2023-08-26T23:42:07+00:00,0.073,0.729,0.198,0.8676,positivo,,Arctic Shift API
1524bd3b70835668,programming,2021-08-13T00:23:35+00:00,0.0,0.895,0.105,0.1655,positivo,,Arctic Shift API
20d9b1059055b777,cscareerquestions,2023-11-02T00:42:52+00:00,0.038,0.822,0.14,0.9029,positivo,,Arctic Shift API
0f5febd7f5d8c7fe,programming,2023-01-26T00:05:59+00:00,0.053,0.86,0.087,0.2063,positivo,,Arctic Shift API
4cbcf2166b38afd6,cscareerquestions,2021-05-09T00:22:43+00:00,0.053,0.697,0.25,0.8658,positivo,,Arctic Shift API
bbb768a9377a3b64,cscareerquestions,2024-12-09T23:08:26+00:00,0.0,0.526,0.474,0.7964,positivo,,Arctic Shift API
ed2eca3f2af61a22,devops,2022-04-13T23:05:58+00:00,0.05,0.821,0.13,0.5719,positivo,,Arctic Shift API
e42a76eb25382681,cscareerquestions,2024-04-27T23:03:49+00:00,0.141,0.787,0.072,-0.4588,negativo,,Arctic Shift API
77d46ae8162f69c4,devops,2024-07-13T22:54:10+00:00,0.0,0.792,0.208,0.8957,positivo,,Arctic Shift API
399a5af9cc46e790,devops,2024-09-22T11:07:14+00:00,0.021,0.847,0.132,0.854,positivo,,Arctic Shift API
bff202a2f943d295,cscareerquestions,2024-02-12T23:41:15+00:00,0.026,0.818,0.156,0.7579,positivo,,Arctic Shift API
001eda6a2591e005,cscareerquestions,2024-02-18T00:47:09+00:00,0.087,0.711,0.202,0.4404,positivo,,Arctic Shift API
adea482c833cdc26,devops,2023-04-22T17:48:53+00:00,0.0,0.828,0.172,0.9558,positivo,,Arctic Shift API
1ef049b238a1783e,programming,2022-01-10T23:34:21+00:00,0.0,0.817,0.183,0.8074,positivo,,Arctic Shift API
5828828f1b33b7d0,cscareerquestions,2023-03-07T00:17:02+00:00,0.049,0.868,0.083,0.3699,positivo,,Arctic Shift API
74f9ab5aca012781,programming,2024-03-05T00:28:47+00:00,0.251,0.685,0.063,-0.8126,negativo,,Arctic Shift API
06c96101b5dcf62d,cscareerquestions,2023-08-24T00:36:16+00:00,0.101,0.853,0.046,-0.4497,negativo,,Arctic Shift API
da81c4588d1d2c2e,devops,2021-10-20T19:51:32+00:00,0.038,0.79,0.172,0.7096,positivo,,Arctic Shift API
e086a94b1983bbbd,devops,2023-02-20T17:20:44+00:00,0.047,0.884,0.069,0.2354,positivo,,Arctic Shift API
edf8adc06b131d48,programming,2022-11-18T00:29:50+00:00,0.0,1.0,0.0,0.0,neutro,,Arctic Shift API
ea6284fed60791bf,devops,2022-11-13T09:22:34+00:00,0.052,0.743,0.205,0.7762,positivo,,Arctic Shift API
1cf0eab70d416dec,devops,2021-12-01T21:41:26+00:00,0.0,0.769,0.231,0.4019,positivo,,Arctic Shift API
84355189560e638f,devops,2023-09-28T09:42:37+00:00,0.03,0.859,0.111,0.4959,positivo,,Arctic Shift API
497c7a5828e4ada5,cscareerquestions,2021-07-29T00:35:45+00:00,0.026,0.891,0.083,0.5789,positivo,,Arctic Shift API
8e9a6b9af63e9035,programming,2021-09-18T21:03:37+00:00,0.121,0.658,0.221,0.6696,positivo,,Arctic Shift API
102f0fbf4a31298f,cscareerquestions,2024-01-23T01:01:58+00:00,0.078,0.922,0.0,-0.296,negativo,,Arctic Shift API
6d3af8b235b08ffb,programming,2023-11-09T00:48:54+00:00,0.072,0.888,0.039,-0.3107,negativo,crash,Arctic Shift API
10f8fd21ef275d92,programming,2023-10-02T23:35:50+00:00,0.0,1.0,0.0,0.0,neutro,,Arctic Shift API
50a0323e3f0cc4b4,devops,2022-07-07T01:34:48+00:00,0.0,0.849,0.151,0.9112,positivo,,Arctic Shift API
1b93ddb49be6f395,devops,2024-02-18T02:41:16+00:00,0.0,0.783,0.217,0.3612,positivo,,Arctic Shift API
67afd101d0b62dfd,programming,2024-03-08T00:56:12+00:00,0.15,0.725,0.125,-0.25,negativo,,Arctic Shift API
0938fb7f7a4bb5f5,cscareerquestions,2023-11-02T00:36:06+00:00,0.106,0.709,0.185,0.25,positivo,,Arctic Shift API
db255b6564c867e9,cscareerquestions,2021-07-13T00:05:07+00:00,0.0,0.809,0.191,0.3182,positivo,,Arctic Shift API
033e54f0c1ec3c39,programming,2023-05-22T23:31:58+00:00,0.095,0.738,0.166,0.3182,positivo,,Arctic Shift API
4b104907752b29df,devops,2021-08-30T23:29:08+00:00,0.155,0.845,0.0,-0.296,negativo,,Arctic Shift API
d2a8d731b25692d4,cscareerquestions,2021-10-06T23:14:51+00:00,0.023,0.884,0.093,0.6055,positivo,,Arctic Shift API
af7c5b90186e9fef,devops,2021-11-13T19:55:40+00:00,0.0,0.417,0.583,0.8689,positivo,,Arctic Shift API
72537131f2c1ae67,cscareerquestions,2022-08-20T23:27:13+00:00,0.045,0.927,0.028,-0.25,negativo,,Arctic Shift API
8a532c872f2c77ee,devops,2021-01-08T23:02:01+00:00,0.067,0.863,0.069,0.0611,positivo,bug,Arctic Shift API
c991f258a7a51b2c,programming,2022-04-17T01:36:16+00:00,0.0,0.86,0.14,0.8519,positivo,,Arctic Shift API
3662a7ad1912a81d,programming,2023-03-19T01:09:54+00:00,0.096,0.847,0.056,-0.5904,negativo,,Arctic Shift API
a4a660a9de18e679,devops,2023-12-30T19:34:31+00:00,0.037,0.708,0.255,0.9027,positivo,,Arctic Shift API
247b2b97a413e851,devops,2021-11-10T19:16:25+00:00,0.0,0.599,0.401,0.8271,positivo,,Arctic Shift API
caaa6d50a1beea1f,devops,2024-01-02T04:18:04+00:00,0.0,0.835,0.165,0.9719,positivo,on-call,Arctic Shift API
e1f0aebd97946ecc,devops,2022-08-27T22:49:08+00:00,0.016,0.92,0.064,0.9471,positivo,,Arctic Shift API
a30668d55f934d80,cscareerquestions,2022-06-10T00:16:56+00:00,0.045,0.908,0.047,0.1039,positivo,,Arctic Shift API
daa8cb9142b3d0ac,programming,2022-04-24T01:43:05+00:00,0.051,0.876,0.074,0.2484,positivo,,Arctic Shift API
3a0f6a8e36e2521d,devops,2021-03-19T18:04:02+00:00,0.087,0.811,0.102,0.128,positivo,,Arctic Shift API
db2b89cbd6207aeb,cscareerquestions,2024-03-17T00:12:24+00:00,0.0,0.672,0.328,0.5983,positivo,,Arctic Shift API
6dbcfcbf309e9188,devops,2024-01-28T07:51:11+00:00,0.031,0.83,0.139,0.9337,positivo,,Arctic Shift API
3d893ef7a91b8847,programming,2021-01-23T23:14:22+00:00,0.212,0.705,0.083,-0.4588,negativo,,Arctic Shift API
0c550c56017e484c,cscareerquestions,2022-11-04T00:10:19+00:00,0.088,0.813,0.099,0.0772,positivo,,Arctic Shift API
1b1cbbe40347c960,devops,2021-04-19T19:30:10+00:00,0.0,0.734,0.266,0.4404,positivo,,Arctic Shift API
4aa9856b94d019db,cscareerquestions,2024-08-27T00:49:01+00:00,0.135,0.865,0.0,-0.1027,negativo,,Arctic Shift API
9fc3874c4b244185,cscareerquestions,2023-01-10T00:00:04+00:00,0.0,0.714,0.286,0.4215,positivo,,Arctic Shift API
60b88a726ffd90fa,cscareerquestions,2023-01-17T01:10:04+00:00,0.0,1.0,0.0,0.0,neutro,,Arctic Shift API
8cc1dd2cfc72e9dd,cscareerquestions,2022-12-25T00:02:07+00:00,0.042,0.87,0.088,0.5574,positivo,,Arctic Shift API
2d9dcca83c8f4854,cscareerquestions,2024-04-30T00:25:10+00:00,0.038,0.796,0.166,0.8885,positivo,,Arctic Shift API
577d3ec73d700c56,devops,2023-03-11T22:32:25+00:00,0.082,0.817,0.102,0.4939,positivo,on call,Arctic Shift API
c558e4eb31c11cdd,devops,2022-09-28T20:34:39+00:00,0.0,0.9,0.1,0.81,positivo,,Arctic Shift API
f2ac9716aa59bcdf,devops,2022-06-18T21:24:10+00:00,0.0,1.0,0.0,0.0,neutro,,Arctic Shift API
e0a1af5922dd389a,programming,2024-04-16T00:03:07+00:00,0.04,0.802,0.158,0.6456,positivo,,Arctic Shift API
d80053313dfe318e,programming,2021-01-25T21:34:51+00:00,0.055,0.819,0.126,0.4019,positivo,,Arctic Shift API
7735c5dadb11125f,cscareerquestions,2024-05-12T01:20:25+00:00,0.0,0.714,0.286,0.4588,positivo,,Arctic Shift API
e1086a4cc17624dc,cscareerquestions,2021-06-13T01:08:55+00:00,0.0,1.0,0.0,0.0,neutro,,Arctic Shift API
ae509f14002bc3ee,programming,2021-11-26T00:37:52+00:00,0.125,0.747,0.128,0.0258,neutro,,Arctic Shift API
0fd3be7a0f923017,devops,2021-11-20T23:28:06+00:00,0.016,0.859,0.124,0.9601,positivo,,Arctic Shift API
738f729f9f07aa31,devops,2024-04-11T05:06:36+00:00,0.0,1.0,0.0,0.0,neutro,,Arctic Shift API
ece5da20394af05c,programming,2024-05-22T22:20:35+00:00,0.0,0.873,0.127,0.5423,positivo,,Arctic Shift API
a3d30f7c0b05bc4a,cscareerquestions,2024-03-04T23:51:36+00:00,0.042,0.87,0.088,0.5574,positivo,,Arctic Shift API
1a255006d82df132,programming,2021-06-09T23:29:29+00:00,0.079,0.921,0.0,-0.6369,negativo,,Arctic Shift API
cd1b926c393266ee,cscareerquestions,2024-03-20T23:57:12+00:00,0.0,1.0,0.0,0.0,neutro,,Arctic Shift API
d44c384c3d241e90,programming,2023-03-27T23:13:34+00:00,0.033,0.876,0.091,0.6224,positivo,,Arctic Shift API
7d16f867342a19fd,programming,2024-10-04T03:23:23+00:00,0.0,1.0,0.0,0.0,neutro,,Arctic Shift API
612b82e41546be8e,devops,2024-02-05T19:28:09+00:00,0.0,1.0,0.0,0.0,neutro,,Arctic Shift API
31a7fde34e08a736,programming,2022-04-04T21:28:27+00:00,0.0,0.947,0.053,0.4497,positivo,,Arctic Shift API
fdb3d3f74603e840,devops,2022-03-12T19:19:12+00:00,0.083,0.806,0.111,0.0516,positivo,,Arctic Shift API
514da1467abd223f,programming,2024-04-09T02:27:55+00:00,0.017,0.962,0.021,0.25,positivo,,Arctic Shift API
5bbac0be031cde3c,programming,2024-08-11T02:32:12+00:00,0.064,0.884,0.051,-0.3071,negativo,,Arctic Shift API
41d07d55ee022789,cscareerquestions,2021-09-14T00:16:38+00:00,0.072,0.713,0.215,0.931,positivo,,Arctic Shift API
01094482abd7232a,cscareerquestions,2021-08-30T23:29:39+00:00,0.0,0.958,0.042,0.2023,positivo,,Arctic Shift API
62dd66540ee47b96,programming,2022-10-17T21:55:53+00:00,0.0,1.0,0.0,0.0,neutro,,Arctic Shift API
759f166b76818afe,programming,2024-09-21T22:57:46+00:00,0.197,0.803,0.0,-0.8521,negativo,,Arctic Shift API
3cf249afeade0c12,devops,2021-11-21T08:23:33+00:00,0.149,0.79,0.061,-0.35,negativo,outage,Arctic Shift API
d8f94205cdd280da,devops,2021-11-02T13:50:42+00:00,0.0,0.813,0.187,0.7003,positivo,,Arctic Shift API
8fd158da957c2316,cscareerquestions,2023-12-30T23:07:53+00:00,0.093,0.729,0.177,0.6318,positivo,,Arctic Shift API
e4dc72e551bef22d,programming,2022-01-13T00:33:37+00:00,0.0,0.687,0.313,0.4767,positivo,,Arctic Shift API
4174c2856c68cf86,cscareerquestions,2022-02-28T23:21:23+00:00,0.251,0.576,0.173,-0.128,negativo,,Arctic Shift API
07f0cfa718c0329c,programming,2023-07-20T05:21:44+00:00,0.228,0.593,0.178,-0.3313,negativo,,Arctic Shift API
260b29bb16b3327d,programming,2022-06-16T00:17:54+00:00,0.186,0.679,0.135,-0.6573,negativo,,Arctic Shift API
2e135a071de17cfb,devops,2023-04-06T03:36:34+00:00,0.12,0.779,0.101,-0.2967,negativo,incident,Arctic Shift API
06a7e6d4700ab8fb,devops,2024-10-26T20:02:26+00:00,0.175,0.741,0.084,-0.7114,negativo,,Arctic Shift API
61ae4a8dcd0e6bb3,programming,2022-05-21T20:42:45+00:00,0.088,0.726,0.186,0.772,positivo,,Arctic Shift API
6171bf44c4113bdb,devops,2022-08-10T20:26:02+00:00,0.0,1.0,0.0,0.0,neutro,,Arctic Shift API
c59ba6057d47b210,cscareerquestions,2022-10-11T00:15:55+00:00,0.0,1.0,0.0,0.0,neutro,,Arctic Shift API
d75b862a61a1686c,devops,2022-07-09T21:00:46+00:00,0.0,0.822,0.178,0.836,positivo,,Arctic Shift API
7a01291a42153fb3,devops,2023-06-07T23:27:36+00:00,0.032,0.787,0.181,0.8994,positivo,,Arctic Shift API
f622b7be93046ccc,cscareerquestions,2021-06-15T00:44:39+00:00,0.041,0.902,0.056,0.6227,positivo,,Arctic Shift API
0a04de88c7e52376,devops,2021-09-24T05:45:58+00:00,0.043,0.813,0.144,0.7457,positivo,,Arctic Shift API
860dc14898e60a65,devops,2021-05-07T15:48:36+00:00,0.0,0.828,0.172,0.8873,positivo,,Arctic Shift API
216bd75e50e41eea,programming,2024-06-13T03:08:21+00:00,0.0,0.866,0.134,0.5423,positivo,,Arctic Shift API
1c2b192be352580d,cscareerquestions,2024-02-19T23:28:11+00:00,0.0,0.805,0.195,0.8173,positivo,,Arctic Shift API
b8780d273862a5d2,programming,2021-11-17T23:26:37+00:00,0.0,0.825,0.175,0.7351,positivo,bug,Arctic Shift API
8ac8654179364597,programming,2023-10-12T00:10:08+00:00,0.121,0.824,0.055,-0.5994,negativo,,Arctic Shift API
339b6813fadd6b4d,cscareerquestions,2024-06-03T23:54:23+00:00,0.0,1.0,0.0,0.0,neutro,,Arctic Shift API
e4dc942c5659d834,cscareerquestions,2022-08-06T23:51:20+00:00,0.145,0.726,0.129,-0.1027,negativo,,Arctic Shift API
d1ace2b5142ebc75,cscareerquestions,2023-11-01T23:37:54+00:00,0.042,0.87,0.088,0.5574,positivo,,Arctic Shift API
1e242c4f91cebb44,devops,2021-11-10T16:27:06+00:00,0.044,0.791,0.164,0.7774,positivo,on-call,Arctic Shift API
cb0687794a828ecb,cscareerquestions,2021-08-05T00:20:27+00:00,0.0,0.931,0.069,0.4404,positivo,,Arctic Shift API
12054bc09308316b,cscareerquestions,2021-12-25T23:16:23+00:00,0.103,0.734,0.164,0.4404,positivo,,Arctic Shift API
94849a14c986a4ca,cscareerquestions,2024-06-16T00:43:33+00:00,0.081,0.852,0.067,0.1027,positivo,,Arctic Shift API
ec586bbbe0ea4b5d,cscareerquestions,2021-05-24T23:43:42+00:00,0.14,0.679,0.181,0.87,positivo,,Arctic Shift API
a5e859e701da38c6,cscareerquestions,2023-09-16T23:16:29+00:00,0.23,0.77,0.0,-0.7165,negativo,stress; stressed,Arctic Shift API
0e80edd265dc2927,cscareerquestions,2022-05-30T22:50:37+00:00,0.012,0.876,0.112,0.9397,positivo,,Arctic Shift API
3a4dce5808652905,programming,2023-03-25T22:21:23+00:00,0.0,1.0,0.0,0.0,neutro,,Arctic Shift API
799b4b818e42793b,devops,2021-09-27T21:37:47+00:00,0.0,0.744,0.256,0.6322,positivo,,Arctic Shift API
768d827e0d8dcf69,cscareerquestions,2022-04-03T00:58:03+00:00,0.0,0.693,0.307,0.9022,positivo,,Arctic Shift API
f2775197800ebec0,devops,2023-07-13T04:59:47+00:00,0.02,0.892,0.087,0.6596,positivo,,Arctic Shift API
61eb0120da68aff7,cscareerquestions,2022-10-09T00:13:19+00:00,0.042,0.83,0.128,0.9948,positivo,,Arctic Shift API
5831a66d3b834a72,programming,2023-10-01T02:54:15+00:00,0.0,0.856,0.144,0.4019,positivo,,Arctic Shift API
22162edf6a08c336,programming,2022-09-07T20:53:57+00:00,0.0,1.0,0.0,0.0,neutro,,Arctic Shift API
b2594c2d35edac46,cscareerquestions,2023-11-02T00:43:29+00:00,0.042,0.87,0.088,0.5574,positivo,,Arctic Shift API
4ea84c8028e61b2e,devops,2022-01-21T01:55:15+00:00,0.044,0.841,0.115,0.7957,positivo,,Arctic Shift API
250ceb3e894e6f3d,programming,2023-12-09T18:23:15+00:00,0.0,0.904,0.096,0.2023,positivo,,Arctic Shift API
540b13d05a15174d,devops,2021-03-19T18:02:30+00:00,0.0,0.778,0.222,0.8126,positivo,,Arctic Shift API
9d7333963ea3b242,devops,2023-03-18T22:29:42+00:00,0.017,0.878,0.105,0.7814,positivo,,Arctic Shift API
3bb3c369c51386b3,cscareerquestions,2022-02-05T23:51:33+00:00,0.114,0.85,0.036,-0.6822,negativo,,Arctic Shift API
82a01fed8afe1a4a,devops,2021-04-10T12:06:26+00:00,0.027,0.944,0.029,0.0286,neutro,,Arctic Shift API
7864af0e9b978bfd,devops,2022-01-11T04:07:45+00:00,0.0,0.753,0.247,0.3182,positivo,,Arctic Shift API
3dedd0110ad191f1,devops,2023-02-16T01:02:42+00:00,0.0,0.891,0.109,0.296,positivo,,Arctic Shift API
f3fe9eaf83fb778d,programming,2023-09-27T23:52:28+00:00,0.118,0.839,0.042,-0.9005,negativo,,Arctic Shift API
865ff499c40017e2,devops,2024-12-21T20:57:43+00:00,0.0,0.64,0.36,0.7351,positivo,,Arctic Shift API
073250eafd902b79,programming,2024-10-30T21:30:01+00:00,0.0,0.906,0.094,0.8176,positivo,,Arctic Shift API
e7f682e011df82dc,cscareerquestions,2022-01-27T00:37:04+00:00,0.314,0.623,0.063,-0.8871,negativo,,Arctic Shift API
ba8b53058019a310,cscareerquestions,2021-08-05T00:40:20+00:00,0.0,1.0,0.0,0.0,neutro,,Arctic Shift API
90b04c9bb5ac7ba8,devops,2024-02-02T03:49:28+00:00,0.089,0.819,0.092,0.2238,positivo,overload,Arctic Shift API
e39b1536ca94e829,programming,2021-03-15T23:34:14+00:00,0.0,0.94,0.06,0.3612,positivo,,Arctic Shift API
01c6b337b3cebb6e,cscareerquestions,2024-12-20T01:09:45+00:00,0.119,0.776,0.105,-0.0772,negativo,,Arctic Shift API
7887a501e579690a,devops,2024-11-15T00:27:23+00:00,0.0,0.808,0.192,0.9638,positivo,,Arctic Shift API
ee80d92b394bd112,cscareerquestions,2022-08-09T00:28:34+00:00,0.0,0.741,0.259,0.4215,positivo,,Arctic Shift API
e0dc1a5c67456f2e,programming,2021-09-02T01:38:55+00:00,0.191,0.675,0.133,-0.4767,negativo,,Arctic Shift API
74f0534b78fc467a,programming,2023-02-28T00:32:52+00:00,0.0,0.933,0.067,0.8176,positivo,,Arctic Shift API
1edb82d877f8799d,devops,2021-06-12T15:16:56+00:00,0.048,0.903,0.05,0.0253,neutro,,Arctic Shift API
ec7b0135e28174cb,devops,2024-01-21T08:36:25+00:00,0.079,0.769,0.152,0.6771,positivo,,Arctic Shift API
eec8369326f6611f,cscareerquestions,2022-05-21T23:54:43+00:00,0.021,0.866,0.113,0.6808,positivo,,Arctic Shift API
da6a8672547e0810,devops,2022-02-10T00:16:48+00:00,0.036,0.761,0.203,0.8363,positivo,,Arctic Shift API
9c2c61490470a245,cscareerquestions,2022-09-29T00:10:57+00:00,0.054,0.69,0.256,0.8024,positivo,,Arctic Shift API
c59fa6959eb31532,devops,2022-06-23T06:31:49+00:00,0.0,0.829,0.171,0.7506,positivo,,Arctic Shift API
c3f8418ed225fafd,devops,2021-08-19T04:00:35+00:00,0.039,0.888,0.073,0.431,positivo,,Arctic Shift API
7f5a6b5912fd5cbc,cscareerquestions,2024-09-10T00:37:22+00:00,0.0,0.866,0.134,0.91,positivo,,Arctic Shift API
470284245bd9971b,cscareerquestions,2022-03-08T00:28:08+00:00,0.0,1.0,0.0,0.0,neutro,,Arctic Shift API
e8bf1729fc8e490a,cscareerquestions,2021-07-16T00:13:46+00:00,0.0,0.849,0.151,0.4939,positivo,,Arctic Shift API
735fb5100c772e17,devops,2023-09-11T20:52:32+00:00,0.0,0.878,0.122,0.4927,positivo,,Arctic Shift API
962ccec3dc8c15b8,devops,2023-08-31T02:58:00+00:00,0.0,0.841,0.159,0.7741,positivo,,Arctic Shift API
a2b601dc43785c8e,cscareerquestions,2022-04-16T23:17:32+00:00,0.0,0.873,0.127,0.4404,positivo,,Arctic Shift API
b6708ee9aa385014,programming,2023-03-09T01:42:00+00:00,0.0,0.828,0.172,0.3595,positivo,,Arctic Shift API
712a3cc5961061fa,programming,2024-08-14T23:46:34+00:00,0.087,0.847,0.066,-0.3878,negativo,,Arctic Shift API
570836c257bd71be,cscareerquestions,2023-09-02T23:46:26+00:00,0.121,0.799,0.08,-0.0754,negativo,,Arctic Shift API
d6bc0df72e70a15e,programming,2023-10-31T02:45:02+00:00,0.0,0.581,0.419,0.7574,positivo,,Arctic Shift API
b985882193aa48d1,programming,2023-05-21T01:49:15+00:00,0.0,0.872,0.128,0.3612,positivo,,Arctic Shift API
4c1232a4437c844e,devops,2023-01-09T20:50:17+00:00,0.058,0.897,0.045,0.0129,neutro,,Arctic Shift API
36add65e2c7c7d6c,devops,2023-03-12T07:09:51+00:00,0.0,1.0,0.0,0.0,neutro,,Arctic Shift API
351c0fec2795b7c1,cscareerquestions,2021-07-18T01:51:02+00:00,0.0,0.876,0.124,0.8487,positivo,,Arctic Shift API
016b0967a9ae739c,devops,2022-01-15T22:49:54+00:00,0.0,0.874,0.126,0.6808,positivo,,Arctic Shift API
dd498cb1da22464a,programming,2024-02-06T00:44:44+00:00,0.198,0.802,0.0,-0.3506,negativo,,Arctic Shift API
cd66abdbd19a4cdf,devops,2021-04-28T16:30:25+00:00,0.0,0.943,0.057,0.5267,positivo,,Arctic Shift API
a121bdaa11da07cd,cscareerquestions,2024-06-06T00:31:48+00:00,0.087,0.792,0.121,0.2263,positivo,,Arctic Shift API
ff68c4fefebcef57,cscareerquestions,2022-02-13T00:52:30+00:00,0.073,0.844,0.083,0.1779,positivo,,Arctic Shift API
47f6c839093046f0,programming,2024-08-01T02:15:18+00:00,0.0,0.727,0.273,0.886,positivo,,Arctic Shift API
da044be011e82a50,cscareerquestions,2024-05-13T23:09:49+00:00,0.186,0.652,0.162,-0.2716,negativo,deadline; deadlines,Arctic Shift API
5b44d5596ddc7ece,devops,2023-08-23T21:35:52+00:00,0.047,0.904,0.048,0.0108,neutro,,Arctic Shift API
012c6f6e23ac9855,devops,2022-04-20T19:43:33+00:00,0.149,0.851,0.0,-0.1027,negativo,,Arctic Shift API
f61620d9ec033eed,cscareerquestions,2024-06-27T00:04:37+00:00,0.0,1.0,0.0,0.0,neutro,,Arctic Shift API
099fb7653445f92d,cscareerquestions,2023-11-29T23:50:51+00:00,0.036,0.964,0.0,-0.4767,negativo,,Arctic Shift API
5e771ec6edcd7254,programming,2023-08-20T01:26:17+00:00,0.052,0.948,0.0,-0.1779,negativo,,Arctic Shift API
9ca47fcd3aa4b1b2,cscareerquestions,2023-06-09T00:18:12+00:00,0.307,0.693,0.0,-0.4767,negativo,,Arctic Shift API
681a6d26e1cbd623,programming,2021-07-29T03:51:17+00:00,0.046,0.817,0.138,0.8895,positivo,,Arctic Shift API
deafeba1682aa521,cscareerquestions,2024-02-20T00:42:55+00:00,0.085,0.867,0.048,-0.3182,negativo,,Arctic Shift API
6dc3bdeeea1c3365,programming,2022-03-23T22:43:44+00:00,0.042,0.923,0.035,-0.1027,negativo,,Arctic Shift API
dda6948651c88e66,cscareerquestions,2024-12-13T00:48:49+00:00,0.0,1.0,0.0,0.0,neutro,,Arctic Shift API
c5fa2e688da40aa2,cscareerquestions,2021-01-02T23:00:42+00:00,0.0,0.938,0.062,0.3612,positivo,,Arctic Shift API
062bd4f4a6154f24,devops,2024-01-18T00:07:53+00:00,0.0,0.828,0.172,0.8422,positivo,,Arctic Shift API
7b08cf8c4733573c,devops,2022-04-10T14:29:34+00:00,0.055,0.767,0.178,0.6151,positivo,,Arctic Shift API
74c6bdc8ea692247,programming,2023-10-10T04:20:13+00:00,0.0,1.0,0.0,0.0,neutro,,Arctic Shift API
d4ebfc50b5a85102,cscareerquestions,2023-07-13T00:30:00+00:00,0.036,0.896,0.068,0.6693,positivo,,Arctic Shift API
92c72814f486ed61,cscareerquestions,2023-05-28T00:06:39+00:00,0.0,1.0,0.0,0.0,neutro,,Arctic Shift API
e1130124483cb0a3,devops,2021-06-20T01:28:23+00:00,0.09,0.784,0.126,0.2617,positivo,,Arctic Shift API
05503f7a6bc6a121,cscareerquestions,2024-12-28T23:54:51+00:00,0.042,0.87,0.088,0.5574,positivo,,Arctic Shift API
8340b317ed5c273c,programming,2021-07-08T00:08:13+00:00,0.041,0.805,0.154,0.9595,positivo,,Arctic Shift API
4c05462149b7ce43,programming,2021-03-28T01:04:08+00:00,0.161,0.709,0.13,-0.2732,negativo,,Arctic Shift API
eaa192a5a635dc60,devops,2021-10-17T10:26:00+00:00,0.084,0.862,0.054,-0.4374,negativo,,Arctic Shift API
50f075e7530ab0a7,devops,2023-07-06T11:11:22+00:00,0.0,0.509,0.491,0.8908,positivo,,Arctic Shift API
160cc5eb68a4e781,devops,2023-08-15T00:50:52+00:00,0.0,0.962,0.038,0.2023,positivo,,Arctic Shift API
a8e646d269ba5af6,cscareerquestions,2023-07-03T23:15:12+00:00,0.0,0.707,0.293,0.6597,positivo,,Arctic Shift API
9f5f330b0f9c9d32,programming,2023-03-02T00:23:20+00:00,0.17,0.742,0.088,-0.8402,negativo,,Arctic Shift API
a623716857340bf5,devops,2022-05-24T03:11:17+00:00,0.043,0.89,0.067,0.1036,positivo,,Arctic Shift API
7a8df3392f92e5d3,devops,2021-08-26T01:41:57+00:00,0.0,0.922,0.078,0.9118,positivo,,Arctic Shift API
5f182889546ce7f1,cscareerquestions,2021-12-21T00:39:04+00:00,0.037,0.857,0.107,0.7783,positivo,,Arctic Shift API
de0c9dd4fe097824,devops,2023-09-12T02:23:10+00:00,0.0,0.556,0.444,0.5859,positivo,pressure,Arctic Shift API
52c11f3442a26680,programming,2023-10-16T22:17:19+00:00,0.068,0.8,0.133,0.3818,positivo,overload,Arctic Shift API
5c698538ca504b11,devops,2022-10-04T03:06:59+00:00,0.0,0.839,0.161,0.5927,positivo,,Arctic Shift API
a2e8ac58b4136381,devops,2021-04-30T06:06:10+00:00,0.0,0.879,0.121,0.296,positivo,,Arctic Shift API
5003cc9c9fdd91e1,devops,2022-09-19T18:52:12+00:00,0.064,0.846,0.09,0.6811,positivo,,Arctic Shift API
5118bdfa00a8cdcc,devops,2021-04-16T07:15:25+00:00,0.076,0.712,0.212,0.9608,positivo,,Arctic Shift API
7abb1d895252141c,programming,2022-04-17T01:54:43+00:00,0.104,0.801,0.095,-0.0772,negativo,,Arctic Shift API
c85e156bf600ef03,devops,2024-02-14T21:02:40+00:00,0.0,0.837,0.163,0.5106,positivo,,Arctic Shift API
352a966a1affd10b,programming,2021-11-08T23:01:48+00:00,0.075,0.925,0.0,-0.4767,negativo,,Arctic Shift API
c948a210f5f9ab02,programming,2021-11-08T23:39:41+00:00,0.0,0.613,0.387,0.8915,positivo,,Arctic Shift API
66f8ebd733b80c1d,cscareerquestions,2023-07-06T00:50:15+00:00,0.099,0.819,0.081,-0.8646,negativo,,Arctic Shift API
dab7fbffec54cfde,cscareerquestions,2024-01-30T00:18:48+00:00,0.0,1.0,0.0,0.0,neutro,,Arctic Shift API
586f7369cc70afeb,devops,2023-11-30T00:57:20+00:00,0.064,0.79,0.146,0.9583,positivo,,Arctic Shift API
e8a68fbe3d31581f,devops,2022-01-25T01:36:01+00:00,0.0,0.877,0.123,0.8847,positivo,,Arctic Shift API
024c2557f1ff25f6,devops,2022-01-10T20:35:20+00:00,0.046,0.718,0.236,0.9382,positivo,,Arctic Shift API
1b7113b0dcb5cb72,programming,2022-06-05T00:39:05+00:00,0.07,0.855,0.075,-0.1921,negativo,,Arctic Shift API
97f80fd2a0f34cdf,programming,2022-12-18T03:43:21+00:00,0.0,1.0,0.0,0.0,neutro,,Arctic Shift API
44e15e8a96be518d,cscareerquestions,2024-12-23T23:24:35+00:00,0.112,0.762,0.126,0.3336,positivo,,Arctic Shift API
bd1bb6ded5c1bfe4,devops,2022-06-18T21:53:39+00:00,0.0,1.0,0.0,0.0,neutro,,Arctic Shift API
4108f08192d97e8e,programming,2022-07-05T00:46:48+00:00,0.0,0.803,0.197,0.4019,positivo,,Arctic Shift API
1122f9eddff4a6dd,cscareerquestions,2023-08-25T01:19:08+00:00,0.019,0.816,0.165,0.8689,positivo,,Arctic Shift API
fef85018dd897514,programming,2024-08-29T00:03:12+00:00,0.064,0.936,0.0,-0.5484,negativo,,Arctic Shift API
b116c4cd42fb510d,cscareerquestions,2024-05-01T23:25:43+00:00,0.0,0.691,0.309,0.8555,positivo,,Arctic Shift API
a7b95a0e5db244d7,devops,2023-09-20T23:46:41+00:00,0.104,0.731,0.165,0.1531,positivo,,Arctic Shift API
be0e428b802e8901,devops,2022-05-16T16:29:01+00:00,0.0,0.857,0.143,0.3612,positivo,,Arctic Shift API
f1a56c6bf812d94f,programming,2024-12-06T00:33:33+00:00,0.276,0.643,0.08,-0.8367,negativo,,Arctic Shift API
85252998692dcdf5,programming,2024-02-02T00:51:43+00:00,0.045,0.899,0.056,0.1511,positivo,,Arctic Shift API
1844854392363e70,devops,2022-08-26T04:29:19+00:00,0.0,1.0,0.0,0.0,neutro,,Arctic Shift API
ff62d0cf4e651e84,programming,2022-06-14T01:25:54+00:00,0.0,1.0,0.0,0.0,neutro,,Arctic Shift API
2b8f206921d86d41,devops,2024-06-23T07:46:50+00:00,0.0,0.697,0.303,0.7882,positivo,,Arctic Shift API
c05dde01e1dfd429,cscareerquestions,2022-10-21T00:20:48+00:00,0.0,0.882,0.118,0.4215,positivo,,Arctic Shift API
b462ab71ddc9ddf1,devops,2021-07-05T13:08:19+00:00,0.0,1.0,0.0,0.0,neutro,,Arctic Shift API
c96f3327874e9859,cscareerquestions,2024-12-11T22:59:24+00:00,0.0,0.892,0.108,0.6652,positivo,,Arctic Shift API
413cc1cf3fecde95,cscareerquestions,2021-11-09T00:04:37+00:00,0.0,0.825,0.175,0.6486,positivo,,Arctic Shift API
3067fe8bd233ad3f,devops,2022-07-09T23:51:34+00:00,0.036,0.91,0.055,0.5131,positivo,,Arctic Shift API
0819d2b04264fdc4,cscareerquestions,2024-11-28T00:08:54+00:00,0.0,0.678,0.322,0.765,positivo,,Arctic Shift API
ea300f9c0954046d,cscareerquestions,2024-12-03T00:29:22+00:00,0.053,0.843,0.104,0.8555,positivo,,Arctic Shift API
511bcbb18c911e97,programming,2024-01-27T21:40:43+00:00,0.094,0.78,0.126,0.4215,positivo,,Arctic Shift API
a0a3faa1869dfaec,devops,2024-12-18T19:09:09+00:00,0.0,0.904,0.096,0.4926,positivo,,Arctic Shift API
ea73fbac3e636f0f,cscareerquestions,2024-02-29T00:13:48+00:00,0.236,0.764,0.0,-0.9125,negativo,overworked; crash,Arctic Shift API
9e8fe870db466f90,cscareerquestions,2023-12-09T23:04:30+00:00,0.03,0.855,0.115,0.5574,positivo,,Arctic Shift API
dde7dbcba0c9fc39,programming,2024-12-01T01:41:47+00:00,0.0,0.82,0.18,0.5267,positivo,,Arctic Shift API
c8603b12c8bbcf9c,devops,2021-06-09T18:41:57+00:00,0.014,0.898,0.088,0.8271,positivo,,Arctic Shift API
a74a041d8ce6d660,devops,2021-02-28T09:00:47+00:00,0.0,1.0,0.0,0.0,neutro,,Arctic Shift API
a23c32d08250da99,devops,2024-04-10T21:40:55+00:00,0.0,0.78,0.22,0.7351,positivo,,Arctic Shift API
94a7a1e6e4ff0ae5,devops,2021-03-11T14:28:43+00:00,0.119,0.709,0.171,0.7948,positivo,,Arctic Shift API
b4228b1dbe7672b4,programming,2021-10-02T23:52:00+00:00,0.033,0.967,0.0,-0.5975,negativo,,Arctic Shift API
dacb78fa3d876ebd,cscareerquestions,2024-12-25T23:48:46+00:00,0.0,0.721,0.279,0.8402,positivo,,Arctic Shift API
f2c9b10a3f396d54,programming,2024-01-06T23:26:46+00:00,0.027,0.827,0.146,0.8898,positivo,,Arctic Shift API
5bdda6aa43ae1bd7,devops,2024-09-15T03:14:54+00:00,0.0,0.92,0.08,0.0772,positivo,,Arctic Shift API
1bcc98373019921c,cscareerquestions,2024-05-23T00:10:25+00:00,0.047,0.892,0.06,0.4353,positivo,,Arctic Shift API
def1f0c2393b33cc,programming,2023-03-04T22:45:08+00:00,0.0,1.0,0.0,0.0,neutro,,Arctic Shift API
318c1e81faad8bad,cscareerquestions,2021-05-23T00:58:43+00:00,0.095,0.905,0.0,-0.5499,negativo,,Arctic Shift API
a08815e3c2720354,devops,2021-01-10T23:05:14+00:00,0.0,1.0,0.0,0.0,neutro,,Arctic Shift API
e182e1877a9d8fa4,cscareerquestions,2024-10-12T23:20:48+00:00,0.135,0.865,0.0,-0.7868,negativo,,Arctic Shift API
a5d07a9e20539d94,devops,2022-08-30T03:15:57+00:00,0.139,0.861,0.0,-0.6323,negativo,,Arctic Shift API
787bf1293d9ed189,cscareerquestions,2023-11-06T23:30:50+00:00,0.0,1.0,0.0,0.0,neutro,,Arctic Shift API
880657ae0972e573,cscareerquestions,2021-02-09T00:57:57+00:00,0.0,1.0,0.0,0.0,neutro,,Arctic Shift API
cc9efce815b7b565,programming,2024-08-31T23:06:49+00:00,0.07,0.786,0.144,0.6711,positivo,,Arctic Shift API
63df212a0a3fd426,cscareerquestions,2023-09-12T00:02:21+00:00,0.072,0.819,0.109,0.2732,positivo,,Arctic Shift API
cfe38c8105f456ba,programming,2023-12-19T03:06:17+00:00,0.0,1.0,0.0,0.0,neutro,,Arctic Shift API
5d5c19d54f9e48b8,programming,2021-04-15T00:48:48+00:00,0.0,1.0,0.0,0.0,neutro,,Arctic Shift API
39b7027a35319c6c,programming,2021-02-10T23:12:50+00:00,0.183,0.817,0.0,-0.5859,negativo,,Arctic Shift API
59d96ed4fe5b7130,devops,2024-07-05T04:02:12+00:00,0.184,0.816,0.0,-0.4019,negativo,,Arctic Shift API
7092eb64bb689fbb,cscareerquestions,2021-01-30T23:34:12+00:00,0.0,0.9,0.1,0.4588,positivo,,Arctic Shift API
49bc557907308ced,programming,2021-01-31T00:47:00+00:00,0.115,0.795,0.089,-0.1321,negativo,,Arctic Shift API
9f24ece7a5477de5,programming,2024-09-08T00:51:29+00:00,0.041,0.847,0.112,0.9662,positivo,workload,Arctic Shift API
ba6c80030111ed8e,programming,2023-04-16T01:27:26+00:00,0.231,0.701,0.069,-0.9551,negativo,,Arctic Shift API
ce2a7100bd70c09c,devops,2023-12-04T19:06:16+00:00,0.027,0.973,0.0,-0.09,negativo,,Arctic Shift API
f21f7fb2eab049ac,devops,2022-03-28T16:05:47+00:00,0.302,0.698,0.0,-0.6696,negativo,,Arctic Shift API
e7b09e89ca81e759,programming,2023-01-06T00:15:04+00:00,0.08,0.702,0.218,0.8353,positivo,,Arctic Shift API
553318a0861b07b2,cscareerquestions,2021-12-29T22:58:09+00:00,0.0,0.894,0.106,0.4939,positivo,,Arctic Shift API
4dbe8a3e54833a4e,devops,2023-11-01T16:16:55+00:00,0.0,1.0,0.0,0.0,neutro,,Arctic Shift API
d3c53922e87b1b78,devops,2022-11-26T18:56:12+00:00,0.244,0.756,0.0,-0.4404,negativo,,Arctic Shift API
d7c80bd7e49bd96a,cscareerquestions,2021-08-12T00:45:55+00:00,0.0,1.0,0.0,0.0,neutro,,Arctic Shift API
456dcb91a94d3c65,devops,2022-10-09T09:15:04+00:00,0.0,0.781,0.219,0.85,positivo,,Arctic Shift API
fad6929868121e80,devops,2023-05-27T17:34:52+00:00,0.119,0.83,0.051,-0.4019,negativo,stress,Arctic Shift API
16fc0344c6afa350,cscareerquestions,2023-10-26T00:39:44+00:00,0.032,0.836,0.132,0.8765,positivo,,Arctic Shift API
b884d3bf64c9fa49,devops,2024-01-28T02:06:08+00:00,0.062,0.925,0.013,-0.6108,negativo,,Arctic Shift API
1a5057edbcab7981,cscareerquestions,2024-09-16T23:56:15+00:00,0.057,0.788,0.155,0.8677,positivo,,Arctic Shift API
ced05928b89c799d,programming,2024-06-19T21:53:54+00:00,0.0,0.775,0.225,0.4939,positivo,,Arctic Shift API
bc63d3dff7d3e82a,devops,2021-10-14T02:50:47+00:00,0.044,0.873,0.084,0.4349,positivo,,Arctic Shift API
7f259097822406e2,cscareerquestions,2021-09-15T23:25:25+00:00,0.0,1.0,0.0,0.0,neutro,,Arctic Shift API
2928b9cca0378b31,cscareerquestions,2021-06-30T23:20:50+00:00,0.0,0.857,0.143,0.25,positivo,,Arctic Shift API
f808723bde011eef,programming,2023-07-15T21:08:53+00:00,0.184,0.816,0.0,-0.3089,negativo,,Arctic Shift API
07d270a52c299b48,devops,2023-10-27T12:27:45+00:00,0.0,1.0,0.0,0.0,neutro,,Arctic Shift API
2eff595dcb37938b,devops,2022-01-26T19:03:56+00:00,0.0,0.801,0.199,0.6065,positivo,,Arctic Shift API
f507181eb294ae7b,programming,2021-09-19T05:11:00+00:00,0.0,0.846,0.154,0.8777,positivo,,Arctic Shift API
29348836153ce0c8,cscareerquestions,2021-08-01T00:20:58+00:00,0.0,0.74,0.26,0.9201,positivo,,Arctic Shift API
ff950589d213f2b2,cscareerquestions,2023-05-18T00:32:36+00:00,0.088,0.806,0.106,0.1263,positivo,,Arctic Shift API
0f0c6a59a9a631e2,programming,2024-08-08T02:44:05+00:00,0.0,0.879,0.121,0.6705,positivo,,Arctic Shift API
e2a1db295863028b,cscareerquestions,2023-08-28T23:27:21+00:00,0.0,1.0,0.0,0.0,neutro,,Arctic Shift API
7e278d882f2f2954,programming,2021-09-30T01:32:55+00:00,0.0,1.0,0.0,0.0,neutro,,Arctic Shift API
fe3a33c2c0f2b396,devops,2022-02-13T04:50:39+00:00,0.0,0.714,0.286,0.4215,positivo,,Arctic Shift API
731ab0cff94cac10,programming,2023-01-19T01:28:11+00:00,0.0,0.901,0.099,0.6486,positivo,,Arctic Shift API
9be2794079bcbe42,cscareerquestions,2021-03-30T00:09:03+00:00,0.0,1.0,0.0,0.0,neutro,,Arctic Shift API
01693e43d0ae069a,programming,2022-02-08T01:30:04+00:00,0.0,0.905,0.095,0.2732,positivo,,Arctic Shift API
eec5df10deb785ef,cscareerquestions,2022-05-13T00:39:54+00:00,0.0,0.941,0.059,0.3204,positivo,,Arctic Shift API
8fdcf0d7a3dceb0b,devops,2024-12-01T00:04:49+00:00,0.0,1.0,0.0,0.0,neutro,,Arctic Shift API
f657db77b27fad3f,cscareerquestions,2022-09-03T22:50:37+00:00,0.0,1.0,0.0,0.0,neutro,,Arctic Shift API
b9c091a23f432cc2,cscareerquestions,2021-11-04T00:25:11+00:00,0.034,0.919,0.047,0.1154,positivo,,Arctic Shift API
6a92118a95f2760f,programming,2023-05-17T22:47:30+00:00,0.071,0.834,0.096,0.5426,positivo,,Arctic Shift API
7434b5820dd58cf4,programming,2021-02-26T00:27:37+00:00,0.0,0.909,0.091,0.2023,positivo,,Arctic Shift API
27ea148fed6d68e6,programming,2024-11-11T22:24:26+00:00,0.0,1.0,0.0,0.0,neutro,,Arctic Shift API
f6367f14f80f3d2e,cscareerquestions,2022-11-13T00:14:24+00:00,0.0,1.0,0.0,0.0,neutro,,Arctic Shift API
e0d6715806b7f194,devops,2024-07-26T12:24:33+00:00,0.0,0.827,0.173,0.3182,positivo,,Arctic Shift API
86a95a39bb64a1d3,devops,2021-03-01T07:57:33+00:00,0.0,1.0,0.0,0.0,neutro,,Arctic Shift API
5437f25a604057f7,cscareerquestions,2022-11-15T00:27:45+00:00,0.0,0.899,0.101,0.4215,positivo,,Arctic Shift API
695b969613f37865,programming,2023-01-19T01:30:50+00:00,0.08,0.693,0.227,0.6166,positivo,,Arctic Shift API
b284ed716740dc02,programming,2024-09-17T00:53:38+00:00,0.0,0.717,0.283,0.7269,positivo,,Arctic Shift API
a212adedfee0f3d9,cscareerquestions,2023-11-28T00:52:14+00:00,0.0,0.876,0.124,0.7263,positivo,,Arctic Shift API
8dc5c3ab5fe81ab0,programming,2024-02-18T02:50:39+00:00,0.121,0.879,0.0,-0.296,negativo,,Arctic Shift API
dcfe2181a21b0455,devops,2024-12-21T21:51:46+00:00,0.018,0.888,0.093,0.9505,positivo,,Arctic Shift API
034734fea0bc4928,cscareerquestions,2023-12-09T23:03:50+00:00,0.022,0.914,0.065,0.3612,positivo,,Arctic Shift API
4512bf8123d4c73c,programming,2024-09-20T00:57:53+00:00,0.0,1.0,0.0,0.0,neutro,,Arctic Shift API
eab38fc5f0815fdb,programming,2022-05-06T00:47:04+00:00,0.027,0.914,0.059,0.3506,positivo,,Arctic Shift API
e2b4658c79f1220e,cscareerquestions,2024-07-13T23:41:58+00:00,0.108,0.731,0.16,0.5702,positivo,,Arctic Shift API
c79d89bc80fa55f9,devops,2022-05-28T19:56:41+00:00,0.0,0.89,0.11,0.3802,positivo,,Arctic Shift API
37dbaa1a0f6377c9,programming,2022-05-22T02:39:31+00:00,0.066,0.769,0.164,0.7202,positivo,,Arctic Shift API
de0494bb44b4d2ef,cscareerquestions,2022-04-06T23:46:58+00:00,0.0,0.839,0.161,0.3612,positivo,,Arctic Shift API
83bc81be3b05cc4f,programming,2021-05-06T00:36:34+00:00,0.0,1.0,0.0,0.0,neutro,,Arctic Shift API
e7b6ee270bf5a023,programming,2022-08-25T00:29:34+00:00,0.085,0.87,0.045,-0.8427,negativo,bug,Arctic Shift API
f0966a805d9f93e4,devops,2024-09-03T05:33:38+00:00,0.138,0.788,0.075,-0.4789,negativo,,Arctic Shift API
f14f1e8d1ec60204,devops,2023-03-02T02:25:42+00:00,0.023,0.872,0.105,0.9313,positivo,,Arctic Shift API
2068c6fa559a8b64,programming,2022-03-04T00:22:10+00:00,0.247,0.753,0.0,-0.3182,negativo,,Arctic Shift API
1b2ad7ef6afa6403,programming,2023-03-22T23:10:44+00:00,0.0,1.0,0.0,0.0,neutro,,Arctic Shift API
561541cb7222b3c9,cscareerquestions,2022-03-21T23:36:52+00:00,0.021,0.866,0.113,0.6808,positivo,,Arctic Shift API
9e193923731bda5f,programming,2024-11-28T00:33:17+00:00,0.088,0.485,0.427,0.9273,positivo,bug,Arctic Shift API
09d7ad2f71bfba5c,devops,2022-12-30T10:00:33+00:00,0.112,0.798,0.09,-0.5012,negativo,incident,Arctic Shift API
0a3151a0eb7d0c95,devops,2022-09-29T10:29:26+00:00,0.0,0.737,0.263,0.9413,positivo,,Arctic Shift API
500e6018b50a8196,devops,2021-09-18T22:12:25+00:00,0.0,0.909,0.091,0.4019,positivo,,Arctic Shift API
a2c32231485828ff,programming,2021-02-15T22:46:36+00:00,0.045,0.927,0.028,-0.6541,negativo,,Arctic Shift API
2eb5b292a699ae43,cscareerquestions,2024-11-01T00:48:48+00:00,0.0,1.0,0.0,0.0,neutro,,Arctic Shift API
478fd24f9558dc08,cscareerquestions,2021-04-20T01:18:42+00:00,0.0,0.859,0.141,0.3182,positivo,,Arctic Shift API
b0a90d61e22ab863,programming,2021-09-30T02:11:34+00:00,0.023,0.849,0.128,0.8573,positivo,,Arctic Shift API
df26352d4a3b1f21,cscareerquestions,2023-01-22T00:18:46+00:00,0.0,1.0,0.0,0.0,neutro,,Arctic Shift API
7d4230bd754cf3c1,cscareerquestions,2023-08-31T00:17:10+00:00,0.0,1.0,0.0,0.0,neutro,,Arctic Shift API
416285f59f38ef6c,devops,2023-04-30T04:16:25+00:00,0.111,0.671,0.219,0.5719,positivo,,Arctic Shift API
8d9c07ca331eca9d,devops,2022-04-29T03:23:47+00:00,0.241,0.647,0.112,-0.9274,negativo,,Arctic Shift API
76505bf6acc7be9d,devops,2021-01-09T12:30:11+00:00,0.079,0.616,0.305,0.6486,positivo,,Arctic Shift API
5cc582349c36e5b2,devops,2024-05-30T01:48:59+00:00,0.027,0.731,0.242,0.9022,positivo,,Arctic Shift API
51bd1ede3d38159b,programming,2021-05-18T01:39:29+00:00,0.166,0.728,0.106,-0.2878,negativo,,Arctic Shift API
03e96a5603d86856,programming,2021-11-15T23:33:53+00:00,0.0,0.912,0.088,0.3612,positivo,,Arctic Shift API
5107925b495fb51f,cscareerquestions,2023-06-06T00:12:10+00:00,0.131,0.673,0.196,0.0433,neutro,,Arctic Shift API
d89de1d4118a4ba4,cscareerquestions,2023-07-06T00:45:00+00:00,0.082,0.918,0.0,-0.2144,negativo,,Arctic Shift API
40830a046168dadb,programming,2024-02-25T00:38:39+00:00,0.0,1.0,0.0,0.0,neutro,,Arctic Shift API
4788f7baece1ce3b,devops,2023-04-05T18:09:26+00:00,0.028,0.798,0.174,0.9253,positivo,,Arctic Shift API
eefadedde23af985,programming,2022-12-27T00:53:50+00:00,0.064,0.881,0.055,0.2591,positivo,,Arctic Shift API
9cb02364ee24f7e4,cscareerquestions,2023-11-26T00:28:25+00:00,0.0,0.651,0.349,0.7096,positivo,,Arctic Shift API
a9bed9a6191a8067,cscareerquestions,2021-07-17T23:58:39+00:00,0.207,0.793,0.0,-0.8074,negativo,,Arctic Shift API
37d001883e0674a7,programming,2021-09-03T00:14:40+00:00,0.0,0.939,0.061,0.4215,positivo,,Arctic Shift API
f868c62e23743520,programming,2024-08-20T01:29:21+00:00,0.0,1.0,0.0,0.0,neutro,,Arctic Shift API
51bb9df858f1c08a,devops,2023-10-08T12:23:53+00:00,0.033,0.902,0.065,0.3415,positivo,,Arctic Shift API
65f6f77644a29148,cscareerquestions,2024-01-28T00:10:54+00:00,0.068,0.831,0.102,0.2732,positivo,,Arctic Shift API
ea95e3269751d68c,devops,2023-12-18T19:54:12+00:00,0.0,0.909,0.091,0.128,positivo,,Arctic Shift API
9b34a6eefcdcf96b,devops,2023-10-27T10:07:46+00:00,0.05,0.876,0.074,0.2491,positivo,,Arctic Shift API
d19ffd7efec39cb5,programming,2021-01-16T20:28:23+00:00,0.0,1.0,0.0,0.0,neutro,,Arctic Shift API
bcc0f0b42e953b01,cscareerquestions,2022-03-24T00:22:31+00:00,0.021,0.866,0.113,0.6808,positivo,,Arctic Shift API
9336092c5c847984,programming,2023-09-11T23:08:16+00:00,0.0,0.877,0.123,0.4201,positivo,,Arctic Shift API
0a42fe104f66da84,devops,2023-09-08T00:50:53+00:00,0.084,0.916,0.0,-0.296,negativo,,Arctic Shift API
13429087f54042c4,devops,2024-11-19T08:51:04+00:00,0.0,0.735,0.265,0.6597,positivo,,Arctic Shift API
6264738d6b66a478,programming,2021-04-13T00:24:47+00:00,0.0,0.727,0.273,0.3089,positivo,bug,Arctic Shift API
6605139c7930abe4,devops,2023-09-10T05:44:24+00:00,0.168,0.433,0.399,0.5859,positivo,,Arctic Shift API
b765f8e7cdb8a965,programming,2021-12-03T02:38:04+00:00,0.056,0.853,0.091,0.6486,positivo,,Arctic Shift API
18459e0574526ddb,programming,2023-08-05T18:28:30+00:00,0.0,0.862,0.138,0.4939,positivo,,Arctic Shift API
d27afaf445c31df1,programming,2022-01-31T23:06:12+00:00,0.0,1.0,0.0,0.0,neutro,,Arctic Shift API
407029f432aad16d,cscareerquestions,2021-03-26T00:53:44+00:00,0.079,0.727,0.194,0.9821,positivo,,Arctic Shift API
02d0003052c57881,programming,2024-05-31T00:40:27+00:00,0.103,0.772,0.125,0.4939,positivo,,Arctic Shift API
c5dc1c2156e8bf12,programming,2022-04-18T23:29:07+00:00,0.099,0.745,0.156,0.0356,neutro,,Arctic Shift API
e1aad01ff5f21e32,devops,2021-10-21T09:40:55+00:00,0.0,0.676,0.324,0.8442,positivo,,Arctic Shift API
dc4389837f385d3a,cscareerquestions,2021-04-28T23:10:25+00:00,0.074,0.798,0.127,0.7584,positivo,,Arctic Shift API
8553a1d98f0d4b28,devops,2022-01-24T18:05:15+00:00,0.158,0.728,0.114,0.0423,neutro,,Arctic Shift API
5a7fa2a1f4ade6f7,programming,2023-10-04T23:25:38+00:00,0.0,0.929,0.071,0.5233,positivo,,Arctic Shift API
7721517069bd6426,cscareerquestions,2023-02-09T00:00:43+00:00,0.0,0.914,0.086,0.4588,positivo,,Arctic Shift API
1a4096b6e17d3d6c,devops,2021-09-18T17:59:43+00:00,0.052,0.857,0.091,0.7095,positivo,,Arctic Shift API
2382966b4145ebc9,devops,2021-09-23T06:01:33+00:00,0.0,0.911,0.089,0.168,positivo,,Arctic Shift API
6f491165bc38f983,devops,2023-08-15T08:55:18+00:00,0.207,0.656,0.137,-0.0464,neutro,,Arctic Shift API
65c87a67974e1212,cscareerquestions,2024-02-14T23:05:04+00:00,0.196,0.684,0.12,-0.4939,negativo,,Arctic Shift API
56536236595d1165,cscareerquestions,2022-03-17T00:54:34+00:00,0.104,0.471,0.425,0.7798,positivo,,Arctic Shift API
f420c8f3a5f9f5e6,devops,2021-10-31T14:52:24+00:00,0.046,0.894,0.06,0.1779,positivo,,Arctic Shift API
2b832f26e1a8b0c9,programming,2021-05-30T05:41:53+00:00,0.0,0.896,0.104,0.4404,positivo,,Arctic Shift API
f2780c7339116cf3,devops,2023-10-25T15:31:13+00:00,0.033,0.861,0.106,0.7175,positivo,,Arctic Shift API
72e38b0e456aba19,programming,2024-07-18T01:07:44+00:00,0.0,0.79,0.21,0.7717,positivo,,Arctic Shift API
deaa8f856ecc77ab,devops,2021-10-21T07:22:23+00:00,0.111,0.787,0.102,-0.1027,negativo,,Arctic Shift API
a3ece27a2aebaea5,devops,2023-08-23T21:45:22+00:00,0.0,0.8,0.2,0.3612,positivo,,Arctic Shift API
21b1cc8ac302ca34,programming,2021-06-27T00:23:40+00:00,0.084,0.916,0.0,-0.296,negativo,,Arctic Shift API
38a6b625ce933eea,programming,2021-04-11T00:16:40+00:00,0.203,0.726,0.07,-0.7579,negativo,,Arctic Shift API
a470a691d3422238,cscareerquestions,2024-05-20T23:57:06+00:00,0.046,0.851,0.103,0.7184,positivo,,Arctic Shift API
0786f6c63b36f7e1,cscareerquestions,2024-12-22T00:00:32+00:00,0.049,0.951,0.0,-0.3071,negativo,,Arctic Shift API
72aa92ce39762266,cscareerquestions,2022-05-13T00:31:39+00:00,0.0,1.0,0.0,0.0,neutro,,Arctic Shift API
08eace385b1b2ec5,cscareerquestions,2023-09-07T00:53:19+00:00,0.0,1.0,0.0,0.0,neutro,,Arctic Shift API
c2d9bb757d353b7a,programming,2024-05-09T00:21:01+00:00,0.062,0.874,0.064,0.0444,neutro,,Arctic Shift API
76c6268eb9abfb06,cscareerquestions,2024-03-24T00:38:19+00:00,0.0,1.0,0.0,0.0,neutro,,Arctic Shift API
04a83759dbf5d048,cscareerquestions,2024-09-21T23:45:16+00:00,0.0,0.802,0.198,0.4939,positivo,,Arctic Shift API
01e2f45f83be138a,programming,2024-05-21T05:16:57+00:00,0.0,0.56,0.44,0.6705,positivo,,Arctic Shift API
67c33683589aa3e7,devops,2022-12-08T06:33:22+00:00,0.086,0.773,0.141,0.5076,positivo,,Arctic Shift API
e237b38b017db6a6,programming,2023-09-19T03:46:18+00:00,0.06,0.829,0.11,0.7351,positivo,bug,Arctic Shift API
43efbae98a407b9a,programming,2022-06-25T21:52:12+00:00,0.0,0.838,0.162,0.8856,positivo,,Arctic Shift API
ed3f3f0d757d3b53,programming,2024-01-27T23:39:11+00:00,0.203,0.74,0.058,-0.7402,negativo,,Arctic Shift API
0b29a7b3328e1eaf,cscareerquestions,2023-02-16T00:37:12+00:00,0.042,0.87,0.088,0.5574,positivo,,Arctic Shift API
a508020f56aaebe9,programming,2022-04-04T21:28:44+00:00,0.0,1.0,0.0,0.0,neutro,,Arctic Shift API
77d647345601ef82,programming,2024-09-04T22:12:53+00:00,0.0,0.656,0.344,0.6369,positivo,,Arctic Shift API
25d9c5ccd5026773,cscareerquestions,2024-09-27T00:18:21+00:00,0.0,1.0,0.0,0.0,neutro,,Arctic Shift API
c38d0186e5495547,cscareerquestions,2024-02-05T23:51:22+00:00,0.085,0.761,0.154,0.4756,positivo,,Arctic Shift API
009a80d8080d0d78,devops,2021-08-26T07:13:04+00:00,0.0,0.78,0.22,0.5456,positivo,,Arctic Shift API
83c6a9e2794bb724,devops,2023-05-01T14:24:13+00:00,0.184,0.816,0.0,-0.4019,negativo,,Arctic Shift API
a82b9d4a8b0439b3,cscareerquestions,2022-07-25T23:35:00+00:00,0.046,0.899,0.055,0.3597,positivo,,Arctic Shift API
a5d3564dbe1633f0,cscareerquestions,2022-12-14T23:51:04+00:00,0.017,0.831,0.152,0.9836,positivo,stress,Arctic Shift API
df06796d2ac1a2ca,cscareerquestions,2024-03-05T00:22:20+00:00,0.107,0.817,0.076,-0.2732,negativo,,Arctic Shift API
de163ab35fcc0f3c,devops,2021-10-02T18:29:04+00:00,0.0,0.901,0.099,0.8519,positivo,,Arctic Shift API
661d7ca8ea490d24,cscareerquestions,2022-08-31T23:56:10+00:00,0.057,0.906,0.037,-0.3182,negativo,,Arctic Shift API
ab18c64fa00489aa,programming,2024-08-23T03:51:27+00:00,0.0,0.882,0.118,0.7089,positivo,,Arctic Shift API
77f222b7d5ed5058,cscareerquestions,2024-01-27T23:30:08+00:00,0.0,0.947,0.053,0.3612,positivo,,Arctic Shift API
ff3264a00a54e044,devops,2024-01-10T22:07:06+00:00,0.0,0.656,0.344,0.6369,positivo,,Arctic Shift API
ad0052a25a08aa11,programming,2024-08-27T02:09:32+00:00,0.101,0.838,0.061,-0.34,negativo,,Arctic Shift API
1de532019badc70b,devops,2023-06-10T23:34:56+00:00,0.146,0.731,0.123,-0.6791,negativo,,Arctic Shift API
6d9779e1776b0670,devops,2024-12-17T04:19:13+00:00,0.216,0.784,0.0,-0.296,negativo,,Arctic Shift API
e717aff4ef136ae4,cscareerquestions,2024-09-30T23:24:16+00:00,0.0,0.577,0.423,0.6808,positivo,,Arctic Shift API
51eba98da1b4fdb3,devops,2023-09-19T06:04:31+00:00,0.075,0.696,0.229,0.9964,positivo,,Arctic Shift API
308c43f8ee556bb7,cscareerquestions,2024-09-08T00:19:15+00:00,0.042,0.87,0.088,0.5574,positivo,,Arctic Shift API
a1e9b1df1957a9ae,cscareerquestions,2021-06-22T01:49:43+00:00,0.0,0.87,0.13,0.6597,positivo,,Arctic Shift API
fe6d11ad06fb9e8a,cscareerquestions,2024-04-09T00:35:38+00:00,0.0,0.814,0.186,0.4939,positivo,,Arctic Shift API
67278bb4973748be,cscareerquestions,2023-11-24T00:36:36+00:00,0.04,0.816,0.144,0.8331,positivo,,Arctic Shift API
e8af0be425501d25,devops,2021-10-31T03:54:38+00:00,0.052,0.948,0.0,-0.2716,negativo,,Arctic Shift API
201955dd1d69889c,cscareerquestions,2023-06-24T23:12:52+00:00,0.0,0.923,0.077,0.3612,positivo,,Arctic Shift API
6b5020f15de2bde2,programming,2022-04-28T00:44:27+00:00,0.092,0.767,0.141,0.9282,positivo,,Arctic Shift API
36f1eb3eae1e665f,devops,2024-01-14T09:23:23+00:00,0.13,0.757,0.113,-0.1007,negativo,,Arctic Shift API
35b5caffc0209b5e,programming,2021-12-06T23:32:09+00:00,0.095,0.811,0.094,-0.0076,neutro,,Arctic Shift API
d2b5d04051ac76e8,programming,2021-02-09T00:59:30+00:00,0.096,0.776,0.128,0.2208,positivo,,Arctic Shift API
8f93199aff5cefb0,programming,2024-01-17T23:00:19+00:00,0.046,0.865,0.088,0.6691,positivo,bug,Arctic Shift API
850182973f7e264c,programming,2022-04-01T02:37:41+00:00,0.0,1.0,0.0,0.0,neutro,,Arctic Shift API
2bea1b8dec20cddb,programming,2024-01-22T21:57:45+00:00,0.0,1.0,0.0,0.0,neutro,,Arctic Shift API
f1da17fc763c3b3d,cscareerquestions,2023-06-27T00:01:55+00:00,0.032,0.8,0.168,0.8308,positivo,,Arctic Shift API
b9f0977dd0cfee03,cscareerquestions,2023-03-15T23:26:17+00:00,0.023,0.871,0.105,0.5983,positivo,,Arctic Shift API
6bc9b34de59b3711,cscareerquestions,2023-09-17T00:24:19+00:00,0.101,0.899,0.0,-0.6352,negativo,,Arctic Shift API
6f610332a1aea41e,programming,2023-03-04T23:54:08+00:00,0.16,0.79,0.05,-0.7942,negativo,,Arctic Shift API
c898aaacdaae0c90,cscareerquestions,2021-11-14T00:25:02+00:00,0.0,1.0,0.0,0.0,neutro,,Arctic Shift API
4179b39df110bce8,devops,2021-09-15T18:14:19+00:00,0.0,0.957,0.043,0.5023,positivo,,Arctic Shift API
ef4ef3a095a01cef,programming,2022-07-29T00:51:36+00:00,0.084,0.789,0.127,0.9274,positivo,,Arctic Shift API
918a4d322925d012,devops,2021-03-04T07:27:19+00:00,0.0,0.848,0.152,0.5267,positivo,,Arctic Shift API
9f42f762200a2a49,devops,2022-10-06T01:45:21+00:00,0.0,0.914,0.086,0.5994,positivo,,Arctic Shift API
0ac72949c2cfa7c0,programming,2023-05-23T02:31:43+00:00,0.06,0.876,0.063,0.1054,positivo,,Arctic Shift API
b164f523a3703847,programming,2024-09-12T02:54:16+00:00,0.048,0.902,0.05,0.015,neutro,,Arctic Shift API
6f1bedd1d03bf0e9,cscareerquestions,2024-03-28T00:36:22+00:00,0.131,0.711,0.158,0.0516,positivo,,Arctic Shift API
883bf6f39b7b8e05,cscareerquestions,2023-07-30T00:29:35+00:00,0.057,0.878,0.065,-0.1531,negativo,,Arctic Shift API
b123262581a537ee,devops,2024-05-05T00:21:34+00:00,0.057,0.795,0.147,0.7098,positivo,,Arctic Shift API
a37f170ea1d502c5,programming,2024-05-16T03:21:46+00:00,0.0,1.0,0.0,0.0,neutro,,Arctic Shift API
6dc329a7b58d7ae6,devops,2023-03-22T21:25:43+00:00,0.0,0.8,0.2,0.6124,positivo,,Arctic Shift API
f5a4cba9849395e1,devops,2022-01-23T05:31:35+00:00,0.064,0.896,0.04,-0.1531,negativo,,Arctic Shift API
b605db4b718923a2,cscareerquestions,2024-02-11T00:56:54+00:00,0.0,0.617,0.383,0.4767,positivo,,Arctic Shift API
81bec73e329554fe,programming,2021-08-31T01:39:42+00:00,0.0,0.908,0.092,0.5499,positivo,,Arctic Shift API
dfe1eecfeed031ab,cscareerquestions,2022-08-12T00:25:33+00:00,0.215,0.63,0.155,-0.4779,negativo,,Arctic Shift API
4a765266d3b8eeb0,devops,2021-01-13T15:31:50+00:00,0.0,0.595,0.405,0.8718,positivo,,Arctic Shift API
ec280f06406a5bae,cscareerquestions,2023-03-15T23:40:24+00:00,0.102,0.807,0.091,-0.0516,negativo,stress; anxiety,Arctic Shift API
a3389115e5698831,cscareerquestions,2024-11-14T00:41:41+00:00,0.042,0.87,0.088,0.5574,positivo,,Arctic Shift API
e5c1c3d57849dfba,cscareerquestions,2024-06-09T00:51:27+00:00,0.04,0.907,0.053,0.1901,positivo,,Arctic Shift API
b3317f369a0022ae,cscareerquestions,2023-12-21T00:00:31+00:00,0.046,0.916,0.038,-0.128,negativo,,Arctic Shift API
78f76194cb122a72,programming,2021-12-26T03:31:00+00:00,0.0,1.0,0.0,0.0,neutro,,Arctic Shift API
b88c557030a257c8,cscareerquestions,2024-01-23T00:30:18+00:00,0.124,0.876,0.0,-0.5267,negativo,,Arctic Shift API
0534cd3f8faf3830,cscareerquestions,2024-01-21T00:10:27+00:00,0.0,0.868,0.132,0.4404,positivo,,Arctic Shift API
a9d11f3454e940f8,cscareerquestions,2021-04-20T01:30:06+00:00,0.0,0.947,0.053,0.4767,positivo,bug,Arctic Shift API
36ca69acef80e7e4,devops,2022-03-22T01:34:34+00:00,0.103,0.675,0.222,0.4588,positivo,,Arctic Shift API
f2bcdb805c8fb1b7,cscareerquestions,2022-02-18T00:24:30+00:00,0.0,0.859,0.141,0.4215,positivo,,Arctic Shift API
65179fed139742f9,programming,2022-03-23T21:41:06+00:00,0.219,0.683,0.098,-0.9451,negativo,,Arctic Shift API
3f188a549c4530e3,programming,2021-08-28T23:19:36+00:00,0.023,0.757,0.22,0.9512,positivo,,Arctic Shift API
c6bf6373b2682947,cscareerquestions,2021-09-16T00:17:44+00:00,0.05,0.84,0.11,0.296,positivo,,Arctic Shift API
4b647111395c4b9d,programming,2022-11-25T00:08:22+00:00,0.0,0.926,0.074,0.1901,positivo,,Arctic Shift API
024d998d9aa6d9ac,programming,2021-11-05T01:40:49+00:00,0.0,0.564,0.436,0.935,positivo,,Arctic Shift API
509cfea9b5e908c7,cscareerquestions,2021-03-06T22:54:19+00:00,0.099,0.71,0.191,0.9536,positivo,,Arctic Shift API
1f11a3828491dafd,cscareerquestions,2022-01-22T23:24:58+00:00,0.0,1.0,0.0,0.0,neutro,,Arctic Shift API
dd659e7e47e88dfe,cscareerquestions,2024-08-10T23:05:03+00:00,0.042,0.87,0.088,0.5574,positivo,,Arctic Shift API
8ad6caededb24f2c,devops,2022-05-20T00:20:41+00:00,0.0,0.772,0.228,0.7964,positivo,,Arctic Shift API
e69572007050d237,programming,2022-03-05T23:33:21+00:00,0.0,0.811,0.189,0.4215,positivo,,Arctic Shift API
bd55811014806c3b,programming,2022-12-06T01:41:34+00:00,0.0,1.0,0.0,0.0,neutro,,Arctic Shift API
369388892db384a1,programming,2023-09-02T22:08:21+00:00,0.048,0.839,0.114,0.9493,positivo,stress,Arctic Shift API
96072458ae02eced,devops,2023-04-25T02:44:59+00:00,0.096,0.812,0.092,-0.0806,negativo,,Arctic Shift API
89e513c90e69e32e,programming,2023-03-09T02:22:25+00:00,0.0,1.0,0.0,0.0,neutro,,Arctic Shift API
13ad97c93015d7a7,cscareerquestions,2021-08-27T00:12:43+00:00,0.164,0.6,0.236,0.2023,positivo,,Arctic Shift API
c1f540850903fe5c,cscareerquestions,2023-09-27T23:29:41+00:00,0.0,1.0,0.0,0.0,neutro,,Arctic Shift API
cc9f7c3f8f34e6f8,cscareerquestions,2022-12-21T23:58:19+00:00,0.032,0.842,0.126,0.961,positivo,,Arctic Shift API
dbcfafa147d4316d,programming,2024-01-31T22:55:44+00:00,0.274,0.595,0.131,-0.5267,negativo,,Arctic Shift API
b916db08219a8918,devops,2024-04-12T02:46:46+00:00,0.085,0.805,0.109,0.5267,positivo,,Arctic Shift API
1cfe5b331aff1fe3,programming,2024-07-28T06:21:15+00:00,0.239,0.665,0.096,-0.5358,negativo,,Arctic Shift API
e513ab8141d66823,cscareerquestions,2022-09-25T00:34:10+00:00,0.076,0.879,0.045,-0.2346,negativo,,Arctic Shift API
2fd3b4de888e46e7,cscareerquestions,2023-09-19T00:40:43+00:00,0.0,0.717,0.283,0.8271,positivo,,Arctic Shift API
5d7bc46fe5d48893,devops,2022-09-23T03:08:17+00:00,0.0,0.925,0.075,0.2732,positivo,,Arctic Shift API
26a30cd3b348e940,programming,2024-07-19T01:16:15+00:00,0.0,0.846,0.154,0.3724,positivo,,Arctic Shift API
0813ec50d8cb9b43,devops,2021-12-13T18:58:16+00:00,0.0,0.825,0.175,0.1779,positivo,,Arctic Shift API
df039f80e464d20f,programming,2024-07-21T03:57:38+00:00,0.0,1.0,0.0,0.0,neutro,,Arctic Shift API
0744b8046d96aa1b,devops,2023-01-12T00:32:12+00:00,0.035,0.839,0.126,0.9185,positivo,,Arctic Shift API
fcea8ee6d726dc88,devops,2023-12-22T04:47:51+00:00,0.046,0.923,0.032,-0.0258,neutro,,Arctic Shift API
16717f4eede32493,cscareerquestions,2024-12-11T22:52:40+00:00,0.14,0.792,0.068,-0.8888,negativo,,Arctic Shift API
99c1af0b1ca23920,cscareerquestions,2022-07-03T00:05:20+00:00,0.0,1.0,0.0,0.0,neutro,,Arctic Shift API
eefbea66794efdc0,cscareerquestions,2022-03-27T00:05:01+00:00,0.0,1.0,0.0,0.0,neutro,,Arctic Shift API
ef2dab12f6a94061,cscareerquestions,2024-12-10T00:38:57+00:00,0.042,0.87,0.088,0.5574,positivo,,Arctic Shift API
567ceabdd10b5c8f,programming,2022-12-11T00:37:36+00:00,0.0,1.0,0.0,0.0,neutro,,Arctic Shift API
7743686aa9c31583,cscareerquestions,2023-12-11T23:27:02+00:00,0.197,0.656,0.147,-0.3645,negativo,,Arctic Shift API
3fac30adf9a0063d,devops,2024-12-17T03:03:48+00:00,0.0,0.735,0.265,0.7346,positivo,,Arctic Shift API
5d329c03340829ce,devops,2022-05-27T08:59:50+00:00,0.0,1.0,0.0,0.0,neutro,,Arctic Shift API
6c992dce4523060b,programming,2022-02-10T02:20:24+00:00,0.0,0.882,0.118,0.4479,positivo,,Arctic Shift API
b5f15adcdaecde34,devops,2021-06-26T17:16:54+00:00,0.0,1.0,0.0,0.0,neutro,,Arctic Shift API
cd93005214033824,cscareerquestions,2021-09-07T00:23:50+00:00,0.161,0.765,0.074,-0.4939,negativo,,Arctic Shift API
c9417dc30fe60f9c,cscareerquestions,2024-10-14T23:19:29+00:00,0.0,1.0,0.0,0.0,neutro,,Arctic Shift API
60338cf5df386aff,devops,2021-02-16T07:19:26+00:00,0.0,0.863,0.137,0.4329,positivo,,Arctic Shift API
71ef17d905e231bc,devops,2024-08-07T18:15:09+00:00,0.061,0.799,0.14,0.4404,positivo,,Arctic Shift API
ba996a2ce675dd65,devops,2021-05-10T14:38:24+00:00,0.069,0.894,0.036,-0.3213,negativo,,Arctic Shift API
96eba521c054a448,programming,2023-11-16T01:41:47+00:00,0.063,0.851,0.086,0.5204,positivo,,Arctic Shift API
9b75392bf5b63821,programming,2023-09-20T23:35:27+00:00,0.069,0.59,0.341,0.8777,positivo,,Arctic Shift API
ff6b352fb0857cfd,cscareerquestions,2024-06-16T00:36:05+00:00,0.048,0.89,0.063,0.4967,positivo,,Arctic Shift API
ee27fc3c437a550d,devops,2022-04-07T14:02:38+00:00,0.069,0.811,0.119,0.5267,positivo,,Arctic Shift API
aac8c47bf02ba368,programming,2022-05-11T23:20:35+00:00,0.133,0.801,0.066,-0.4215,negativo,,Arctic Shift API
ed2acb5a4b1f9a83,devops,2024-12-13T07:29:43+00:00,0.0,1.0,0.0,0.0,neutro,,Arctic Shift API
a4518d8c9fbdc4e1,devops,2022-01-16T10:42:32+00:00,0.0,1.0,0.0,0.0,neutro,,Arctic Shift API
9bc18f65d2bc8090,programming,2021-06-05T23:26:09+00:00,0.045,0.714,0.24,0.9187,positivo,,Arctic Shift API
eaa5eb51faf6c0f4,programming,2022-02-18T00:08:52+00:00,0.0,0.787,0.213,0.7964,positivo,,Arctic Shift API
0965f67c1588b0cf,cscareerquestions,2023-03-22T23:35:00+00:00,0.231,0.769,0.0,-0.7184,negativo,,Arctic Shift API
e141312866b551d0,devops,2023-03-10T00:19:12+00:00,0.0,0.866,0.134,0.7003,positivo,,Arctic Shift API
b156a58cb3715af6,cscareerquestions,2024-07-20T23:31:37+00:00,0.093,0.907,0.0,-0.2382,negativo,,Arctic Shift API
a9bc6ca61001e7c4,devops,2022-07-23T21:15:29+00:00,0.0,0.364,0.636,0.7906,positivo,,Arctic Shift API
8828e6b5c95f0a75,devops,2023-08-17T05:07:48+00:00,0.0,1.0,0.0,0.0,neutro,,Arctic Shift API
52de55163e75d289,programming,2022-09-21T23:02:15+00:00,0.0,0.725,0.275,0.8627,positivo,,Arctic Shift API
d426a65aba89c1eb,programming,2021-09-21T01:48:05+00:00,0.0,1.0,0.0,0.0,neutro,,Arctic Shift API
58dabb1be7961608,cscareerquestions,2022-05-23T23:17:44+00:00,0.13,0.731,0.139,0.6375,positivo,pressure; bug,Arctic Shift API
39adfb89014f0e8e,programming,2023-01-19T01:53:21+00:00,0.116,0.666,0.218,0.6563,positivo,,Arctic Shift API
e9a137729874171f,devops,2021-09-27T14:26:24+00:00,0.0,0.472,0.528,0.7717,positivo,,Arctic Shift API
f173800de7d61214,programming,2024-07-06T22:07:05+00:00,0.0,0.826,0.174,0.8965,positivo,,Arctic Shift API
cc5478032b781dda,devops,2021-05-09T20:53:23+00:00,0.028,0.918,0.053,0.7548,positivo,,Arctic Shift API
4db646b022dbd305,cscareerquestions,2022-07-31T01:24:55+00:00,0.0,0.86,0.14,0.9506,positivo,,Arctic Shift API
de8361dc7a19e944,programming,2021-12-21T01:22:36+00:00,0.0,1.0,0.0,0.0,neutro,bug,Arctic Shift API
fe1457735bfaaf9f,devops,2024-08-28T22:20:05+00:00,0.0,0.463,0.537,0.7003,positivo,,Arctic Shift API
fef5c80739dfe34d,cscareerquestions,2024-04-02T00:26:43+00:00,0.0,1.0,0.0,0.0,neutro,,Arctic Shift API
de01df495833faee,cscareerquestions,2021-10-24T00:01:26+00:00,0.0,0.687,0.313,0.6249,positivo,,Arctic Shift API
0dac577a58f74023,cscareerquestions,2022-01-26T23:57:37+00:00,0.151,0.849,0.0,-0.2411,negativo,,Arctic Shift API
39a6c9b24a2831b1,devops,2023-06-26T11:19:36+00:00,0.179,0.76,0.061,-0.8534,negativo,,Arctic Shift API
dba6d96e4744fd35,cscareerquestions,2021-06-22T00:45:42+00:00,0.0,0.714,0.286,0.8957,positivo,,Arctic Shift API
4c43c6d274109a03,programming,2021-10-18T22:40:35+00:00,0.04,0.846,0.114,0.631,positivo,,Arctic Shift API
26d240ad26f824fa,cscareerquestions,2022-04-14T00:03:43+00:00,0.021,0.933,0.046,0.3939,positivo,,Arctic Shift API
61dc9fe54390d0be,devops,2022-01-26T16:39:08+00:00,0.02,0.824,0.155,0.8637,positivo,,Arctic Shift API
6902e0433eee1048,devops,2023-09-18T21:43:44+00:00,0.0,0.911,0.089,0.6369,positivo,,Arctic Shift API
ba1dd30858a7dbf6,programming,2024-02-23T01:54:34+00:00,0.098,0.787,0.115,0.3453,positivo,,Arctic Shift API
be64e0301382643d,cscareerquestions,2024-09-16T23:36:05+00:00,0.016,0.91,0.074,0.4652,positivo,,Arctic Shift API
58cfe6220f08387e,cscareerquestions,2024-07-14T00:21:25+00:00,0.104,0.896,0.0,-0.2732,negativo,,Arctic Shift API
a8ca6acdd045f6e0,programming,2023-09-08T02:13:50+00:00,0.043,0.849,0.108,0.7845,positivo,,Arctic Shift API
6fa6999a726828e2,programming,2021-11-20T23:33:08+00:00,0.044,0.811,0.145,0.9373,positivo,,Arctic Shift API
967fbfa6b34fb533,devops,2024-08-29T00:18:32+00:00,0.024,0.751,0.225,0.9264,positivo,,Arctic Shift API
fa2e3ab1fce9ea4b,cscareerquestions,2022-02-11T00:51:40+00:00,0.0,1.0,0.0,0.0,neutro,,Arctic Shift API
ac31c269a122883f,programming,2022-08-27T21:50:31+00:00,0.0,0.792,0.208,0.2732,positivo,,Arctic Shift API
88fea078721559ce,programming,2022-06-18T23:20:36+00:00,0.063,0.866,0.071,0.0536,positivo,,Arctic Shift API
589a1bf4a24f6cff,devops,2024-09-28T20:08:24+00:00,0.0,0.784,0.216,0.296,positivo,,Arctic Shift API
a2945c70394f15b1,devops,2021-08-04T21:57:06+00:00,0.0,0.878,0.122,0.4939,positivo,,Arctic Shift API
925a5ce25c2701ff,devops,2022-10-04T02:54:10+00:00,0.0,1.0,0.0,0.0,neutro,,Arctic Shift API
3b03b992d0eb92b2,cscareerquestions,2021-10-13T23:22:11+00:00,0.0,0.907,0.093,0.5647,positivo,,Arctic Shift API
d4fdec12587c209a,devops,2022-06-29T21:45:23+00:00,0.0,0.55,0.45,0.5994,positivo,,Arctic Shift API
a2e929674fbcc484,programming,2024-09-17T00:00:50+00:00,0.117,0.676,0.207,0.6705,positivo,,Arctic Shift API
5a47ed41ed88ea18,programming,2024-05-01T23:58:50+00:00,0.0,1.0,0.0,0.0,neutro,,Arctic Shift API
4a8a7cb90c65e9d9,devops,2022-10-09T04:08:46+00:00,0.0,0.667,0.333,0.4588,positivo,,Arctic Shift API
c25eca0a1e93ee29,devops,2024-03-18T23:42:58+00:00,0.085,0.867,0.049,-0.26,negativo,,Arctic Shift API
2b7a911c10b5234b,devops,2023-09-06T15:48:38+00:00,0.048,0.856,0.096,0.3291,positivo,,Arctic Shift API
e26c2426a6dd71a3,programming,2021-10-26T02:27:00+00:00,0.0,0.898,0.102,0.743,positivo,,Arctic Shift API
b099e92ece4bcfc7,cscareerquestions,2024-10-19T22:44:05+00:00,0.074,0.844,0.081,-0.1298,negativo,,Arctic Shift API
e02e73fb8dc74e38,programming,2021-02-15T23:08:18+00:00,0.035,0.922,0.043,-0.3037,negativo,,Arctic Shift API
53563cd12dfd3447,cscareerquestions,2021-01-05T01:23:09+00:00,0.0,1.0,0.0,0.0,neutro,,Arctic Shift API
a56400eb30cd85de,devops,2024-07-28T01:53:27+00:00,0.035,0.87,0.095,0.7904,positivo,,Arctic Shift API
a6dd92b311721eed,programming,2024-03-21T01:25:54+00:00,0.0,1.0,0.0,0.0,neutro,,Arctic Shift API
9c526f4b5fe12e63,devops,2022-12-10T17:45:15+00:00,0.0,0.717,0.283,0.7964,positivo,,Arctic Shift API
708a67027b6dc3ec,devops,2024-09-23T20:39:52+00:00,0.043,0.887,0.07,0.25,positivo,,Arctic Shift API
78d6478a92873d58,devops,2022-04-19T04:28:38+00:00,0.0,0.42,0.58,0.784,positivo,,Arctic Shift API
9b39383e605db0a3,devops,2021-06-21T23:01:05+00:00,0.153,0.675,0.172,0.068,positivo,,Arctic Shift API
3e20c7fea8279c2a,programming,2021-04-13T00:46:55+00:00,0.41,0.59,0.0,-0.357,negativo,,Arctic Shift API
c5e551626d12001f,devops,2023-08-10T01:45:50+00:00,0.023,0.806,0.171,0.9481,positivo,,Arctic Shift API
6ba7f4902a273762,cscareerquestions,2021-05-23T00:25:11+00:00,0.0,0.786,0.214,0.4588,positivo,,Arctic Shift API
9c3267ff5f448962,devops,2021-05-13T00:41:34+00:00,0.0,1.0,0.0,0.0,neutro,,Arctic Shift API
abfadd8c36ff9319,programming,2024-12-30T21:56:14+00:00,0.0,0.909,0.091,0.34,positivo,,Arctic Shift API
969f9551dec75476,devops,2022-06-27T22:38:45+00:00,0.039,0.917,0.044,0.0516,positivo,,Arctic Shift API
ba0e40ea5d654961,programming,2023-08-06T06:12:42+00:00,0.0,1.0,0.0,0.0,neutro,,Arctic Shift API
1492a6f7b01e5419,devops,2024-12-07T17:52:20+00:00,0.13,0.642,0.228,0.6293,positivo,,Arctic Shift API
ff81207b9aa1ae9d,programming,2021-08-01T04:29:20+00:00,0.141,0.727,0.132,-0.0516,negativo,,Arctic Shift API
f1c6bb55e26ada5c,devops,2022-01-25T10:55:51+00:00,0.0,0.897,0.103,0.8248,positivo,,Arctic Shift API
b6b849d537f364c0,devops,2024-03-23T22:58:48+00:00,0.139,0.643,0.218,0.4482,positivo,,Arctic Shift API
bde4eda503fb6cb4,devops,2024-07-18T05:25:47+00:00,0.0,1.0,0.0,0.0,neutro,,Arctic Shift API
00d50a97c2a24ad2,devops,2024-03-19T02:27:40+00:00,0.104,0.7,0.196,0.594,positivo,,Arctic Shift API
a44b92db4aec2df5,devops,2024-01-24T21:56:47+00:00,0.0,0.98,0.02,0.0387,neutro,,Arctic Shift API
330b0845d526adc4,cscareerquestions,2021-07-14T23:30:32+00:00,0.0,0.708,0.292,0.6988,positivo,,Arctic Shift API
c30e7b5941cc2464,devops,2022-01-26T19:23:24+00:00,0.097,0.806,0.097,0.0,neutro,bug,Arctic Shift API
59669a75c1cf3977,programming,2023-05-25T02:21:52+00:00,0.033,0.799,0.168,0.774,positivo,,Arctic Shift API
b5c0e0cede8533c1,programming,2023-02-15T21:31:14+00:00,0.0,1.0,0.0,0.0,neutro,,Arctic Shift API
a62e6def81a59545,programming,2023-09-16T20:06:37+00:00,0.0,0.922,0.078,0.0258,neutro,,Arctic Shift API
234eda7591546627,devops,2023-03-02T03:03:03+00:00,0.0,1.0,0.0,0.0,neutro,,Arctic Shift API
1dfffbae393000d0,cscareerquestions,2023-09-09T23:18:00+00:00,0.0,0.708,0.292,0.4497,positivo,,Arctic Shift API
3e63c716ce98ff9d,programming,2024-05-04T22:40:23+00:00,0.037,0.834,0.129,0.9281,positivo,,Arctic Shift API
3bb1118a7e5f1c93,programming,2024-10-30T22:35:41+00:00,0.121,0.792,0.087,-0.6403,negativo,,Arctic Shift API
59c180604e2276fb,devops,2023-01-02T16:08:14+00:00,0.05,0.95,0.0,-0.3852,negativo,,Arctic Shift API
f3d102ed9d36fe3d,devops,2022-09-27T02:42:26+00:00,0.029,0.836,0.135,0.9455,positivo,,Arctic Shift API
11755ec20d65e03e,devops,2021-10-02T17:19:53+00:00,0.064,0.796,0.14,0.6749,positivo,,Arctic Shift API
22229166f7274ba9,devops,2024-11-25T20:52:36+00:00,0.305,0.565,0.13,-0.4767,negativo,,Arctic Shift API
780d430f8020e45f,cscareerquestions,2024-09-19T00:08:00+00:00,0.042,0.87,0.088,0.5574,positivo,,Arctic Shift API
0faf2bf924b7d504,programming,2021-04-30T02:37:47+00:00,0.0,0.594,0.406,0.6988,positivo,,Arctic Shift API
c2a1174be7af56e6,programming,2022-04-01T02:22:30+00:00,0.0,0.876,0.124,0.4019,positivo,,Arctic Shift API
9f5f0ceb0b0f49e5,devops,2022-12-13T07:09:35+00:00,0.0,0.914,0.086,0.4588,positivo,,Arctic Shift API
336e58509b37dfb5,programming,2021-08-06T00:37:43+00:00,0.186,0.814,0.0,-0.1531,negativo,,Arctic Shift API
1d6b794211fbec2f,devops,2023-01-03T08:19:54+00:00,0.0,0.871,0.129,0.1593,positivo,,Arctic Shift API
cea48390c7189de3,programming,2024-07-15T23:08:16+00:00,0.154,0.767,0.079,-0.5868,negativo,,Arctic Shift API
f38517434e7ba5e2,programming,2023-12-04T23:16:03+00:00,0.071,0.691,0.238,0.5136,positivo,,Arctic Shift API
1454b26b694a69e3,cscareerquestions,2022-03-25T00:23:31+00:00,0.022,0.885,0.093,0.5927,positivo,,Arctic Shift API
872bca2721933bb0,programming,2024-06-24T20:36:24+00:00,0.0,0.806,0.194,0.8122,positivo,,Arctic Shift API
cbd856ecf5e9e767,programming,2022-01-16T03:02:15+00:00,0.046,0.87,0.084,0.6258,positivo,,Arctic Shift API
6549a11424a3164d,programming,2023-09-13T22:38:46+00:00,0.0,0.762,0.238,0.3612,positivo,,Arctic Shift API
04296d5487e49ca0,cscareerquestions,2024-07-06T23:40:39+00:00,0.0,0.907,0.093,0.7684,positivo,,Arctic Shift API
71a163acd5955a15,cscareerquestions,2024-11-04T23:30:16+00:00,0.0,0.924,0.076,0.2023,positivo,,Arctic Shift API
1cf6e665f2015243,programming,2023-12-13T23:01:18+00:00,0.123,0.877,0.0,-0.1027,negativo,,Arctic Shift API
f6176ea6adb1d588,devops,2023-11-21T05:05:25+00:00,0.113,0.824,0.063,-0.533,negativo,,Arctic Shift API
e3e6afa490949548,programming,2021-08-31T00:29:36+00:00,0.0,1.0,0.0,0.0,neutro,,Arctic Shift API
b5d292f1f9815f46,devops,2021-12-07T03:00:55+00:00,0.0,1.0,0.0,0.0,neutro,,Arctic Shift API
8fb91e9723814fef,programming,2022-04-07T02:56:58+00:00,0.02,0.862,0.119,0.7227,positivo,,Arctic Shift API
857cc1d8e05b0ccb,programming,2022-05-13T00:32:29+00:00,0.131,0.747,0.122,-0.3071,negativo,,Arctic Shift API
2a643453e1344717,programming,2024-03-14T02:20:10+00:00,0.042,0.882,0.076,0.3378,positivo,,Arctic Shift API
fdb429ce0203fbd0,devops,2022-12-03T18:17:48+00:00,0.075,0.846,0.079,0.128,positivo,,Arctic Shift API
b42e8b50f03ef5e9,cscareerquestions,2021-03-30T00:08:41+00:00,0.058,0.85,0.092,0.6124,positivo,,Arctic Shift API
85d10d594b8696b4,cscareerquestions,2021-01-19T01:18:28+00:00,0.075,0.851,0.074,-0.0503,negativo,,Arctic Shift API
5430a275defa323d,cscareerquestions,2024-08-14T22:58:55+00:00,0.0,0.543,0.457,0.8126,positivo,,Arctic Shift API
22575be973410935,cscareerquestions,2022-07-19T00:24:54+00:00,0.045,0.894,0.062,0.2263,positivo,,Arctic Shift API
af31636170767b19,devops,2022-06-30T02:56:38+00:00,0.065,0.935,0.0,-0.4019,negativo,,Arctic Shift API
d04fc992a2acb5b7,cscareerquestions,2023-05-19T00:28:45+00:00,0.153,0.754,0.093,-0.7878,negativo,,Arctic Shift API
c011382e07b10143,devops,2021-12-19T01:04:31+00:00,0.0,0.423,0.577,0.802,positivo,,Arctic Shift API
90de771b47f003a3,programming,2022-06-08T22:38:42+00:00,0.0,0.8,0.2,0.4588,positivo,,Arctic Shift API
620d5baf74f09e68,cscareerquestions,2022-07-05T00:07:52+00:00,0.021,0.866,0.113,0.6808,positivo,,Arctic Shift API
6199420d9c0b1915,cscareerquestions,2021-12-27T23:16:21+00:00,0.177,0.796,0.027,-0.7595,negativo,,Arctic Shift API
4a2bd4436aff277d,devops,2024-11-11T21:57:50+00:00,0.048,0.886,0.065,0.2732,positivo,bug,Arctic Shift API
32d71eaa7b891f09,cscareerquestions,2023-11-15T23:44:51+00:00,0.0,1.0,0.0,0.0,neutro,,Arctic Shift API
cdb0f40d46de0f0d,devops,2021-01-22T15:20:03+00:00,0.0,0.822,0.178,0.9377,positivo,,Arctic Shift API
360cb5c778d548de,cscareerquestions,2021-07-13T00:31:58+00:00,0.069,0.931,0.0,-0.2846,negativo,,Arctic Shift API
d68c4c058aabd93d,cscareerquestions,2021-05-08T23:48:17+00:00,0.0,0.906,0.094,0.4404,positivo,,Arctic Shift API
6e1d8efe3804413d,cscareerquestions,2021-05-23T00:55:49+00:00,0.0,0.923,0.077,0.1531,positivo,,Arctic Shift API
350e2c4c6938caae,cscareerquestions,2024-03-20T23:36:47+00:00,0.075,0.838,0.087,-0.1174,negativo,,Arctic Shift API
bbb877375598b150,cscareerquestions,2023-01-28T23:30:51+00:00,0.0,0.721,0.279,0.7884,positivo,,Arctic Shift API
db152c1f54b28261,cscareerquestions,2021-07-10T23:14:45+00:00,0.114,0.737,0.149,0.0387,neutro,,Arctic Shift API
a8eb609b3f4114f0,programming,2024-03-11T23:26:47+00:00,0.027,0.941,0.032,0.1557,positivo,,Arctic Shift API
0a6c0031c7081e23,programming,2021-06-01T00:24:45+00:00,0.067,0.848,0.085,0.7404,positivo,,Arctic Shift API
cf8f78594ee92fe0,cscareerquestions,2021-07-02T00:34:44+00:00,0.483,0.517,0.0,-0.9042,negativo,,Arctic Shift API
96dc4d90bb1ec28f,cscareerquestions,2024-11-18T23:37:14+00:00,0.0,0.927,0.073,0.2023,positivo,,Arctic Shift API
aae8f36dcc1d4d26,devops,2022-05-24T05:25:12+00:00,0.0,0.808,0.192,0.4215,positivo,,Arctic Shift API
58656a57c7bd1baa,devops,2022-04-15T00:17:55+00:00,0.0,0.814,0.186,0.8357,positivo,,Arctic Shift API
1bf84e37e9df32f9,cscareerquestions,2024-01-18T00:23:42+00:00,0.0,1.0,0.0,0.0,neutro,,Arctic Shift API
4e54e861b1c4b594,programming,2023-05-19T03:59:48+00:00,0.208,0.769,0.023,-0.9013,negativo,,Arctic Shift API
f844911f3120371f,programming,2022-08-09T00:07:14+00:00,0.0,0.682,0.318,0.6369,positivo,,Arctic Shift API
db3d4e4589727bdc,cscareerquestions,2024-08-30T00:10:11+00:00,0.101,0.835,0.063,-0.128,negativo,overload,Arctic Shift API
f3927aee9cce8806,devops,2023-03-09T03:48:30+00:00,0.141,0.706,0.153,0.0516,positivo,,Arctic Shift API
35bd28555220acb5,programming,2024-07-09T04:14:50+00:00,0.0,1.0,0.0,0.0,neutro,,Arctic Shift API
f5c70ef7b3bc76a6,devops,2024-10-03T02:02:08+00:00,0.0,0.678,0.322,0.9081,positivo,,Arctic Shift API
af78a107d1d22666,cscareerquestions,2023-11-10T00:18:44+00:00,0.0,1.0,0.0,0.0,neutro,,Arctic Shift API
8b6dab46cb8ad240,programming,2023-08-26T21:14:33+00:00,0.075,0.75,0.175,0.7172,positivo,,Arctic Shift API
7c1a68583cc91eff,programming,2023-07-26T22:38:45+00:00,0.306,0.694,0.0,-0.296,negativo,,Arctic Shift API
b747ba163d9fc20e,cscareerquestions,2022-01-30T00:13:56+00:00,0.042,0.821,0.137,0.6887,positivo,,Arctic Shift API
578fcd3f10d0e575,programming,2023-02-25T22:36:58+00:00,0.161,0.789,0.05,-0.9903,negativo,bug,Arctic Shift API
090817e2e5453d17,cscareerquestions,2021-08-05T00:37:15+00:00,0.134,0.866,0.0,-0.7303,negativo,,Arctic Shift API
9992b712acfcf006,devops,2024-04-05T04:09:32+00:00,0.0,1.0,0.0,0.0,neutro,,Arctic Shift API
df2e9914ba0ceae8,cscareerquestions,2024-12-13T00:22:51+00:00,0.0,0.82,0.18,0.296,positivo,,Arctic Shift API
20b50f61c65d9f81,programming,2022-12-06T00:45:34+00:00,0.196,0.804,0.0,-0.296,negativo,,Arctic Shift API
3aec3ae5d6934078,devops,2022-12-15T13:03:29+00:00,0.0,1.0,0.0,0.0,neutro,,Arctic Shift API
9de8239b71b2b7c7,devops,2023-11-18T10:01:33+00:00,0.0,1.0,0.0,0.0,neutro,,Arctic Shift API
1a734b71c9f9d4d1,devops,2022-11-09T18:57:38+00:00,0.0,0.896,0.104,0.8658,positivo,,Arctic Shift API
afef989488bc44ae,programming,2022-01-17T21:38:01+00:00,0.068,0.881,0.05,-0.5106,negativo,,Arctic Shift API
5d195d739ce523ad,devops,2024-11-23T22:32:19+00:00,0.0,0.895,0.105,0.4019,positivo,,Arctic Shift API
1eb243a1f7db9e01,cscareerquestions,2021-08-19T00:29:10+00:00,0.026,0.818,0.156,0.7579,positivo,,Arctic Shift API
58451d676de97fcb,devops,2022-07-10T05:08:59+00:00,0.069,0.725,0.206,0.9621,positivo,,Arctic Shift API
550974a0eb778784,cscareerquestions,2022-09-19T23:42:13+00:00,0.042,0.87,0.088,0.5574,positivo,,Arctic Shift API
3bbf8f925849290b,devops,2023-05-10T22:10:40+00:00,0.0,0.915,0.085,0.5023,positivo,outage,Arctic Shift API
9690a082101a1510,cscareerquestions,2024-11-13T23:42:10+00:00,0.036,0.834,0.13,0.9189,positivo,,Arctic Shift API
6a0f8f315a5c2625,devops,2024-06-27T08:13:26+00:00,0.209,0.627,0.165,-0.2796,negativo,,Arctic Shift API
bd5f32b5d2bf35b8,devops,2024-04-29T23:30:06+00:00,0.0,0.756,0.244,0.6361,positivo,,Arctic Shift API
193ef5492884d9b0,programming,2024-08-24T21:57:00+00:00,0.0,0.785,0.215,0.8172,positivo,,Arctic Shift API
1310f1b5f06c0a27,cscareerquestions,2021-10-16T23:34:25+00:00,0.106,0.767,0.128,0.3378,positivo,,Arctic Shift API
ea88300bb504abf3,programming,2024-07-10T21:23:21+00:00,0.041,0.857,0.102,0.9865,positivo,bug,Arctic Shift API
7f9e1e00ef3bacc7,cscareerquestions,2023-08-08T00:45:28+00:00,0.103,0.696,0.202,0.4039,positivo,,Arctic Shift API
ca51e4f1a66bf97c,programming,2024-01-16T06:29:06+00:00,0.0,0.531,0.469,0.8908,positivo,,Arctic Shift API
36e32cc71d2dfbf1,cscareerquestions,2022-01-20T00:52:48+00:00,0.0,0.878,0.122,0.664,positivo,,Arctic Shift API
40162b85be736b44,devops,2022-04-27T19:11:46+00:00,0.0,0.098,0.902,0.8478,positivo,,Arctic Shift API
f54d9560653c21a9,devops,2022-07-26T01:21:37+00:00,0.061,0.61,0.33,0.8655,positivo,,Arctic Shift API
14b8c282303b4e52,programming,2022-06-28T00:22:15+00:00,0.0,0.868,0.132,0.5267,positivo,,Arctic Shift API
40a0c58e05258e9b,programming,2022-03-21T22:06:35+00:00,0.064,0.808,0.128,0.9267,positivo,,Arctic Shift API
0b925fff03185e61,programming,2023-02-26T01:51:11+00:00,0.335,0.605,0.06,-0.8845,negativo,,Arctic Shift API
c4538847c7322376,devops,2022-04-28T11:46:21+00:00,0.137,0.762,0.101,-0.0516,negativo,,Arctic Shift API
cd474a9457201864,programming,2024-03-11T21:46:28+00:00,0.052,0.78,0.168,0.5994,positivo,,Arctic Shift API
568bce8acac01478,cscareerquestions,2024-12-03T00:56:24+00:00,0.022,0.926,0.052,0.3919,positivo,,Arctic Shift API
1416974401415e11,programming,2021-11-24T22:48:51+00:00,0.0,0.908,0.092,0.5719,positivo,,Arctic Shift API
eb13f7af40c1008c,cscareerquestions,2022-09-06T00:41:48+00:00,0.135,0.636,0.229,0.4966,positivo,,Arctic Shift API
1536c36948213d6b,devops,2021-02-13T16:35:38+00:00,0.052,0.783,0.165,0.8807,positivo,,Arctic Shift API
fe10215c43a0de1d,programming,2022-06-15T22:48:05+00:00,0.068,0.841,0.091,0.615,positivo,,Arctic Shift API
515a33eee8c54dff,devops,2022-02-24T08:43:01+00:00,0.0,0.869,0.131,0.8625,positivo,,Arctic Shift API
668e11f624d15f94,cscareerquestions,2021-04-30T00:22:42+00:00,0.059,0.751,0.19,0.8417,positivo,,Arctic Shift API
6a4d1414f616c5ce,cscareerquestions,2023-07-28T00:08:27+00:00,0.083,0.917,0.0,-0.6124,negativo,,Arctic Shift API
bede193c148e7db0,devops,2021-10-03T15:36:50+00:00,0.054,0.743,0.203,0.7372,positivo,,Arctic Shift API
dc1db254912e4c7b,programming,2023-04-17T22:34:58+00:00,0.0,0.682,0.318,0.4939,positivo,,Arctic Shift API
ac8f49c17ff912db,programming,2023-11-01T22:35:29+00:00,0.139,0.844,0.017,-0.8481,negativo,,Arctic Shift API
d37bda14db8ff4ca,devops,2023-05-15T19:23:00+00:00,0.0,0.839,0.161,0.7577,positivo,,Arctic Shift API
1bdda08dcefeb3eb,cscareerquestions,2022-05-25T23:37:53+00:00,0.036,0.807,0.157,0.6195,positivo,,Arctic Shift API
1368738501a5db3e,devops,2022-10-31T23:50:57+00:00,0.0,0.784,0.216,0.9793,positivo,,Arctic Shift API
bf46ab40229fca98,programming,2023-11-05T08:06:41+00:00,0.038,0.87,0.092,0.4767,positivo,,Arctic Shift API
d5789201b3cf23a3,devops,2023-08-31T00:46:56+00:00,0.269,0.688,0.042,-0.9477,negativo,,Arctic Shift API
ea430f06e6c08d67,devops,2022-08-02T03:01:40+00:00,0.0,0.836,0.164,0.8957,positivo,,Arctic Shift API
29285e28f4202b43,devops,2023-06-02T00:15:10+00:00,0.0,1.0,0.0,0.0,neutro,,Arctic Shift API
d3f837e887c7737d,cscareerquestions,2024-01-18T00:11:57+00:00,0.071,0.824,0.105,0.296,positivo,,Arctic Shift API
687fa98a8de2bc2a,programming,2024-08-10T23:43:46+00:00,0.0,0.529,0.471,0.8687,positivo,,Arctic Shift API
26abe39d32b12955,devops,2022-11-28T15:26:41+00:00,0.1,0.9,0.0,-0.7717,negativo,,Arctic Shift API
f5054f677f1475ba,cscareerquestions,2022-07-11T23:16:04+00:00,0.046,0.837,0.118,0.4215,positivo,,Arctic Shift API
13c785f57cd49015,devops,2024-11-18T22:49:16+00:00,0.242,0.617,0.141,-0.3169,negativo,,Arctic Shift API
97e731cc5060c1ea,programming,2021-11-07T02:19:52+00:00,0.0,1.0,0.0,0.0,neutro,,Arctic Shift API
e4e2960e7dc14d1e,programming,2022-04-30T21:05:48+00:00,0.0,0.9,0.1,0.743,positivo,,Arctic Shift API
d28da81233b975d9,programming,2024-10-29T04:42:09+00:00,0.145,0.748,0.107,-0.2023,negativo,,Arctic Shift API
9b00b45e7fddb4fb,devops,2022-05-04T18:03:37+00:00,0.066,0.875,0.058,-0.0387,neutro,,Arctic Shift API
2bc254e988aa2fc3,devops,2023-01-24T02:24:45+00:00,0.0,0.847,0.153,0.4404,positivo,,Arctic Shift API
d89116146a451e7d,programming,2024-02-04T00:01:23+00:00,0.0,0.89,0.11,0.5927,positivo,,Arctic Shift API
9de5666c63835bc3,programming,2022-09-05T23:50:09+00:00,0.073,0.753,0.174,0.9463,positivo,,Arctic Shift API
781e7cc985bfb6af,programming,2024-04-02T00:19:18+00:00,0.0,0.938,0.062,0.34,positivo,,Arctic Shift API
24fba34107fa1885,cscareerquestions,2023-12-25T23:24:04+00:00,0.042,0.87,0.088,0.5574,positivo,,Arctic Shift API
4053c546676bab54,devops,2021-03-12T02:24:14+00:00,0.162,0.739,0.099,-0.4215,negativo,,Arctic Shift API
52e79235163b6af5,devops,2022-04-29T01:31:15+00:00,0.146,0.647,0.207,0.5712,positivo,,Arctic Shift API
18a6e692d8fc814e,devops,2024-09-21T17:22:14+00:00,0.0,1.0,0.0,0.0,neutro,,Arctic Shift API
f27169fd03101a92,devops,2021-01-14T07:37:54+00:00,0.021,0.851,0.127,0.9066,positivo,,Arctic Shift API
53f5f9ef66531ea1,programming,2022-12-09T00:28:22+00:00,0.0,0.466,0.534,0.9312,positivo,,Arctic Shift API
a861547f0d7764fe,programming,2022-02-11T02:09:33+00:00,0.031,0.772,0.198,0.855,positivo,,Arctic Shift API
594197cd2f9fdb74,cscareerquestions,2023-02-25T23:06:50+00:00,0.0,1.0,0.0,0.0,neutro,,Arctic Shift API
0b55a6413f2ba7c2,devops,2024-01-26T03:36:42+00:00,0.053,0.915,0.032,-0.2738,negativo,workload,Arctic Shift API
360064008876d1d6,devops,2023-10-20T00:59:18+00:00,0.0,0.68,0.32,0.8152,positivo,,Arctic Shift API
f15714bbb767c9c9,cscareerquestions,2023-03-29T23:38:02+00:00,0.0,1.0,0.0,0.0,neutro,,Arctic Shift API
f0b8a076b3be6927,cscareerquestions,2022-06-24T00:39:48+00:00,0.0,1.0,0.0,0.0,neutro,,Arctic Shift API
174c051270a9bbc9,devops,2022-09-29T06:22:30+00:00,0.221,0.586,0.194,-0.1531,negativo,,Arctic Shift API
c7623275c3a143e7,cscareerquestions,2024-10-28T23:24:29+00:00,0.0,0.811,0.189,0.2732,positivo,,Arctic Shift API
1308b040e2c17b34,cscareerquestions,2024-09-01T00:32:06+00:00,0.024,0.902,0.074,0.6124,positivo,,Arctic Shift API
a05019b9fb31ab3b,programming,2022-11-07T21:23:30+00:00,0.0,1.0,0.0,0.0,neutro,,Arctic Shift API
4b528d884981e348,programming,2023-11-22T23:31:02+00:00,0.243,0.678,0.079,-0.8402,negativo,,Arctic Shift API
f90d116025518a64,devops,2022-03-04T00:22:55+00:00,0.0,0.687,0.313,0.4927,positivo,,Arctic Shift API
4f119ccfd7ac51b3,devops,2022-09-13T06:05:39+00:00,0.093,0.74,0.167,0.3182,positivo,,Arctic Shift API
bc2da59c0a3bbfaf,cscareerquestions,2024-12-14T23:07:24+00:00,0.034,0.943,0.023,-0.0138,neutro,workload,Arctic Shift API
e8bdaa7609fd7df8,devops,2024-04-26T04:10:37+00:00,0.097,0.77,0.132,0.5067,positivo,,Arctic Shift API
53c9e2258ad6e3ab,devops,2024-03-29T03:06:57+00:00,0.1,0.9,0.0,-0.3716,negativo,,Arctic Shift API
5afa58b0b676e7b7,devops,2023-09-28T04:18:00+00:00,0.051,0.949,0.0,-0.0498,neutro,,Arctic Shift API
47ca1ccdf9803c41,programming,2021-12-07T00:31:36+00:00,0.0,0.754,0.246,0.9535,positivo,,Arctic Shift API
e25c79eb7ac36e09,devops,2022-08-18T10:07:31+00:00,0.293,0.707,0.0,-0.4404,negativo,,Arctic Shift API
79844ffa596c0236,devops,2021-11-15T15:09:23+00:00,0.0,0.835,0.165,0.8439,positivo,,Arctic Shift API
e626f9d6ee24d565,programming,2023-05-24T21:10:29+00:00,0.112,0.764,0.124,-0.0596,negativo,bug; crash,Arctic Shift API
9fbfe4663bc80186,devops,2023-08-17T06:37:58+00:00,0.0,0.703,0.297,0.6705,positivo,,Arctic Shift API
d30c1e91266aa379,programming,2021-12-19T01:44:14+00:00,0.169,0.704,0.127,0.0258,neutro,,Arctic Shift API
fe20842c17408af1,programming,2023-08-25T03:21:50+00:00,0.0,0.915,0.085,0.0772,positivo,,Arctic Shift API
4e218337c5e34248,cscareerquestions,2022-12-08T00:49:23+00:00,0.0,0.835,0.165,0.8519,positivo,,Arctic Shift API
0cd9aa9c8f5a2f99,programming,2023-07-24T23:23:58+00:00,0.197,0.673,0.13,-0.3612,negativo,,Arctic Shift API
6dcdc841fc9f307e,programming,2022-02-27T01:45:23+00:00,0.041,0.684,0.274,0.9229,positivo,,Arctic Shift API
5f5b1b12e6bf0287,cscareerquestions,2024-04-23T00:17:01+00:00,0.0,1.0,0.0,0.0,neutro,,Arctic Shift API
8224788905231551,devops,2022-01-16T01:47:03+00:00,0.0,0.872,0.128,0.2263,positivo,,Arctic Shift API
e9be0ed8c38dedd5,devops,2024-10-02T18:41:38+00:00,0.362,0.638,0.0,-0.6259,negativo,,Arctic Shift API
2e0569b40f716b7e,devops,2024-04-06T23:10:49+00:00,0.0,0.809,0.191,0.3818,positivo,,Arctic Shift API
e656a4e6e5935129,devops,2021-10-29T01:18:44+00:00,0.049,0.917,0.034,-0.25,negativo,,Arctic Shift API
db01faf8c72b5936,devops,2021-11-29T19:38:10+00:00,0.161,0.839,0.0,-0.2755,negativo,,Arctic Shift API
57d9978efba7f573,cscareerquestions,2023-05-20T23:29:33+00:00,0.087,0.667,0.247,0.5267,positivo,,Arctic Shift API
d60fd6169e2cb0e5,devops,2024-02-19T23:34:32+00:00,0.0,0.928,0.072,0.6124,positivo,,Arctic Shift API
d0f98ec56975c9b8,programming,2024-03-30T22:38:01+00:00,0.04,0.898,0.062,0.2812,positivo,,Arctic Shift API
d5242da551b877ea,programming,2023-01-11T21:41:42+00:00,0.0,0.74,0.26,0.872,positivo,,Arctic Shift API
775e5e98e72e648b,devops,2023-09-08T02:39:36+00:00,0.121,0.835,0.044,-0.6249,negativo,,Arctic Shift API
3d6cf0dcfb5f5251,devops,2022-05-21T20:49:38+00:00,0.085,0.915,0.0,-0.3597,negativo,,Arctic Shift API
22a6b6eb68bf3a34,devops,2022-10-05T22:50:37+00:00,0.0,0.617,0.383,0.7351,positivo,,Arctic Shift API
1ccacf17b0567168,devops,2024-04-26T04:39:30+00:00,0.0,0.916,0.084,0.6908,positivo,,Arctic Shift API
9b23857bb6e2aa1a,cscareerquestions,2021-05-26T23:39:39+00:00,0.0,0.841,0.159,0.9417,positivo,,Arctic Shift API
60a8144a7384ea51,cscareerquestions,2023-09-24T00:32:26+00:00,0.093,0.718,0.19,0.9921,positivo,,Arctic Shift API
0e31d1f79c8915a9,cscareerquestions,2023-12-09T23:16:57+00:00,0.0,0.927,0.073,0.802,positivo,,Arctic Shift API
2787ec62922cb6e3,programming,2021-11-09T00:33:53+00:00,0.119,0.81,0.071,-0.2139,negativo,,Arctic Shift API
9f4f86ce736645bc,devops,2023-01-22T00:31:25+00:00,0.0,0.955,0.045,0.4404,positivo,,Arctic Shift API
3ad3e990ddcf3a30,devops,2021-09-17T07:16:55+00:00,0.0,0.8,0.2,0.3612,positivo,,Arctic Shift API
a9a5883123bb2ad6,programming,2021-08-26T05:42:23+00:00,0.035,0.885,0.081,0.4679,positivo,,Arctic Shift API
5d5ae4d33172637e,programming,2024-11-11T21:02:53+00:00,0.316,0.684,0.0,-0.5707,negativo,,Arctic Shift API
0a6f419d1a4f7c22,cscareerquestions,2024-02-10T23:04:08+00:00,0.0,0.963,0.037,0.0772,positivo,,Arctic Shift API
1e57d799b0301b17,cscareerquestions,2024-10-09T23:13:29+00:00,0.04,0.649,0.312,0.9186,positivo,,Arctic Shift API
34990f8bcdcad7ab,programming,2021-04-09T00:06:29+00:00,0.0,0.769,0.231,0.2732,positivo,,Arctic Shift API
0b40f0968c80ada9,devops,2022-08-03T21:35:12+00:00,0.0,0.841,0.159,0.7524,positivo,,Arctic Shift API
64095d6542efec14,devops,2024-01-10T22:39:42+00:00,0.068,0.793,0.139,0.9058,positivo,,Arctic Shift API
a8e17009107f0417,devops,2021-07-24T15:38:28+00:00,0.0,1.0,0.0,0.0,neutro,,Arctic Shift API
c1ed94a446687e0e,cscareerquestions,2023-10-23T23:45:22+00:00,0.087,0.835,0.078,-0.0637,negativo,,Arctic Shift API
60bbfb62d35152f5,cscareerquestions,2021-11-10T23:25:13+00:00,0.308,0.692,0.0,-0.7694,negativo,,Arctic Shift API
946ccef957758e64,cscareerquestions,2023-04-24T23:23:35+00:00,0.0,0.944,0.056,0.1655,positivo,,Arctic Shift API
45311508dc668166,cscareerquestions,2024-03-14T00:31:21+00:00,0.0,0.761,0.239,0.8561,positivo,,Arctic Shift API
6b4644c0b0ff3c21,cscareerquestions,2021-05-01T23:22:16+00:00,0.0,0.827,0.173,0.5267,positivo,,Arctic Shift API
b066f87190100e15,cscareerquestions,2021-08-26T01:05:13+00:00,0.146,0.74,0.114,-0.6474,negativo,anxiety,Arctic Shift API
6dfef1c667d92106,devops,2021-09-24T05:51:09+00:00,0.075,0.813,0.112,0.9343,positivo,,Arctic Shift API
6c6ac3b4a2bbe127,cscareerquestions,2023-11-01T23:29:50+00:00,0.067,0.846,0.087,0.3528,positivo,,Arctic Shift API
2975b0bf4afd948d,devops,2022-04-15T02:25:54+00:00,0.094,0.84,0.067,-0.0844,negativo,,Arctic Shift API
05f7d58f577309dc,programming,2022-09-16T01:36:40+00:00,0.196,0.804,0.0,-0.7269,negativo,crash,Arctic Shift API
f7a43372c4acf3b1,programming,2022-08-16T00:23:04+00:00,0.094,0.829,0.076,-0.1405,negativo,,Arctic Shift API
2e3b1c1f700e8d06,programming,2021-06-29T01:55:18+00:00,0.305,0.609,0.086,-0.9689,negativo,,Arctic Shift API
0a4ed502e129fa99,devops,2024-12-05T12:07:24+00:00,0.191,0.809,0.0,-0.3818,negativo,,Arctic Shift API
b10546416ff50a43,cscareerquestions,2024-08-17T22:52:50+00:00,0.0,0.853,0.147,0.4497,positivo,,Arctic Shift API
9dc3d3ce6429a279,cscareerquestions,2022-04-21T00:32:49+00:00,0.0,0.656,0.344,0.6369,positivo,,Arctic Shift API
227bebc8d3003ac2,programming,2024-07-31T21:13:59+00:00,0.037,0.904,0.059,0.8327,positivo,,Arctic Shift API
3bb8a33ae69e656a,programming,2023-04-30T01:55:39+00:00,0.148,0.852,0.0,-0.4678,negativo,,Arctic Shift API
0cc48ce9be0aa360,cscareerquestions,2021-11-06T23:30:27+00:00,0.084,0.676,0.24,0.6046,positivo,,Arctic Shift API
2dc43748b05046fe,cscareerquestions,2022-04-27T23:33:43+00:00,0.078,0.784,0.138,0.296,positivo,,Arctic Shift API
59fb94a4d511dd47,cscareerquestions,2023-03-17T00:20:36+00:00,0.193,0.727,0.08,-0.8522,negativo,,Arctic Shift API
72f8d3ae219bab70,devops,2022-11-20T11:15:40+00:00,0.019,0.757,0.224,0.9706,positivo,,Arctic Shift API
ecba9b84c6664c8a,programming,2024-07-18T03:32:19+00:00,0.221,0.731,0.048,-0.8314,negativo,,Arctic Shift API
91253e01d686c25b,devops,2021-03-08T10:20:42+00:00,0.039,0.856,0.105,0.6908,positivo,,Arctic Shift API
77236eb1f4bdb432,devops,2022-12-16T06:34:49+00:00,0.119,0.827,0.054,-0.8519,negativo,bug,Arctic Shift API
6102ee00d37610df,programming,2024-09-10T01:06:30+00:00,0.0,0.892,0.108,0.7579,positivo,,Arctic Shift API
565bad5b6dad0eab,programming,2024-07-24T21:58:17+00:00,0.0,0.759,0.241,0.5859,positivo,,Arctic Shift API
eefff81ec479c39f,programming,2023-11-11T23:00:17+00:00,0.029,0.902,0.069,0.8075,positivo,,Arctic Shift API
af62c3e75ef263d8,programming,2022-07-02T20:42:28+00:00,0.017,0.926,0.056,0.8092,positivo,,Arctic Shift API
748f5e3a2fb5784c,programming,2021-10-18T23:04:19+00:00,0.065,0.81,0.125,0.8773,positivo,,Arctic Shift API
5ed1a62047932844,cscareerquestions,2021-04-24T23:14:15+00:00,0.037,0.853,0.11,0.5256,positivo,,Arctic Shift API
ec7c2f036ce3339f,cscareerquestions,2024-01-12T00:14:17+00:00,0.061,0.652,0.286,0.9314,positivo,,Arctic Shift API
ad7468fa29041096,programming,2024-05-13T22:57:11+00:00,0.0,1.0,0.0,0.0,neutro,,Arctic Shift API
32a1f59e56fb8f17,cscareerquestions,2021-03-25T00:31:25+00:00,0.0,1.0,0.0,0.0,neutro,,Arctic Shift API
bca1daf8e7ba902d,devops,2021-11-10T18:07:42+00:00,0.05,0.797,0.152,0.8006,positivo,,Arctic Shift API
081a30486304b3eb,programming,2024-07-02T02:27:20+00:00,0.203,0.75,0.047,-0.8149,negativo,,Arctic Shift API
4294478cf79722ce,programming,2021-11-09T00:31:24+00:00,0.021,0.927,0.052,0.3966,positivo,,Arctic Shift API
a4963d8ff02789ca,programming,2024-11-03T08:31:58+00:00,0.125,0.762,0.113,-0.296,negativo,,Arctic Shift API
6ea11c85031af482,programming,2024-02-19T21:54:26+00:00,0.204,0.658,0.138,-0.25,negativo,,Arctic Shift API
30be4cda614f0033,programming,2021-05-01T23:30:14+00:00,0.065,0.72,0.215,0.8998,positivo,,Arctic Shift API
1c5ca85ef151e9e9,programming,2024-11-10T04:38:13+00:00,0.053,0.747,0.2,0.7579,positivo,,Arctic Shift API
45b4f0816315b7d8,devops,2021-02-02T15:07:29+00:00,0.083,0.891,0.026,-0.7964,negativo,,Arctic Shift API
9bd494c6995bb8f6,cscareerquestions,2021-12-30T01:00:26+00:00,0.0,1.0,0.0,0.0,neutro,,Arctic Shift API
ddff6bb5dc2192ce,devops,2021-11-04T15:13:33+00:00,0.029,0.885,0.086,0.6908,positivo,,Arctic Shift API
be44c43ef9c2cdd7,devops,2024-02-21T22:40:43+00:00,0.0,0.833,0.167,0.765,positivo,,Arctic Shift API
0e45ab390bf15660,programming,2022-03-09T22:52:31+00:00,0.08,0.92,0.0,-0.0572,negativo,,Arctic Shift API
cfa7d39be0433f1b,devops,2022-06-21T04:57:17+00:00,0.0,0.851,0.149,0.7096,positivo,,Arctic Shift API
e9fb694bec94b03d,cscareerquestions,2022-12-21T23:28:17+00:00,0.0,1.0,0.0,0.0,neutro,,Arctic Shift API
cb3c59f7a559ef4a,cscareerquestions,2024-09-22T00:46:40+00:00,0.023,0.893,0.084,0.6124,positivo,,Arctic Shift API
1839bee9bfc69da7,cscareerquestions,2021-08-05T00:02:37+00:00,0.123,0.711,0.167,0.3315,positivo,,Arctic Shift API
9092040a9a85fadc,cscareerquestions,2023-04-25T00:15:33+00:00,0.147,0.785,0.068,-0.6597,negativo,,Arctic Shift API
6896980489788379,devops,2022-01-16T03:29:49+00:00,0.0,0.933,0.067,0.4754,positivo,,Arctic Shift API
226b6b5593afce6b,cscareerquestions,2021-06-02T23:18:59+00:00,0.0,0.741,0.259,0.7184,positivo,,Arctic Shift API
b80701bf7d7bc2fd,programming,2022-09-10T23:03:41+00:00,0.153,0.545,0.302,0.8247,positivo,,Arctic Shift API
b9d42f21c210795b,cscareerquestions,2022-02-20T00:41:06+00:00,0.019,0.816,0.165,0.8689,positivo,,Arctic Shift API
224756b6249355f4,cscareerquestions,2024-10-11T00:34:11+00:00,0.06,0.872,0.068,0.2448,positivo,,Arctic Shift API
d7a075670b2553e2,programming,2022-11-05T22:19:06+00:00,0.297,0.703,0.0,-0.7469,negativo,,Arctic Shift API
fc637f6805c84102,devops,2022-07-05T07:13:01+00:00,0.045,0.7,0.255,0.9977,positivo,,Arctic Shift API
f949b56d44280163,devops,2024-10-31T13:33:31+00:00,0.257,0.571,0.171,-0.2263,negativo,,Arctic Shift API
6dec4e0ab515b945,programming,2023-11-29T22:41:55+00:00,0.116,0.74,0.144,0.4523,positivo,,Arctic Shift API
eb5b8d466fed8373,cscareerquestions,2023-12-15T01:09:19+00:00,0.042,0.87,0.088,0.5574,positivo,,Arctic Shift API
319c2e8ce6ca0d19,programming,2022-11-27T01:45:30+00:00,0.078,0.861,0.061,-0.204,negativo,,Arctic Shift API
8dfeb59309374beb,cscareerquestions,2023-07-02T00:42:21+00:00,0.0,0.847,0.153,0.713,positivo,,Arctic Shift API
d1f02ffc71f2b7c2,devops,2023-08-30T21:18:41+00:00,0.0,0.867,0.133,0.1531,positivo,,Arctic Shift API
ee522f50c2edd355,cscareerquestions,2024-01-13T23:56:56+00:00,0.237,0.763,0.0,-0.6373,negativo,,Arctic Shift API
d497d82d865d4c79,devops,2023-04-12T22:21:21+00:00,0.07,0.8,0.13,0.2023,positivo,,Arctic Shift API
32a5186bf75d4a20,cscareerquestions,2023-09-12T00:47:29+00:00,0.357,0.486,0.157,-0.5719,negativo,,Arctic Shift API
39e81abb93f683b8,programming,2023-08-07T21:32:29+00:00,0.15,0.625,0.225,0.2946,positivo,,Arctic Shift API
e9c1b24c289966e4,devops,2022-03-29T00:57:03+00:00,0.091,0.848,0.061,0.0,neutro,,Arctic Shift API
19c9e285ae64f020,cscareerquestions,2023-11-23T00:03:22+00:00,0.044,0.763,0.193,0.8401,positivo,,Arctic Shift API
d26f200c8da69bcb,programming,2023-02-02T02:24:24+00:00,0.14,0.86,0.0,-0.6369,negativo,,Arctic Shift API
83f92f591712a087,devops,2021-01-21T11:06:34+00:00,0.0,0.906,0.094,0.4404,positivo,,Arctic Shift API
0219b258141e99d8,cscareerquestions,2022-06-08T23:38:40+00:00,0.176,0.824,0.0,-0.7351,negativo,,Arctic Shift API
337f058714145abd,devops,2023-02-16T01:09:11+00:00,0.0,0.888,0.112,0.5854,positivo,,Arctic Shift API
fd6f36a7f540a874,devops,2021-12-22T20:00:21+00:00,0.063,0.843,0.094,0.0762,positivo,,Arctic Shift API
8b0af7014023fc51,programming,2023-01-13T01:04:31+00:00,0.081,0.842,0.077,-0.0258,neutro,,Arctic Shift API
29b7bbbbee0f78a0,cscareerquestions,2024-08-11T01:16:06+00:00,0.042,0.87,0.088,0.5574,positivo,,Arctic Shift API
ca78d12964c85737,cscareerquestions,2024-08-02T00:39:24+00:00,0.1,0.815,0.085,-0.3752,negativo,,Arctic Shift API
74f21802d48c5c5e,cscareerquestions,2021-10-18T23:38:42+00:00,0.045,0.817,0.138,0.6239,positivo,,Arctic Shift API
9c61eec200a258f0,devops,2021-05-21T04:15:29+00:00,0.0,0.971,0.029,0.1531,positivo,,Arctic Shift API
c920cef4d1018dd9,devops,2021-08-19T05:22:07+00:00,0.062,0.938,0.0,-0.1027,negativo,,Arctic Shift API
afd50ac11dcbc2c5,programming,2023-01-12T01:50:31+00:00,0.0,0.717,0.283,0.743,positivo,,Arctic Shift API
ec722647c57dfae2,programming,2021-05-23T05:53:12+00:00,0.013,0.733,0.254,0.988,positivo,,Arctic Shift API
c1f2498ac0845a61,programming,2024-07-04T00:02:34+00:00,0.126,0.874,0.0,-0.6705,negativo,overload,Arctic Shift API
67353ac14dd90fee,cscareerquestions,2021-07-07T23:47:20+00:00,0.193,0.739,0.067,-0.8538,negativo,,Arctic Shift API
8529f6cd30350a45,devops,2021-03-12T21:20:14+00:00,0.0,1.0,0.0,0.0,neutro,,Arctic Shift API
4cdc1435b4b8f804,devops,2023-11-21T06:32:55+00:00,0.0,0.735,0.265,0.8402,positivo,,Arctic Shift API
d6fa410b58763a1a,devops,2021-03-27T02:14:52+00:00,0.047,0.808,0.145,0.672,positivo,,Arctic Shift API
d862bca6074d9686,cscareerquestions,2023-09-13T23:12:09+00:00,0.0,0.696,0.304,0.782,positivo,,Arctic Shift API
e8518bae7e723d45,cscareerquestions,2021-12-06T23:52:06+00:00,0.059,0.853,0.089,0.2023,positivo,,Arctic Shift API
07283c19de745f15,devops,2021-07-06T05:42:24+00:00,0.0,1.0,0.0,0.0,neutro,,Arctic Shift API
ae6e9051d896b590,cscareerquestions,2022-08-09T00:24:11+00:00,0.111,0.857,0.032,-0.7806,negativo,,Arctic Shift API
1d69326c074325c7,cscareerquestions,2021-07-26T23:39:14+00:00,0.136,0.804,0.061,-0.6778,negativo,,Arctic Shift API
911ae5bf5b2df010,cscareerquestions,2023-10-02T23:17:57+00:00,0.143,0.681,0.176,0.4411,positivo,,Arctic Shift API
44e4682176b9a36b,devops,2023-10-19T01:06:59+00:00,0.086,0.847,0.067,-0.0249,neutro,,Arctic Shift API
8fa755f68aee2c55,cscareerquestions,2022-01-05T23:11:11+00:00,0.03,0.883,0.087,0.3291,positivo,,Arctic Shift API
4853e8fca18b49f0,devops,2022-01-09T13:55:27+00:00,0.0,0.952,0.048,0.6187,positivo,,Arctic Shift API
37d87f2e3e54fc68,programming,2024-12-16T23:27:32+00:00,0.0,0.905,0.095,0.5423,positivo,,Arctic Shift API
fee0225c9a607e27,programming,2022-06-01T22:01:02+00:00,0.0,1.0,0.0,0.0,neutro,,Arctic Shift API
e11c80c5424a44b7,cscareerquestions,2022-01-01T23:43:29+00:00,0.0,0.793,0.207,0.5661,positivo,,Arctic Shift API
d89e8bfa0a09db63,cscareerquestions,2022-03-15T01:36:16+00:00,0.021,0.866,0.113,0.6808,positivo,,Arctic Shift API
bb4bf5b81aa8c872,devops,2023-12-24T10:36:13+00:00,0.0,0.739,0.261,0.8335,positivo,,Arctic Shift API
7d65f159592edfbf,cscareerquestions,2024-07-05T00:23:10+00:00,0.148,0.785,0.066,-0.8552,negativo,,Arctic Shift API
ec91b88eee0bc48c,programming,2024-07-19T01:52:56+00:00,0.021,0.924,0.056,0.4111,positivo,pressure,Arctic Shift API
3207aa6ec4122c8c,cscareerquestions,2022-09-14T22:56:41+00:00,0.0,1.0,0.0,0.0,neutro,,Arctic Shift API
72e334c18ede0d89,devops,2022-07-22T05:06:33+00:00,0.0,1.0,0.0,0.0,neutro,,Arctic Shift API
2f27babc0547eb8c,cscareerquestions,2023-09-04T23:33:37+00:00,0.042,0.87,0.088,0.5574,positivo,,Arctic Shift API
8f9de8a69c43102f,programming,2023-04-06T02:19:03+00:00,0.0,0.774,0.226,0.7845,positivo,,Arctic Shift API
54d1f607940260f5,devops,2023-03-06T21:56:45+00:00,0.0,0.866,0.134,0.6187,positivo,,Arctic Shift API
7fe0d035d4387698,programming,2023-12-19T02:48:49+00:00,0.0,0.828,0.172,0.4404,positivo,,Arctic Shift API
32d3b9987dcd744e,programming,2023-10-23T20:39:59+00:00,0.0,1.0,0.0,0.0,neutro,,Arctic Shift API
e09c0ba6847b6fb5,programming,2021-04-18T08:14:18+00:00,0.077,0.847,0.077,0.0,neutro,,Arctic Shift API
700f87c4e777aeed,devops,2021-09-26T00:17:36+00:00,0.016,0.934,0.049,0.5838,positivo,,Arctic Shift API
0b4ce6029fabfa7d,cscareerquestions,2024-09-17T00:12:08+00:00,0.083,0.818,0.099,0.3783,positivo,,Arctic Shift API
a6841690890d894f,programming,2023-10-06T04:11:40+00:00,0.0,0.888,0.112,0.4404,positivo,,Arctic Shift API
8799d9f913f7e756,cscareerquestions,2024-02-28T23:37:40+00:00,0.293,0.586,0.12,-0.765,negativo,,Arctic Shift API
92f20a5c2b1aaf0a,programming,2021-11-27T23:00:06+00:00,0.0,0.874,0.126,0.3182,positivo,,Arctic Shift API
246cad64ce1b9511,devops,2022-04-09T17:07:43+00:00,0.021,0.979,0.0,-0.296,negativo,,Arctic Shift API
e1612d76e898c1cc,cscareerquestions,2024-07-26T00:58:06+00:00,0.0,0.794,0.206,0.8636,positivo,,Arctic Shift API
bb8a97f9a75782ba,cscareerquestions,2023-12-06T23:41:16+00:00,0.0,0.871,0.129,0.6369,positivo,,Arctic Shift API
a1dbbf47d00f17fb,programming,2022-08-23T01:54:56+00:00,0.051,0.747,0.202,0.9784,positivo,overtime,Arctic Shift API
9a03925059ca3258,programming,2024-04-20T22:56:59+00:00,0.166,0.719,0.116,-0.1531,negativo,,Arctic Shift API
66b616ed2b25f1b8,programming,2021-10-26T03:33:34+00:00,0.039,0.961,0.0,-0.128,negativo,,Arctic Shift API
0f1db8ddcacfc792,cscareerquestions,2023-03-25T22:49:32+00:00,0.051,0.864,0.085,0.5552,positivo,,Arctic Shift API
5e02684b30fa247b,devops,2023-10-13T05:15:30+00:00,0.0,1.0,0.0,0.0,neutro,,Arctic Shift API
63d1f4ad719d57af,cscareerquestions,2023-09-28T00:20:13+00:00,0.018,0.893,0.089,0.8225,positivo,,Arctic Shift API
ca3e4821d4f8a723,cscareerquestions,2022-02-08T00:21:40+00:00,0.0,0.85,0.15,0.4588,positivo,,Arctic Shift API
6f2e553d171906ec,programming,2022-02-16T23:12:20+00:00,0.048,0.891,0.061,0.1531,positivo,,Arctic Shift API
8ef481753d343af9,cscareerquestions,2021-11-10T23:57:54+00:00,0.056,0.859,0.086,0.3164,positivo,,Arctic Shift API
d2a3a44da5873002,programming,2024-09-03T00:32:36+00:00,0.092,0.696,0.212,0.765,positivo,,Arctic Shift API
c10400550622f057,cscareerquestions,2023-10-30T23:14:25+00:00,0.007,0.857,0.135,0.9744,positivo,,Arctic Shift API
1de5a4cb8d66c576,devops,2024-12-08T12:31:40+00:00,0.132,0.614,0.254,0.34,positivo,,Arctic Shift API
d1f1e12ba50d8c0f,programming,2023-10-31T02:32:27+00:00,0.037,0.858,0.105,0.8836,positivo,pressure,Arctic Shift API
075f690200c6bd26,cscareerquestions,2022-07-22T00:55:09+00:00,0.088,0.767,0.145,0.611,positivo,stress; stressful; exhaustion,Arctic Shift API
0572d5212bf1efbd,programming,2021-05-07T02:23:28+00:00,0.0,0.762,0.238,0.3612,positivo,,Arctic Shift API
b57045ce8d063879,devops,2024-07-26T02:05:24+00:00,0.084,0.845,0.071,-0.1531,negativo,,Arctic Shift API
32a123abf910262e,devops,2024-01-29T21:01:14+00:00,0.0,0.954,0.046,0.4404,positivo,,Arctic Shift API
b83e9448f606b31a,devops,2022-02-06T09:05:32+00:00,0.0,0.906,0.094,0.6597,positivo,,Arctic Shift API
67b7f0fc748f58b8,devops,2024-10-14T21:27:33+00:00,0.0,0.891,0.109,0.6137,positivo,,Arctic Shift API
0c00db27c26e9dae,cscareerquestions,2021-01-01T01:27:36+00:00,0.0,0.898,0.102,0.2617,positivo,,Arctic Shift API
4a65aadd76ddaaa6,cscareerquestions,2024-11-18T23:36:01+00:00,0.08,0.657,0.263,0.6597,positivo,,Arctic Shift API
b5d488aa03a4f598,cscareerquestions,2022-05-31T00:52:06+00:00,0.097,0.729,0.174,0.594,positivo,,Arctic Shift API
e8c741e6fc9b3c07,programming,2023-10-19T00:33:16+00:00,0.0,1.0,0.0,0.0,neutro,,Arctic Shift API
330bf81adc59a244,programming,2023-05-08T22:30:31+00:00,0.023,0.798,0.179,0.8538,positivo,,Arctic Shift API
7e2ec6fd7560bc90,cscareerquestions,2024-05-04T23:55:00+00:00,0.062,0.86,0.078,0.1655,positivo,,Arctic Shift API
1824acbd1295222c,programming,2022-07-21T00:05:00+00:00,0.053,0.807,0.14,0.8519,positivo,,Arctic Shift API
a2f9e38a7db9a3b8,devops,2024-06-22T15:36:18+00:00,0.063,0.883,0.054,-0.0772,negativo,,Arctic Shift API
f35cbac6ef6fa26e,devops,2023-11-19T00:18:10+00:00,0.0,0.886,0.114,0.4019,positivo,,Arctic Shift API
24107603b6eb1265,devops,2023-11-06T21:06:23+00:00,0.038,0.803,0.159,0.775,positivo,workload,Arctic Shift API
e897d2860112b500,devops,2024-04-29T20:45:32+00:00,0.0,1.0,0.0,0.0,neutro,,Arctic Shift API
950e93a4f30fc986,devops,2021-05-04T14:02:33+00:00,0.0,0.893,0.107,0.9847,positivo,,Arctic Shift API
76379ef409a2e761,devops,2023-07-23T07:54:04+00:00,0.115,0.641,0.244,0.4588,positivo,,Arctic Shift API
f9a393fa78d1a1f7,cscareerquestions,2021-09-21T00:31:40+00:00,0.0,0.891,0.109,0.7664,positivo,,Arctic Shift API
e90e9489cf0f65c9,devops,2024-08-06T02:35:24+00:00,0.144,0.494,0.362,0.4537,positivo,,Arctic Shift API
7b58bd1d4e12d332,programming,2022-12-25T06:00:08+00:00,0.0,0.836,0.164,0.6486,positivo,,Arctic Shift API
fd18b4845eca6467,devops,2022-03-06T00:17:18+00:00,0.157,0.843,0.0,-0.2617,negativo,,Arctic Shift API
dbe9a468a5e1cca0,programming,2021-10-20T22:10:23+00:00,0.0,0.8,0.2,0.3612,positivo,,Arctic Shift API
12d4089d20665f2e,programming,2023-07-28T01:48:48+00:00,0.034,0.876,0.091,0.5828,positivo,,Arctic Shift API
9980bb81088fc09b,cscareerquestions,2022-03-12T23:23:50+00:00,0.174,0.623,0.203,0.2115,positivo,,Arctic Shift API
06a5ee54fcdf145e,cscareerquestions,2023-01-18T23:16:37+00:00,0.0,1.0,0.0,0.0,neutro,,Arctic Shift API
9e9fb86cecc96cf3,programming,2021-04-03T23:33:49+00:00,0.0,1.0,0.0,0.0,neutro,,Arctic Shift API
5b6e6f2b89c7d0d0,devops,2022-06-04T17:11:14+00:00,0.111,0.751,0.138,0.296,positivo,,Arctic Shift API
fa24fd97539d54af,cscareerquestions,2021-01-22T00:31:35+00:00,0.057,0.795,0.149,0.5654,positivo,,Arctic Shift API
6217bb5fc66c46f0,devops,2023-02-06T16:39:25+00:00,0.086,0.761,0.153,0.7684,positivo,,Arctic Shift API
eb69464e651e2b7e,devops,2022-03-04T07:33:58+00:00,0.0,0.802,0.198,0.92,positivo,workload,Arctic Shift API
242ed55585958464,cscareerquestions,2023-08-20T00:00:56+00:00,0.0,1.0,0.0,0.0,neutro,,Arctic Shift API
7826e1c7b3618873,programming,2021-02-15T21:48:12+00:00,0.039,0.869,0.091,0.4596,positivo,,Arctic Shift API
9b16a8139129d4af,cscareerquestions,2024-01-24T23:21:31+00:00,0.0,0.629,0.371,0.7096,positivo,,Arctic Shift API
e5cc464692d4725b,programming,2023-12-17T01:08:18+00:00,0.041,0.805,0.153,0.6597,positivo,,Arctic Shift API
5ee5804249e8a278,programming,2023-04-05T23:57:17+00:00,0.0,0.814,0.186,0.7184,positivo,,Arctic Shift API
553cbd9d1387168e,devops,2024-01-20T19:15:17+00:00,0.0,1.0,0.0,0.0,neutro,,Arctic Shift API
0f099766612f78f6,cscareerquestions,2022-10-01T23:23:27+00:00,0.365,0.635,0.0,-0.3182,negativo,,Arctic Shift API
5e2835d48fcec9da,devops,2022-03-29T09:27:59+00:00,0.0,1.0,0.0,0.0,neutro,,Arctic Shift API
d16566a36b11fa3e,cscareerquestions,2023-12-12T00:47:25+00:00,0.0,0.714,0.286,0.2975,positivo,,Arctic Shift API
dcdcdc320df9e93a,devops,2024-09-13T03:44:12+00:00,0.0,1.0,0.0,0.0,neutro,,Arctic Shift API
f4713383d77a09cd,cscareerquestions,2023-11-01T23:27:27+00:00,0.174,0.72,0.106,-0.1531,negativo,,Arctic Shift API
80322aad71521f4c,cscareerquestions,2021-07-22T00:52:00+00:00,0.026,0.818,0.156,0.7579,positivo,,Arctic Shift API
2094aa706a9205ff,cscareerquestions,2023-02-17T00:28:28+00:00,0.0,0.9,0.1,0.7432,positivo,,Arctic Shift API
1f6043b3973041cf,programming,2021-11-26T00:03:15+00:00,0.025,0.735,0.24,0.9695,positivo,,Arctic Shift API
242dd2ad34d918c1,cscareerquestions,2021-05-18T00:39:03+00:00,0.0,1.0,0.0,0.0,neutro,,Arctic Shift API
6558ade5efa37bb0,cscareerquestions,2024-04-17T23:38:52+00:00,0.126,0.874,0.0,-0.4096,negativo,,Arctic Shift API
7872c51b3632917d,cscareerquestions,2024-09-28T23:32:28+00:00,0.023,0.938,0.039,0.2263,positivo,,Arctic Shift API
f4317ce2ab21170a,programming,2023-02-15T21:42:25+00:00,0.0,1.0,0.0,0.0,neutro,,Arctic Shift API
f748d495cfcdbb84,programming,2021-06-16T22:39:36+00:00,0.0,0.949,0.051,0.3774,positivo,,Arctic Shift API
5f90549bc01c1909,devops,2024-10-02T22:34:14+00:00,0.0,0.798,0.202,0.5106,positivo,,Arctic Shift API
cda46486f271d861,devops,2024-01-03T21:38:34+00:00,0.158,0.842,0.0,-0.3089,negativo,,Arctic Shift API
0c64cfb1f8a8d458,programming,2024-06-29T21:57:16+00:00,0.062,0.938,0.0,-0.3818,negativo,,Arctic Shift API
59ce17bfd76ca5ad,devops,2024-08-10T20:47:59+00:00,0.0,0.898,0.102,0.3818,positivo,,Arctic Shift API
0421a7eb5aa4b2dc,programming,2023-01-21T21:33:37+00:00,0.0,0.445,0.555,0.8745,positivo,,Arctic Shift API
97a2b26c76d9bb44,devops,2023-03-29T22:28:53+00:00,0.0,0.825,0.175,0.797,positivo,,Arctic Shift API
784420954c97f59e,devops,2022-08-04T05:37:52+00:00,0.0,0.861,0.139,0.6369,positivo,,Arctic Shift API
dcaf90550c8e0a3a,programming,2024-08-30T01:22:49+00:00,0.012,0.753,0.235,0.9586,positivo,,Arctic Shift API
9b0838fddb9d5e27,devops,2023-09-10T13:17:07+00:00,0.132,0.746,0.123,0.2023,positivo,,Arctic Shift API
2c47a562b072624e,programming,2023-09-27T22:52:54+00:00,0.0,0.809,0.191,0.2225,positivo,,Arctic Shift API
25a9f06b0d85cedf,cscareerquestions,2022-03-24T00:01:41+00:00,0.145,0.855,0.0,-0.296,negativo,,Arctic Shift API
038047ae9cc8faff,devops,2022-12-19T21:28:33+00:00,0.015,0.985,0.0,-0.0772,negativo,,Arctic Shift API
2964571423377398,devops,2022-05-12T06:18:24+00:00,0.0,0.967,0.033,0.2732,positivo,,Arctic Shift API
5d18ad6247f924ed,programming,2023-12-22T03:12:55+00:00,0.209,0.791,0.0,-0.6486,negativo,,Arctic Shift API
447d2b9b20b608ea,programming,2021-09-16T01:42:35+00:00,0.0,0.758,0.242,0.3736,positivo,,Arctic Shift API
28cfd3524856a06f,devops,2021-08-14T06:18:38+00:00,0.064,0.815,0.12,0.5271,positivo,exhausting,Arctic Shift API
c905e7b9bbd3458e,cscareerquestions,2021-05-20T00:17:31+00:00,0.125,0.875,0.0,-0.5106,negativo,,Arctic Shift API
658056e3df99edff,devops,2022-11-11T00:15:31+00:00,0.0,1.0,0.0,0.0,neutro,,Arctic Shift API
83bea94f0490a948,programming,2024-04-26T02:05:58+00:00,0.089,0.876,0.035,-0.8398,negativo,incident,Arctic Shift API
a7299c9020ae2896,cscareerquestions,2023-10-03T00:14:36+00:00,0.0,1.0,0.0,0.0,neutro,,Arctic Shift API
537bd0c83324113e,cscareerquestions,2023-09-07T00:37:15+00:00,0.0,0.732,0.268,0.6588,positivo,,Arctic Shift API
66db513ebfa680bb,cscareerquestions,2023-06-11T00:18:47+00:00,0.0,1.0,0.0,0.0,neutro,,Arctic Shift API
b72b3fd2184bd8fd,programming,2022-04-08T00:07:57+00:00,0.0,1.0,0.0,0.0,neutro,,Arctic Shift API
8a6f0be3ef8607d7,programming,2023-03-15T23:31:02+00:00,0.0,0.934,0.066,0.2263,positivo,,Arctic Shift API
840688b91503cf16,programming,2023-09-03T02:08:58+00:00,0.036,0.881,0.083,0.8901,positivo,bug,Arctic Shift API
a05e422992075c8f,devops,2021-06-02T15:23:33+00:00,0.0,1.0,0.0,0.0,neutro,,Arctic Shift API
ecdb142477cd7a6e,devops,2024-04-10T22:44:32+00:00,0.021,0.745,0.235,0.9718,positivo,,Arctic Shift API
131d3486ee57a504,programming,2022-04-21T00:50:22+00:00,0.056,0.886,0.058,0.0387,neutro,,Arctic Shift API
50c55687277e2727,cscareerquestions,2023-11-03T00:46:22+00:00,0.027,0.809,0.164,0.9784,positivo,,Arctic Shift API
2356d5acc980166b,programming,2024-07-16T01:56:47+00:00,0.035,0.938,0.027,0.09,positivo,,Arctic Shift API
98367ce8f81f84fe,programming,2024-06-06T02:45:04+00:00,0.08,0.846,0.074,-0.128,negativo,,Arctic Shift API
9ecf792351216d8e,programming,2023-08-05T20:19:41+00:00,0.0,0.796,0.204,0.7096,positivo,,Arctic Shift API
298135f96023ddcb,devops,2021-07-24T23:44:43+00:00,0.128,0.732,0.14,0.0516,positivo,,Arctic Shift API
ec4eefede7e50e50,programming,2023-01-24T00:43:40+00:00,0.05,0.852,0.098,0.296,positivo,,Arctic Shift API
1ba3de540f26dcf1,programming,2021-06-23T23:25:52+00:00,0.129,0.871,0.0,-0.6114,negativo,,Arctic Shift API
f3955e271079112e,programming,2024-04-17T17:34:03+00:00,0.0,1.0,0.0,0.0,neutro,,Arctic Shift API
54d43726e5922458,programming,2023-07-30T02:54:40+00:00,0.038,0.87,0.092,0.25,positivo,,Arctic Shift API
65f163c544f9e976,devops,2024-07-27T21:34:26+00:00,0.0,0.905,0.095,0.2716,positivo,,Arctic Shift API
c77b5dc1aeb947ee,devops,2021-11-30T01:51:19+00:00,0.0,0.732,0.268,0.9453,positivo,,Arctic Shift API
554436a2ae99d3c5,devops,2024-02-15T05:11:37+00:00,0.113,0.755,0.132,0.3384,positivo,,Arctic Shift API
5c2541275c0b7649,cscareerquestions,2024-02-18T00:25:48+00:00,0.196,0.804,0.0,-0.4847,negativo,,Arctic Shift API
188b0978ea5da00d,cscareerquestions,2024-05-07T00:34:58+00:00,0.199,0.602,0.199,0.0,neutro,,Arctic Shift API
d82275fc19d0b42f,devops,2022-01-08T19:24:05+00:00,0.0,0.539,0.461,0.7178,positivo,,Arctic Shift API
70e55068f04353af,cscareerquestions,2021-04-27T00:54:33+00:00,0.013,0.881,0.107,0.8769,positivo,,Arctic Shift API
489f8ca7e2fad56b,devops,2023-07-20T03:08:01+00:00,0.0,0.864,0.136,0.2617,positivo,,Arctic Shift API
cdfa42e471426378,programming,2022-08-04T03:34:47+00:00,0.306,0.694,0.0,-0.296,negativo,,Arctic Shift API
260339a53d885560,programming,2022-09-29T01:38:22+00:00,0.123,0.877,0.0,-0.2732,negativo,,Arctic Shift API
517ffb610879fda2,cscareerquestions,2021-08-30T23:23:15+00:00,0.064,0.882,0.054,-0.0951,negativo,,Arctic Shift API
841e1fb9bc8de3fa,programming,2023-12-30T23:02:40+00:00,0.155,0.845,0.0,-0.296,negativo,,Arctic Shift API
3e68e67d2f3c1825,cscareerquestions,2021-05-28T00:08:00+00:00,0.0,1.0,0.0,0.0,neutro,,Arctic Shift API
5c7f2773b8a7c90a,cscareerquestions,2023-04-30T00:11:02+00:00,0.0,0.936,0.064,0.1779,positivo,,Arctic Shift API
37460733554f0aee,devops,2022-02-09T19:05:38+00:00,0.0,0.874,0.126,0.2617,positivo,,Arctic Shift API
0c48839c349244a3,devops,2023-08-30T21:25:32+00:00,0.073,0.819,0.108,0.2354,positivo,,Arctic Shift API
06faf11dcb31ff58,devops,2024-03-19T02:29:49+00:00,0.081,0.743,0.176,0.8248,positivo,,Arctic Shift API
a385a55e82401e54,programming,2021-06-23T23:56:10+00:00,0.189,0.811,0.0,-0.2732,negativo,,Arctic Shift API
18aca5947d4b362d,programming,2022-04-17T01:45:48+00:00,0.153,0.709,0.138,-0.3597,negativo,,Arctic Shift API
8532311bd89c74c6,cscareerquestions,2024-07-18T00:54:49+00:00,0.0,0.929,0.071,0.2263,positivo,,Arctic Shift API
f90ffae4bdfda39f,programming,2022-09-25T00:26:19+00:00,0.095,0.905,0.0,-0.296,negativo,,Arctic Shift API
8a557d68628f099d,cscareerquestions,2022-05-20T00:28:46+00:00,0.0,0.851,0.149,0.802,positivo,,Arctic Shift API
41e5bf0ec6b24bac,cscareerquestions,2024-10-11T00:15:44+00:00,0.0,0.944,0.056,0.5423,positivo,,Arctic Shift API
bf296a02563c5609,devops,2023-10-29T14:31:03+00:00,0.0,1.0,0.0,0.0,neutro,,Arctic Shift API
eb8a8193a24144fe,devops,2022-08-06T18:52:06+00:00,0.181,0.698,0.121,-0.4963,negativo,stress; stressful,Arctic Shift API
db6e207fbbc35729,programming,2024-03-14T01:56:36+00:00,0.038,0.777,0.185,0.8219,positivo,,Arctic Shift API
14a7b7b95b091c13,programming,2024-02-19T22:56:58+00:00,0.153,0.847,0.0,-0.631,negativo,,Arctic Shift API
a8df65b6febe8e20,cscareerquestions,2024-12-27T00:01:30+00:00,0.0,0.865,0.135,0.4785,positivo,,Arctic Shift API
4ca4404db0d22a42,cscareerquestions,2021-05-19T23:46:35+00:00,0.092,0.787,0.121,0.6124,positivo,,Arctic Shift API
a0c94a6270fb945f,programming,2021-10-23T21:55:47+00:00,0.067,0.933,0.0,-0.3017,negativo,,Arctic Shift API
7227a93354ea6209,devops,2022-12-29T07:40:41+00:00,0.0,0.75,0.25,0.6124,positivo,,Arctic Shift API
9885a83437bd8ec1,devops,2022-09-08T08:15:36+00:00,0.05,0.786,0.164,0.7603,positivo,,Arctic Shift API
71b110b94823a10c,devops,2022-04-18T20:31:57+00:00,0.0,1.0,0.0,0.0,neutro,,Arctic Shift API
53553dd2ca9f7d6b,programming,2021-01-09T22:43:04+00:00,0.059,0.813,0.128,0.9991,positivo,,Arctic Shift API
01bb8edb5c395bcf,cscareerquestions,2023-08-07T23:48:10+00:00,0.19,0.724,0.086,-0.4588,negativo,,Arctic Shift API
078f6dc50b60c910,programming,2022-10-23T01:22:01+00:00,0.067,0.748,0.185,0.7165,positivo,,Arctic Shift API
93e6d171c2db3bf4,devops,2022-03-17T04:35:55+00:00,0.044,0.898,0.058,0.4659,positivo,,Arctic Shift API
8cc3928998404a35,devops,2022-02-09T17:15:19+00:00,0.019,0.981,0.0,-0.3491,negativo,,Arctic Shift API
6885578e08942fee,cscareerquestions,2024-04-05T00:57:20+00:00,0.0,1.0,0.0,0.0,neutro,,Arctic Shift API
657fe93373063dcd,cscareerquestions,2021-12-14T00:45:53+00:00,0.0,1.0,0.0,0.0,neutro,,Arctic Shift API
b2a91dac7e12de90,cscareerquestions,2021-09-05T00:17:48+00:00,0.127,0.809,0.064,-0.2732,negativo,,Arctic Shift API
b3fd6ee863ad2cab,cscareerquestions,2023-08-04T00:11:57+00:00,0.158,0.801,0.042,-0.9931,negativo,tired,Arctic Shift API
1dd673d36abee4ec,programming,2021-08-18T22:46:56+00:00,0.0,0.779,0.221,0.5267,positivo,,Arctic Shift API
8663a71820cb6f10,programming,2021-11-28T00:00:10+00:00,0.0,0.945,0.055,0.2023,positivo,,Arctic Shift API
5ebce1646fe5a955,cscareerquestions,2021-06-06T00:07:29+00:00,0.026,0.921,0.053,0.1705,positivo,,Arctic Shift API
72cf81909cffd2ee,cscareerquestions,2023-11-05T00:12:13+00:00,0.064,0.762,0.174,0.8402,positivo,,Arctic Shift API
b4186222add8358e,programming,2023-09-16T22:16:37+00:00,0.122,0.738,0.14,0.2366,positivo,,Arctic Shift API
7c69bcd4ef644e39,cscareerquestions,2021-02-20T23:56:54+00:00,0.05,0.705,0.245,0.981,positivo,stress,Arctic Shift API
7557855db5bad355,programming,2022-04-04T21:49:20+00:00,0.062,0.822,0.116,0.6392,positivo,,Arctic Shift API
08dabd65db82dfae,devops,2021-04-23T15:08:30+00:00,0.0,0.877,0.123,0.4215,positivo,,Arctic Shift API
a299293fb9468d4c,cscareerquestions,2022-10-06T00:53:42+00:00,0.0,0.928,0.072,0.4926,positivo,,Arctic Shift API
56cd498d94fffe76,cscareerquestions,2023-10-29T00:22:27+00:00,0.0,0.831,0.169,0.8303,positivo,,Arctic Shift API
83fd17b98f068e6c,cscareerquestions,2023-02-24T00:25:51+00:00,0.083,0.605,0.312,0.9615,positivo,,Arctic Shift API
6e09e63ce0b18352,devops,2022-04-24T00:48:32+00:00,0.189,0.714,0.097,-0.2973,negativo,,Arctic Shift API
3fa03a24f3d96995,cscareerquestions,2022-05-10T00:20:26+00:00,0.099,0.841,0.06,-0.8112,negativo,,Arctic Shift API
3226ab62fc8dfca4,programming,2022-07-07T01:00:37+00:00,0.0,1.0,0.0,0.0,neutro,,Arctic Shift API
bdb94eb1d8fbf5f7,programming,2023-10-02T23:16:47+00:00,0.058,0.731,0.211,0.9803,positivo,,Arctic Shift API
c8b8f7111fe0849f,cscareerquestions,2022-01-16T00:57:17+00:00,0.208,0.537,0.255,0.1779,positivo,,Arctic Shift API
b9ab3408d255f4b3,programming,2023-12-05T00:19:01+00:00,0.0,0.915,0.085,0.0762,positivo,,Arctic Shift API
8439691b5ed398df,programming,2022-08-12T00:12:59+00:00,0.063,0.799,0.138,0.3892,positivo,,Arctic Shift API
abbb8c210ef62d18,cscareerquestions,2024-04-16T00:27:20+00:00,0.0,0.95,0.05,0.1779,positivo,,Arctic Shift API
0735a4932bcd232f,cscareerquestions,2021-06-11T00:29:47+00:00,0.416,0.373,0.211,-0.5093,negativo,,Arctic Shift API
25b692316911c7cb,devops,2022-08-11T08:56:46+00:00,0.0,0.476,0.524,0.9022,positivo,,Arctic Shift API
a9446424128bea60,programming,2023-02-13T23:43:41+00:00,0.084,0.732,0.184,0.6428,positivo,,Arctic Shift API
2ab41a968f1d88cb,programming,2021-12-16T00:43:36+00:00,0.24,0.76,0.0,-0.6249,negativo,,Arctic Shift API
b91ceed0d52f373e,devops,2022-01-15T22:44:19+00:00,0.0,1.0,0.0,0.0,neutro,,Arctic Shift API
af9e6958f5dc92d1,devops,2021-02-01T08:38:12+00:00,0.03,0.781,0.189,0.9955,positivo,,Arctic Shift API
ce5cdabb5d919a36,devops,2024-09-06T05:57:25+00:00,0.027,0.932,0.041,0.2633,positivo,,Arctic Shift API
3923139acdb87164,programming,2022-10-28T02:35:23+00:00,0.209,0.724,0.067,-0.6486,negativo,,Arctic Shift API
6b9470adb810f6e9,cscareerquestions,2023-12-24T00:02:11+00:00,0.071,0.764,0.165,0.5859,positivo,,Arctic Shift API
96e4de220a699989,programming,2022-04-08T00:54:31+00:00,0.0,1.0,0.0,0.0,neutro,,Arctic Shift API
76a52d4658262f68,cscareerquestions,2021-08-20T00:37:28+00:00,0.0,0.909,0.091,0.0772,positivo,,Arctic Shift API
0d58316ce027c66a,programming,2023-08-24T04:54:59+00:00,0.238,0.762,0.0,-0.3612,negativo,,Arctic Shift API
74cb0a5e78853b23,devops,2024-07-14T00:26:41+00:00,0.0,0.71,0.29,0.5994,positivo,,Arctic Shift API
885b62fc9a058315,programming,2023-09-16T23:00:04+00:00,0.0,0.838,0.162,0.9538,positivo,bug,Arctic Shift API
86f4e28472d4aba1,programming,2022-03-14T20:41:56+00:00,0.03,0.796,0.173,0.8201,positivo,,Arctic Shift API
7744a927f4cca665,cscareerquestions,2024-10-08T00:07:35+00:00,0.0,0.918,0.082,0.1531,positivo,,Arctic Shift API
5f8bfad590ee737e,devops,2022-10-01T23:04:51+00:00,0.02,0.911,0.069,0.4155,positivo,,Arctic Shift API
832919e9a40e8e15,devops,2021-01-28T15:39:12+00:00,0.185,0.815,0.0,-0.6994,negativo,,Arctic Shift API
230326268e234577,programming,2023-10-26T00:05:37+00:00,0.183,0.784,0.034,-0.7689,negativo,,Arctic Shift API
48d4ede7850e29e6,cscareerquestions,2022-03-10T00:36:37+00:00,0.236,0.764,0.0,-0.5719,negativo,,Arctic Shift API
840f11dc1f27f479,cscareerquestions,2023-09-10T00:10:45+00:00,0.126,0.8,0.074,-0.2579,negativo,,Arctic Shift API
05efc4483a5eda38,devops,2023-07-18T03:23:47+00:00,0.0,0.922,0.078,0.5719,positivo,,Arctic Shift API
ccc0ccf7e71ea72b,programming,2023-02-22T23:16:17+00:00,0.177,0.71,0.113,-0.4404,negativo,,Arctic Shift API
16df2a1d410478d9,cscareerquestions,2021-03-19T00:25:22+00:00,0.0,0.907,0.093,0.3527,positivo,,Arctic Shift API
eb7bbdc1a6a842a9,cscareerquestions,2023-07-07T00:09:47+00:00,0.124,0.618,0.258,0.3832,positivo,,Arctic Shift API
b22e4f2a4d7c47d6,programming,2023-04-01T21:53:47+00:00,0.062,0.876,0.062,0.0,neutro,,Arctic Shift API
e6dfaf503c81a2d6,devops,2022-10-15T20:41:07+00:00,0.0,0.89,0.11,0.3818,positivo,,Arctic Shift API
1fb6e303388449a4,programming,2021-12-06T23:22:12+00:00,0.116,0.785,0.099,-0.6298,negativo,,Arctic Shift API
f8c577eb48bdc41f,programming,2021-04-25T01:10:41+00:00,0.105,0.802,0.092,-0.3506,negativo,bug,Arctic Shift API
1f0f76fee143d1c7,cscareerquestions,2021-02-16T00:40:12+00:00,0.066,0.791,0.143,0.6254,positivo,,Arctic Shift API
65a4619f9b9fef59,cscareerquestions,2023-10-28T22:44:28+00:00,0.043,0.754,0.202,0.836,positivo,,Arctic Shift API
e5b8a42703fdd817,devops,2023-10-29T14:25:32+00:00,0.109,0.891,0.0,-0.6322,negativo,,Arctic Shift API
c8f3791de9088c2a,devops,2022-07-22T00:49:24+00:00,0.0,0.792,0.208,0.2732,positivo,,Arctic Shift API
13a6a14bbdbfecf6,cscareerquestions,2023-04-07T00:31:34+00:00,0.198,0.523,0.279,0.3201,positivo,,Arctic Shift API
fadb580b23ee28b0,programming,2022-03-30T23:53:33+00:00,0.0,0.803,0.197,0.765,positivo,,Arctic Shift API
b880eae623d0ec46,devops,2022-02-13T00:06:13+00:00,0.095,0.782,0.123,0.128,positivo,,Arctic Shift API
012025c75b6bf91c,programming,2023-06-08T01:20:48+00:00,0.0,0.903,0.097,0.6652,positivo,,Arctic Shift API
408713924addc9ac,cscareerquestions,2024-08-19T23:20:56+00:00,0.225,0.634,0.141,-0.1793,negativo,,Arctic Shift API
6fff1664d7b6464e,cscareerquestions,2021-08-12T00:34:35+00:00,0.0,1.0,0.0,0.0,neutro,,Arctic Shift API
69733bea82055210,devops,2023-06-04T07:15:49+00:00,0.08,0.87,0.05,-0.4373,negativo,,Arctic Shift API
5a4c1422402c2385,programming,2021-07-15T02:35:52+00:00,0.316,0.62,0.063,-0.8467,negativo,,Arctic Shift API
f05158e818d47754,devops,2022-12-22T01:41:59+00:00,0.159,0.841,0.0,-0.6476,negativo,,Arctic Shift API
70fcb00cfcbf8b16,devops,2023-10-16T19:53:15+00:00,0.033,0.887,0.08,0.3204,positivo,incident,Arctic Shift API
abbdf6ba21961ae8,programming,2023-02-08T23:09:10+00:00,0.15,0.85,0.0,-0.5267,negativo,,Arctic Shift API
646c89c62851fdbe,programming,2023-12-30T23:07:17+00:00,0.0,0.694,0.306,0.765,positivo,,Arctic Shift API
5439b5f1330f8ba7,cscareerquestions,2021-04-14T22:44:31+00:00,0.0,0.777,0.223,0.802,positivo,,Arctic Shift API
5b7ec5ca3534be32,devops,2022-01-28T05:08:17+00:00,0.0,0.933,0.067,0.8807,positivo,,Arctic Shift API
0e393c4cf2999543,programming,2023-05-06T21:08:44+00:00,0.061,0.81,0.128,0.34,positivo,,Arctic Shift API
e0db08b186b790e9,devops,2024-06-13T06:55:24+00:00,0.024,0.856,0.12,0.6808,positivo,,Arctic Shift API
ed912c25996ed60d,cscareerquestions,2024-09-25T23:56:13+00:00,0.246,0.667,0.087,-0.7845,negativo,,Arctic Shift API
4c4327a26d3d86d7,devops,2024-02-04T01:07:09+00:00,0.114,0.846,0.04,-0.4588,negativo,,Arctic Shift API
d9900c00a124dae7,devops,2021-07-26T21:16:10+00:00,0.0,0.854,0.146,0.4404,positivo,,Arctic Shift API
07d9cfe27986879d,devops,2021-10-09T19:40:56+00:00,0.0,1.0,0.0,0.0,neutro,,Arctic Shift API
08042c135008fe16,programming,2023-07-18T00:42:33+00:00,0.153,0.78,0.067,-0.9309,negativo,,Arctic Shift API
9dad2a521e9a81f0,devops,2022-12-22T06:40:15+00:00,0.0,0.957,0.043,0.296,positivo,,Arctic Shift API
08a41e6d3c850369,cscareerquestions,2024-12-08T00:53:26+00:00,0.0,0.709,0.291,0.6249,positivo,,Arctic Shift API
e21cb45aacb60b4f,programming,2024-08-18T03:05:15+00:00,0.0,1.0,0.0,0.0,neutro,,Arctic Shift API
1c419e613837a523,programming,2022-06-13T21:55:52+00:00,0.119,0.721,0.16,0.9125,positivo,burnout; anxiety,Arctic Shift API
bff9da13ebb086aa,cscareerquestions,2024-12-03T00:03:52+00:00,0.067,0.81,0.123,0.7088,positivo,,Arctic Shift API
e9dfdd6ef71208c6,programming,2023-05-20T21:26:30+00:00,0.221,0.672,0.107,-0.4389,negativo,,Arctic Shift API
f46538724d60bc4e,devops,2024-04-08T18:44:31+00:00,0.0,0.893,0.107,0.4497,positivo,,Arctic Shift API
a099cb013f32762b,devops,2021-04-08T05:37:08+00:00,0.0,0.846,0.154,0.9022,positivo,,Arctic Shift API
78280c6dca84503c,cscareerquestions,2022-09-17T23:23:08+00:00,0.0,0.77,0.23,0.4576,positivo,,Arctic Shift API
f3f0e233fb9c3d99,programming,2023-05-22T22:26:34+00:00,0.0,0.909,0.091,0.3818,positivo,,Arctic Shift API
1f1e419891d2f79e,programming,2022-05-24T01:10:05+00:00,0.0,1.0,0.0,0.0,neutro,,Arctic Shift API
52628999b918031c,cscareerquestions,2023-06-10T23:16:13+00:00,0.054,0.653,0.292,0.9701,positivo,,Arctic Shift API
68eb163ed0c836b0,cscareerquestions,2024-11-05T00:36:33+00:00,0.0,0.559,0.441,0.7964,positivo,,Arctic Shift API
5f714f2766117faa,cscareerquestions,2021-11-11T00:18:51+00:00,0.0,0.608,0.392,0.7269,positivo,,Arctic Shift API
a8c4b83d2c7145bc,devops,2024-06-02T03:16:31+00:00,0.0,1.0,0.0,0.0,neutro,,Arctic Shift API
309938359a501c0b,programming,2023-12-03T01:46:05+00:00,0.108,0.784,0.108,-0.2475,negativo,,Arctic Shift API
cd3e6f34f12ae0ca,devops,2023-11-22T17:20:33+00:00,0.0,0.743,0.257,0.6369,positivo,,Arctic Shift API
f6219ef8207cf6b0,devops,2024-02-24T20:01:35+00:00,0.0,0.855,0.145,0.296,positivo,,Arctic Shift API
2338637c9435b44a,cscareerquestions,2021-05-19T23:40:14+00:00,0.0,0.879,0.121,0.4588,positivo,,Arctic Shift API
f4378a3f14cc6c96,devops,2022-08-15T20:22:08+00:00,0.042,0.824,0.135,0.8824,positivo,,Arctic Shift API
96568d778744b477,programming,2024-10-06T00:01:34+00:00,0.026,0.846,0.128,0.775,positivo,,Arctic Shift API
32b4d90df45ea999,cscareerquestions,2023-01-16T23:40:56+00:00,0.062,0.844,0.094,0.25,positivo,,Arctic Shift API
d2aba24cac86920a,cscareerquestions,2021-09-11T23:14:42+00:00,0.05,0.534,0.416,0.9127,positivo,,Arctic Shift API
576c62c9093a50f4,cscareerquestions,2024-02-18T00:08:57+00:00,0.014,0.938,0.049,0.2742,positivo,,Arctic Shift API
48fab8b21a226928,cscareerquestions,2022-06-20T23:47:34+00:00,0.237,0.668,0.095,-0.6276,negativo,,Arctic Shift API
5ec964192a599ebc,cscareerquestions,2021-02-15T22:50:07+00:00,0.038,0.717,0.245,0.8422,positivo,,Arctic Shift API
241a732f50f0a24c,devops,2022-04-18T23:28:58+00:00,0.095,0.757,0.149,0.5935,positivo,stress; stressful,Arctic Shift API
99d55dc62cac7dc3,programming,2021-07-25T02:17:19+00:00,0.023,0.884,0.094,0.4817,positivo,,Arctic Shift API
48ca0d7cdaef384b,programming,2023-02-25T21:55:30+00:00,0.133,0.691,0.176,0.2023,positivo,,Arctic Shift API
dace59737e50d46f,devops,2023-05-13T16:43:57+00:00,0.021,0.898,0.081,0.9109,positivo,,Arctic Shift API
7c516021745b8e26,cscareerquestions,2023-01-08T00:15:09+00:00,0.039,0.849,0.112,0.8553,positivo,,Arctic Shift API
7b20c8e79b0bfa7d,cscareerquestions,2022-07-13T23:50:38+00:00,0.0,1.0,0.0,0.0,neutro,,Arctic Shift API
0214dd1a19dc70ad,cscareerquestions,2022-09-18T00:25:25+00:00,0.073,0.826,0.101,0.2654,positivo,,Arctic Shift API
a6009940cb8a7d14,programming,2024-07-02T04:52:10+00:00,0.068,0.798,0.134,0.4118,positivo,stress,Arctic Shift API
e75504e41090e771,devops,2021-09-17T00:41:20+00:00,0.0,0.908,0.092,0.7964,positivo,,Arctic Shift API
e23f37b8106fdca3,devops,2024-08-01T01:42:35+00:00,0.0,1.0,0.0,0.0,neutro,,Arctic Shift API
a4e10c6a5f74db15,cscareerquestions,2022-02-19T23:41:48+00:00,0.022,0.859,0.119,0.6808,positivo,,Arctic Shift API
f17051bdf4edf939,devops,2022-11-24T02:46:53+00:00,0.033,0.878,0.088,0.2846,positivo,,Arctic Shift API
b4070884b963e58b,devops,2022-09-16T04:14:51+00:00,0.024,0.912,0.064,0.431,positivo,,Arctic Shift API
cd8f76d9d40616a7,programming,2022-11-21T23:52:33+00:00,0.128,0.758,0.114,-0.2382,negativo,,Arctic Shift API
9715f9164c335b01,cscareerquestions,2021-06-19T22:55:36+00:00,0.0,0.867,0.133,0.8234,positivo,,Arctic Shift API
c176af3509391167,cscareerquestions,2024-07-27T23:08:07+00:00,0.0,1.0,0.0,0.0,neutro,,Arctic Shift API
ed439ce09acab350,programming,2022-07-26T00:49:28+00:00,0.057,0.569,0.374,0.7783,positivo,,Arctic Shift API
b3f36ddd580fbad8,cscareerquestions,2021-11-24T23:43:42+00:00,0.0,1.0,0.0,0.0,neutro,,Arctic Shift API
8bada92a20a9600a,cscareerquestions,2024-07-19T01:51:47+00:00,0.0,1.0,0.0,0.0,neutro,,Arctic Shift API
4bfb96aeb83f8809,programming,2021-05-28T02:00:42+00:00,0.0,0.834,0.166,0.4574,positivo,,Arctic Shift API
99a26038ef0ddbff,cscareerquestions,2023-07-20T00:28:15+00:00,0.046,0.789,0.164,0.5574,positivo,,Arctic Shift API
125bf049f89b66e3,cscareerquestions,2022-09-26T23:10:38+00:00,0.0,0.953,0.047,0.3291,positivo,,Arctic Shift API
7d297060e0c716bc,cscareerquestions,2023-07-11T00:17:23+00:00,0.0,1.0,0.0,0.0,neutro,,Arctic Shift API
4f83fd9a4536f777,programming,2023-04-02T03:27:46+00:00,0.084,0.784,0.132,0.9196,positivo,tired,Arctic Shift API
1dcbe345115f6909,devops,2022-01-18T16:09:01+00:00,0.0,1.0,0.0,0.0,neutro,,Arctic Shift API
beb42a5a02bba40f,programming,2021-09-28T03:29:52+00:00,0.063,0.84,0.097,0.1548,positivo,,Arctic Shift API
48bf08dffea434de,programming,2023-04-13T00:57:59+00:00,0.0,0.896,0.104,0.296,positivo,,Arctic Shift API
be208d950494672e,cscareerquestions,2021-12-04T23:02:31+00:00,0.0,0.724,0.276,0.8125,positivo,,Arctic Shift API
861d46b83936f9cf,programming,2022-08-20T21:53:48+00:00,0.126,0.839,0.035,-0.6705,negativo,,Arctic Shift API
c87bc6c1630df971,cscareerquestions,2023-01-27T00:07:39+00:00,0.064,0.804,0.132,0.6369,positivo,on call,Arctic Shift API
239accd8679899b1,programming,2022-06-13T21:53:57+00:00,0.0,1.0,0.0,0.0,neutro,,Arctic Shift API
d3538a7cb09a1da7,programming,2022-02-03T00:14:35+00:00,0.031,0.938,0.032,0.0129,neutro,,Arctic Shift API
9f898453dbc8eb4e,programming,2023-10-30T23:09:36+00:00,0.061,0.818,0.121,0.5647,positivo,,Arctic Shift API
91ec6ffe39775410,cscareerquestions,2024-05-28T00:39:15+00:00,0.0,0.706,0.294,0.516,positivo,,Arctic Shift API
220924a780456133,programming,2023-06-07T22:09:17+00:00,0.154,0.71,0.136,-0.8126,negativo,,Arctic Shift API
3d42479a7a4d2703,devops,2023-09-13T23:33:48+00:00,0.045,0.846,0.11,0.6204,positivo,,Arctic Shift API
27a851427b2b133c,devops,2022-10-29T17:17:42+00:00,0.0,0.927,0.073,0.6801,positivo,,Arctic Shift API
bb57042646fd7236,cscareerquestions,2021-01-19T00:59:22+00:00,0.0,0.549,0.451,0.6249,positivo,,Arctic Shift API
363146232ae27f4b,devops,2023-01-18T17:26:38+00:00,0.0,0.93,0.07,0.8126,positivo,,Arctic Shift API
7e72c6298906b1f1,devops,2024-11-27T21:30:43+00:00,0.0,0.857,0.143,0.5423,positivo,,Arctic Shift API
f2a7e8e4312baa9d,devops,2024-06-08T23:20:15+00:00,0.127,0.873,0.0,-0.443,negativo,,Arctic Shift API
c2d5827185fc37b6,programming,2021-08-16T22:39:55+00:00,0.029,0.794,0.177,0.9724,positivo,,Arctic Shift API
b223441f769e53e4,programming,2021-06-13T00:13:32+00:00,0.0,0.886,0.114,0.2942,positivo,,Arctic Shift API
34905dee463065c7,cscareerquestions,2021-04-13T00:29:13+00:00,0.0,1.0,0.0,0.0,neutro,,Arctic Shift API
9c00252f6c8e4234,cscareerquestions,2022-05-22T00:29:37+00:00,0.01,0.855,0.135,0.9319,positivo,,Arctic Shift API
d6c42bf3a4c39e59,devops,2021-06-27T03:40:02+00:00,0.007,0.926,0.067,0.9106,positivo,,Arctic Shift API
f1f1100003e62605,cscareerquestions,2024-07-25T00:54:10+00:00,0.015,0.835,0.15,0.9484,positivo,,Arctic Shift API
9bdbc4c160b6783e,cscareerquestions,2024-03-20T23:25:00+00:00,0.042,0.87,0.088,0.5574,positivo,,Arctic Shift API
09f1a3059d56c8b0,devops,2024-02-22T04:10:42+00:00,0.0,1.0,0.0,0.0,neutro,,Arctic Shift API
bc66dcf47a961921,devops,2024-01-25T02:41:14+00:00,0.0,1.0,0.0,0.0,neutro,,Arctic Shift API
be05099ffcb0cab5,programming,2021-10-15T00:21:59+00:00,0.118,0.753,0.129,0.0516,positivo,bug,Arctic Shift API
e7ca2a97aa5a2d01,programming,2023-04-15T20:57:55+00:00,0.353,0.521,0.126,-0.8248,negativo,,Arctic Shift API
d77934e83ed5374c,cscareerquestions,2024-10-15T00:34:07+00:00,0.0,0.723,0.277,0.5574,positivo,,Arctic Shift API
66aac2cbeb455363,cscareerquestions,2022-09-02T00:20:22+00:00,0.0,0.928,0.072,0.4926,positivo,,Arctic Shift API
1fbaf6c96f8781eb,programming,2023-01-04T23:59:05+00:00,0.0,0.816,0.184,0.2023,positivo,,Arctic Shift API
50a2d738e0ebf494,programming,2023-01-29T00:28:46+00:00,0.0,0.0,0.0,0.0,neutro,,Arctic Shift API
516a195021d7fe0d,programming,2022-10-23T01:09:41+00:00,0.0,0.971,0.029,0.2263,positivo,,Arctic Shift API
9c85aea8d1deb362,cscareerquestions,2022-09-22T00:00:49+00:00,0.0,1.0,0.0,0.0,neutro,,Arctic Shift API
cf2fc96d62f2eb1d,programming,2024-09-19T01:31:49+00:00,0.0,0.806,0.194,0.7351,positivo,,Arctic Shift API
52e3a7e11b691843,programming,2023-04-10T21:49:03+00:00,0.087,0.854,0.059,-0.4588,negativo,stress,Arctic Shift API
b82b3efa4e34dd47,programming,2022-01-12T23:25:41+00:00,0.193,0.6,0.206,0.0498,neutro,,Arctic Shift API
514a0fce44b96f2c,programming,2021-04-06T01:46:57+00:00,0.109,0.847,0.043,-0.6968,negativo,,Arctic Shift API
5f09d7ceaedd6d95,devops,2024-09-08T12:23:42+00:00,0.196,0.804,0.0,-0.296,negativo,,Arctic Shift API
16a4e3881869b286,devops,2022-12-11T08:02:57+00:00,0.206,0.794,0.0,-0.6322,negativo,,Arctic Shift API
cb23d670711befd6,devops,2021-10-21T01:23:54+00:00,0.137,0.758,0.105,-0.2732,negativo,,Arctic Shift API
b20d8bcc7faf4a88,cscareerquestions,2022-02-26T22:58:23+00:00,0.085,0.741,0.174,0.6474,positivo,,Arctic Shift API
0a99253c47373416,devops,2023-07-06T04:11:16+00:00,0.0,1.0,0.0,0.0,neutro,,Arctic Shift API
6a1e9a20aa876dd3,cscareerquestions,2022-05-17T00:50:38+00:00,0.0,1.0,0.0,0.0,neutro,,Arctic Shift API
efaeb266dc8753bf,programming,2022-01-01T23:49:09+00:00,0.0,1.0,0.0,0.0,neutro,,Arctic Shift API
3d9347a6e3681eaf,devops,2024-08-07T18:29:48+00:00,0.129,0.849,0.022,-0.7556,negativo,,Arctic Shift API
84083e5b2e399e60,programming,2022-08-02T01:55:30+00:00,0.079,0.723,0.198,0.9127,positivo,,Arctic Shift API
50740b3f7b80bcc1,devops,2021-05-13T00:37:04+00:00,0.085,0.874,0.04,-0.2869,negativo,,Arctic Shift API
5be33f1eef13d243,cscareerquestions,2022-12-15T00:21:14+00:00,0.0,0.896,0.104,0.6249,positivo,,Arctic Shift API
936ab2203a3a680a,devops,2024-05-01T18:27:22+00:00,0.336,0.664,0.0,-0.4648,negativo,,Arctic Shift API
3dda4e2572bf307b,cscareerquestions,2024-02-27T00:16:26+00:00,0.0,0.698,0.302,0.3818,positivo,,Arctic Shift API
6743180b668cf9c0,devops,2022-12-09T05:10:47+00:00,0.036,0.964,0.0,-0.3313,negativo,,Arctic Shift API
5c14a7be879034cd,cscareerquestions,2024-11-16T23:54:36+00:00,0.0,1.0,0.0,0.0,neutro,,Arctic Shift API
d7aeb9985358d8d2,programming,2021-05-21T01:58:58+00:00,0.279,0.721,0.0,-0.4767,negativo,,Arctic Shift API
102940d7efb54db4,programming,2023-06-07T22:39:28+00:00,0.105,0.785,0.11,0.0847,positivo,,Arctic Shift API
76697e718102323b,programming,2024-08-16T00:17:52+00:00,0.239,0.761,0.0,-0.7802,negativo,,Arctic Shift API
f64e67dfdd92aaee,devops,2024-05-27T17:25:04+00:00,0.091,0.802,0.107,0.3786,positivo,,Arctic Shift API
e0f07b3c95079f73,programming,2022-04-05T02:29:23+00:00,0.0,0.519,0.481,0.6764,positivo,,Arctic Shift API
857dafeef2651ba6,programming,2024-07-05T05:00:57+00:00,0.161,0.629,0.21,0.1779,positivo,,Arctic Shift API
40eef19a3335ff73,devops,2022-09-25T06:25:05+00:00,0.0,0.918,0.082,0.3612,positivo,,Arctic Shift API
44d99bac43a7fde2,devops,2022-10-30T12:09:07+00:00,0.0,0.833,0.167,0.4215,positivo,,Arctic Shift API
21e8dcc70667ea2f,cscareerquestions,2023-12-10T00:15:38+00:00,0.052,0.821,0.127,0.4438,positivo,,Arctic Shift API
86a499cbdbf1210c,devops,2023-11-17T00:36:18+00:00,0.03,0.713,0.257,0.8823,positivo,,Arctic Shift API
d4a56c1e4c31334e,programming,2021-08-29T00:39:54+00:00,0.105,0.781,0.114,0.1764,positivo,,Arctic Shift API
b71684dd337c61f4,programming,2022-08-24T23:03:45+00:00,0.029,0.901,0.07,0.7391,positivo,on-call,Arctic Shift API
b52714445ff7a9cb,programming,2023-08-04T04:23:12+00:00,0.0,1.0,0.0,0.0,neutro,,Arctic Shift API
08242b20e8176301,cscareerquestions,2023-10-02T23:19:25+00:00,0.0,0.76,0.24,0.69,positivo,,Arctic Shift API
07deec697ec748f0,devops,2022-11-01T01:12:33+00:00,0.0,0.781,0.219,0.6369,positivo,,Arctic Shift API
edaecd6bad6b99d3,cscareerquestions,2022-05-15T00:31:51+00:00,0.225,0.581,0.194,-0.2023,negativo,,Arctic Shift API
820f7b28d994e1c6,cscareerquestions,2024-01-02T01:10:02+00:00,0.137,0.863,0.0,-0.2263,negativo,,Arctic Shift API
d6345d626046e211,devops,2023-10-24T07:35:02+00:00,0.125,0.663,0.212,0.3208,positivo,,Arctic Shift API
5786485c8552b524,cscareerquestions,2024-03-11T23:34:25+00:00,0.048,0.92,0.032,-0.2014,negativo,,Arctic Shift API
44e1621d7bdbc367,programming,2022-08-05T01:16:49+00:00,0.0,0.935,0.065,0.4782,positivo,,Arctic Shift API
c361adf929cf6a74,programming,2024-03-18T23:51:15+00:00,0.265,0.469,0.266,0.0018,neutro,,Arctic Shift API
7157c5c99c6d8173,devops,2023-05-12T09:47:38+00:00,0.0,0.869,0.131,0.8321,positivo,,Arctic Shift API
13da2c9a3732761a,cscareerquestions,2022-05-28T23:54:05+00:00,0.097,0.855,0.048,-0.9427,negativo,,Arctic Shift API
f525573945b14945,programming,2021-08-14T23:17:21+00:00,0.175,0.683,0.142,-0.1761,negativo,,Arctic Shift API
8dad2c02668130b4,devops,2023-06-21T22:17:25+00:00,0.0,0.891,0.109,0.7184,positivo,,Arctic Shift API
6478840dbde5096d,programming,2023-10-02T23:47:37+00:00,0.126,0.686,0.188,0.1779,positivo,,Arctic Shift API
519e7b2d7eab8076,programming,2022-06-10T01:00:42+00:00,0.177,0.738,0.085,-0.3612,negativo,,Arctic Shift API
9b7441a22b1ac337,programming,2024-06-26T22:29:33+00:00,0.0,0.598,0.402,0.5719,positivo,,Arctic Shift API
ce008e0840ef7841,cscareerquestions,2023-03-08T23:58:48+00:00,0.0,0.928,0.072,0.4215,positivo,,Arctic Shift API
a904cf832de88418,cscareerquestions,2024-11-30T22:23:07+00:00,0.0,1.0,0.0,0.0,neutro,,Arctic Shift API
eb5782f3b253b6e6,programming,2024-09-11T23:00:01+00:00,0.239,0.665,0.096,-0.5358,negativo,,Arctic Shift API
e71b00ba9e0980f6,programming,2023-10-25T23:03:29+00:00,0.069,0.895,0.036,-0.3612,negativo,,Arctic Shift API
420d9e07d33477a3,devops,2021-11-27T22:22:13+00:00,0.21,0.626,0.164,0.1939,positivo,,Arctic Shift API
ca51e2a17036c5bc,devops,2024-09-20T08:11:57+00:00,0.152,0.662,0.185,0.128,positivo,,Arctic Shift API
dab30f19f99d62db,devops,2022-04-18T23:23:32+00:00,0.125,0.748,0.127,0.0258,neutro,,Arctic Shift API
b672351e9aed92e8,devops,2022-08-23T05:41:10+00:00,0.109,0.795,0.096,-0.1732,negativo,pressure,Arctic Shift API
2e8b2c745db69666,devops,2024-07-09T04:54:10+00:00,0.0,0.835,0.165,0.0972,positivo,,Arctic Shift API
82576a9ad589e77b,programming,2022-09-04T06:05:40+00:00,0.054,0.889,0.057,0.3111,positivo,,Arctic Shift API
5fcf8d2a20900196,programming,2021-05-13T01:53:15+00:00,0.149,0.851,0.0,-0.1027,negativo,,Arctic Shift API
4291049b9b76bec0,devops,2023-03-26T01:22:43+00:00,0.0,0.741,0.259,0.5927,positivo,,Arctic Shift API
3da7b1c09b98c4d9,programming,2024-05-14T01:25:33+00:00,0.0,0.717,0.283,0.6908,positivo,bug,Arctic Shift API
347ee26abc30d915,cscareerquestions,2024-12-05T00:46:25+00:00,0.0,0.846,0.154,0.7684,positivo,,Arctic Shift API
fb5be73b704e1075,programming,2024-03-19T00:07:21+00:00,0.088,0.803,0.109,-0.1556,negativo,,Arctic Shift API
e65a9d7f29207213,devops,2021-02-15T17:22:50+00:00,0.18,0.752,0.068,-0.5994,negativo,,Arctic Shift API
b9d5356c3a80999f,cscareerquestions,2024-10-29T00:08:42+00:00,0.088,0.912,0.0,-0.2755,negativo,,Arctic Shift API
9b6b967ee8fdcfb3,programming,2024-02-05T23:20:13+00:00,0.157,0.843,0.0,-0.0772,negativo,,Arctic Shift API
494137964e13f280,devops,2021-04-10T16:14:56+00:00,0.0,0.872,0.128,0.8336,positivo,,Arctic Shift API
94044f2fb5535402,programming,2023-04-03T22:51:00+00:00,0.271,0.729,0.0,-0.3818,negativo,,Arctic Shift API
132296e719e6005c,cscareerquestions,2021-04-25T01:13:04+00:00,0.022,0.891,0.087,0.6369,positivo,,Arctic Shift API
3b09e6030a20ef2d,programming,2024-04-02T01:28:35+00:00,0.0,0.741,0.259,0.5984,positivo,,Arctic Shift API
35a836158c49490b,devops,2024-08-28T22:45:12+00:00,0.026,0.717,0.257,0.9758,positivo,,Arctic Shift API
7e8dbc01e83fccca,devops,2024-09-17T01:05:57+00:00,0.122,0.766,0.113,-0.0516,negativo,,Arctic Shift API
edf421831e3b8197,cscareerquestions,2023-04-29T23:14:43+00:00,0.073,0.803,0.124,0.4215,positivo,,Arctic Shift API
e601e38276a38ee5,programming,2021-03-18T00:19:49+00:00,0.092,0.838,0.07,-0.2023,negativo,,Arctic Shift API
43f9402d3f77052e,programming,2023-03-29T23:57:14+00:00,0.113,0.887,0.0,-0.5106,negativo,bug,Arctic Shift API
711a37e2a529239d,programming,2024-07-12T01:17:28+00:00,0.236,0.571,0.193,-0.1531,negativo,,Arctic Shift API
4f9365ca4c61e358,programming,2024-08-28T20:59:31+00:00,0.022,0.83,0.149,0.869,positivo,,Arctic Shift API
a28a526b901af046,cscareerquestions,2023-07-21T00:31:52+00:00,0.11,0.89,0.0,-0.5859,negativo,,Arctic Shift API
bce21c7d56f033b4,devops,2021-02-27T17:35:20+00:00,0.07,0.848,0.082,-0.1349,negativo,,Arctic Shift API
d113db9d37a40b29,devops,2023-01-08T00:35:55+00:00,0.0,0.95,0.05,0.4215,positivo,,Arctic Shift API
e4d60ae85011fc1a,programming,2023-10-11T23:26:31+00:00,0.0,0.827,0.173,0.5859,positivo,,Arctic Shift API
09c358495ceada68,devops,2024-05-15T18:26:48+00:00,0.096,0.87,0.033,-0.5423,negativo,,Arctic Shift API
0f6f86535f400222,cscareerquestions,2024-03-09T23:30:49+00:00,0.206,0.794,0.0,-0.3809,negativo,,Arctic Shift API
92891cf15208a26b,programming,2022-03-08T01:38:45+00:00,0.06,0.855,0.084,0.3336,positivo,,Arctic Shift API
c214f1c99bcd1d2c,devops,2021-09-25T20:32:55+00:00,0.126,0.874,0.0,-0.3818,negativo,,Arctic Shift API
9c9c3877edde2467,devops,2023-03-31T03:46:36+00:00,0.083,0.871,0.046,-0.4912,negativo,,Arctic Shift API
286ee8a45bd98952,programming,2021-12-08T23:01:47+00:00,0.105,0.835,0.059,-0.8779,negativo,,Arctic Shift API
4b56feef583a492f,programming,2024-12-01T00:24:24+00:00,0.068,0.799,0.134,0.563,positivo,,Arctic Shift API
62b907e6a532da33,devops,2024-04-11T02:02:24+00:00,0.118,0.882,0.0,-0.34,negativo,,Arctic Shift API
65b60218037d5d75,cscareerquestions,2021-04-08T00:14:19+00:00,0.099,0.804,0.097,-0.0516,negativo,,Arctic Shift API
843778cc3ec89e80,programming,2022-05-14T20:59:54+00:00,0.0,1.0,0.0,0.0,neutro,,Arctic Shift API
1ba9f03c2b0aa475,cscareerquestions,2021-11-24T23:28:35+00:00,0.038,0.901,0.061,0.7474,positivo,bug; crash,Arctic Shift API
0fc50f833a06587f,devops,2022-09-29T03:47:02+00:00,0.0,0.85,0.15,0.7319,positivo,,Arctic Shift API
0d34f08293f3efd9,devops,2023-10-19T07:44:03+00:00,0.0,1.0,0.0,0.0,neutro,,Arctic Shift API
8dbfda4601d3539d,programming,2023-03-29T22:55:28+00:00,0.0,1.0,0.0,0.0,neutro,,Arctic Shift API
6c0472b8ffef4baf,programming,2024-10-31T00:19:30+00:00,0.066,0.844,0.091,0.2023,positivo,,Arctic Shift API
c4049b26238b8e34,cscareerquestions,2023-05-19T00:22:06+00:00,0.147,0.811,0.042,-0.8126,negativo,,Arctic Shift API
42ed653fee4fda53,programming,2023-10-02T22:46:19+00:00,0.029,0.806,0.165,0.8508,positivo,,Arctic Shift API
164d6003aff23d60,programming,2021-03-01T22:34:19+00:00,0.089,0.826,0.086,-0.0396,neutro,,Arctic Shift API
b3cc4e58c696877c,programming,2024-09-16T23:09:10+00:00,0.116,0.724,0.16,0.3506,positivo,,Arctic Shift API
b995f67cbbabc8e4,cscareerquestions,2022-10-27T00:04:13+00:00,0.082,0.782,0.136,0.7841,positivo,,Arctic Shift API
086b17654c98faa9,programming,2022-12-03T22:19:58+00:00,0.056,0.877,0.067,0.1967,positivo,,Arctic Shift API
d28cc6ef5da887e5,devops,2022-12-11T08:22:20+00:00,0.0,0.932,0.068,0.9169,positivo,,Arctic Shift API
e738bcf8871d9d93,devops,2024-06-22T15:48:59+00:00,0.0,0.867,0.133,0.9537,positivo,,Arctic Shift API
465314c9a400e0b5,programming,2021-08-02T23:44:00+00:00,0.013,0.863,0.123,0.8789,positivo,,Arctic Shift API
247f71db91a4400d,cscareerquestions,2024-01-08T23:48:56+00:00,0.035,0.916,0.049,0.1195,positivo,,Arctic Shift API
938e370f1114cf01,devops,2023-01-24T10:24:10+00:00,0.0,0.678,0.322,0.5719,positivo,,Arctic Shift API
90a2ca8705c72e67,devops,2021-01-14T13:51:11+00:00,0.109,0.624,0.266,0.582,positivo,,Arctic Shift API
a1fc1962754a9c50,devops,2024-08-24T17:33:46+00:00,0.129,0.527,0.344,0.5393,positivo,,Arctic Shift API
5de2e5afa7f58223,programming,2022-08-20T22:20:00+00:00,0.0,0.842,0.158,0.6187,positivo,,Arctic Shift API
deb0134bf2e8fc51,programming,2021-02-17T23:24:02+00:00,0.05,0.645,0.305,0.7964,positivo,,Arctic Shift API
7eece8b697b08904,programming,2024-06-16T01:26:30+00:00,0.0,1.0,0.0,0.0,neutro,,Arctic Shift API
bbbb3450ad4dd5ce,cscareerquestions,2021-05-20T00:19:23+00:00,0.0,1.0,0.0,0.0,neutro,,Arctic Shift API
33c6091560f2bf30,cscareerquestions,2021-08-09T23:30:55+00:00,0.045,0.612,0.343,0.9442,positivo,,Arctic Shift API
03e031bffb52f2c6,cscareerquestions,2021-09-03T00:06:32+00:00,0.0,0.865,0.135,0.3818,positivo,,Arctic Shift API
64c4119c86dd19db,cscareerquestions,2021-11-26T00:10:14+00:00,0.0,0.925,0.075,0.3612,positivo,,Arctic Shift API
6c2ae9ac8046063f,devops,2023-01-04T21:50:12+00:00,0.0,0.84,0.16,0.8886,positivo,,Arctic Shift API
e75c22c34d857b57,cscareerquestions,2024-03-01T00:26:55+00:00,0.042,0.87,0.088,0.5574,positivo,,Arctic Shift API
3ef8d3702ecff79c,cscareerquestions,2021-07-04T00:43:05+00:00,0.101,0.761,0.138,0.296,positivo,,Arctic Shift API
900b6ea200c28f56,devops,2021-07-13T10:34:38+00:00,0.0,0.956,0.044,0.7684,positivo,,Arctic Shift API
32ae0cc368c43237,cscareerquestions,2022-03-13T00:09:31+00:00,0.021,0.866,0.113,0.6808,positivo,,Arctic Shift API
122ca059810c5758,devops,2023-07-11T04:51:01+00:00,0.0,1.0,0.0,0.0,neutro,,Arctic Shift API
c71dc2f4f51ee771,programming,2021-11-27T22:58:08+00:00,0.06,0.835,0.104,0.5574,positivo,,Arctic Shift API
8e6855c0bb1a39cc,devops,2021-10-21T00:26:08+00:00,0.0,0.895,0.105,0.923,positivo,,Arctic Shift API
44dff78ba6c4b52e,programming,2021-05-12T22:42:28+00:00,0.0,1.0,0.0,0.0,neutro,,Arctic Shift API
6930cda03cab5909,cscareerquestions,2021-10-15T00:21:14+00:00,0.0,0.657,0.343,0.8357,positivo,,Arctic Shift API
a852ea6869ba8c76,programming,2022-06-19T04:19:53+00:00,0.0,1.0,0.0,0.0,neutro,,Arctic Shift API
55e6463aa24d19b7,cscareerquestions,2022-05-24T00:29:21+00:00,0.0,0.858,0.142,0.6486,positivo,,Arctic Shift API
78ba7ec11ea6e03e,devops,2024-03-28T04:17:13+00:00,0.0,1.0,0.0,0.0,neutro,,Arctic Shift API
8e3a26f249795ee3,devops,2021-04-30T12:19:38+00:00,0.42,0.361,0.219,-0.5189,negativo,,Arctic Shift API
a3684455d204d1df,cscareerquestions,2021-06-04T00:43:49+00:00,0.084,0.85,0.066,-0.3096,negativo,tired,Arctic Shift API
03f67dea85f977df,cscareerquestions,2024-09-25T23:28:53+00:00,0.047,0.793,0.16,0.8402,positivo,bug,Arctic Shift API
7627a5feea429182,programming,2021-04-17T22:31:26+00:00,0.145,0.855,0.0,-0.296,negativo,,Arctic Shift API
9820b0294692f634,cscareerquestions,2022-06-11T23:46:37+00:00,0.0,0.892,0.108,0.6407,positivo,,Arctic Shift API
f33d037249491267,cscareerquestions,2022-09-09T00:10:45+00:00,0.07,0.751,0.179,0.6842,positivo,,Arctic Shift API
9eda74d713a3b493,programming,2021-06-20T03:08:25+00:00,0.0,1.0,0.0,0.0,neutro,,Arctic Shift API
10fc14b0317532a9,programming,2024-07-24T23:19:14+00:00,0.0,1.0,0.0,0.0,neutro,,Arctic Shift API
df2f8985c6cba002,cscareerquestions,2021-05-15T23:11:07+00:00,0.116,0.713,0.171,0.4019,positivo,,Arctic Shift API
5db4d8ace57dc52b,cscareerquestions,2024-09-20T00:40:38+00:00,0.039,0.86,0.101,0.9679,positivo,,Arctic Shift API
1cd4fab37ecd55ca,programming,2021-10-13T22:45:14+00:00,0.085,0.747,0.168,0.3248,positivo,,Arctic Shift API
1e00b13f2b5e91f9,devops,2024-12-18T21:08:26+00:00,0.0,0.576,0.424,0.7096,positivo,,Arctic Shift API
6bcb49ae97098790,devops,2021-08-17T05:31:14+00:00,0.0,0.929,0.071,0.5859,positivo,,Arctic Shift API
29189475108e221d,programming,2022-09-05T23:07:50+00:00,0.0,0.926,0.074,0.4588,positivo,,Arctic Shift API
4b281d185e044878,cscareerquestions,2021-07-07T23:32:42+00:00,0.341,0.659,0.0,-0.9094,negativo,,Arctic Shift API
9041e63e29c13af0,devops,2024-10-26T23:56:37+00:00,0.0,0.853,0.147,0.5413,positivo,,Arctic Shift API
c2d011080ce8d771,devops,2024-02-04T01:56:41+00:00,0.0,0.693,0.307,0.8591,positivo,,Arctic Shift API
69455ac5373d015c,programming,2022-12-13T01:40:39+00:00,0.049,0.917,0.034,-0.2263,negativo,,Arctic Shift API
98fa3e75dade744e,programming,2021-09-26T01:27:04+00:00,0.104,0.896,0.0,-0.296,negativo,,Arctic Shift API
e5af8f78f3477f48,cscareerquestions,2022-01-17T23:27:45+00:00,0.073,0.819,0.108,0.0834,positivo,,Arctic Shift API
97ccb82456ede374,devops,2021-05-19T00:06:29+00:00,0.0,1.0,0.0,0.0,neutro,,Arctic Shift API
169fc08c54e138dc,cscareerquestions,2023-01-25T23:38:18+00:00,0.056,0.924,0.019,-0.4423,negativo,anxiety,Arctic Shift API
dcf210deb1420042,programming,2021-11-16T04:37:58+00:00,0.087,0.913,0.0,-0.296,negativo,,Arctic Shift API
48931453a3cced31,devops,2021-03-26T01:19:33+00:00,0.205,0.795,0.0,-0.5994,negativo,,Arctic Shift API
25562f51d65011c6,cscareerquestions,2021-04-25T00:43:01+00:00,0.187,0.813,0.0,-0.7488,negativo,,Arctic Shift API
b280b1f63fa3d73b,programming,2022-09-13T04:36:23+00:00,0.101,0.899,0.0,-0.4019,negativo,,Arctic Shift API
6fb85ed4a20b767d,programming,2023-09-17T04:05:20+00:00,0.128,0.693,0.18,0.1093,positivo,,Arctic Shift API
44e0e8a500a5157b,cscareerquestions,2021-07-16T00:02:03+00:00,0.047,0.892,0.061,-0.0422,neutro,,Arctic Shift API
117f4425ccd79647,cscareerquestions,2022-02-08T00:24:30+00:00,0.204,0.796,0.0,-0.5574,negativo,anxiety,Arctic Shift API
dec92398a581c69e,cscareerquestions,2021-12-22T23:14:32+00:00,0.064,0.715,0.221,0.9169,positivo,,Arctic Shift API
6f1f9f30136c57dd,programming,2023-11-02T02:01:17+00:00,0.0,0.889,0.111,0.3612,positivo,,Arctic Shift API
d3d3ffd23e5dba29,cscareerquestions,2022-09-01T00:30:51+00:00,0.0,0.846,0.154,0.9393,positivo,,Arctic Shift API
b8bd0b44581193c5,programming,2021-11-07T00:52:59+00:00,0.046,0.858,0.096,0.6786,positivo,,Arctic Shift API
d53f2a9d36a8f950,cscareerquestions,2023-06-08T00:16:09+00:00,0.206,0.794,0.0,-0.6369,negativo,,Arctic Shift API
940d3429c85d36df,cscareerquestions,2023-01-21T23:59:23+00:00,0.0,1.0,0.0,0.0,neutro,,Arctic Shift API
dcd62f54c4cd1ae5,devops,2023-05-16T00:05:33+00:00,0.066,0.785,0.149,0.8758,positivo,workload,Arctic Shift API
716b8d223aa869dc,cscareerquestions,2021-03-12T00:20:15+00:00,0.0,0.912,0.088,0.4588,positivo,,Arctic Shift API
cb5fc06d4e77b0d9,cscareerquestions,2021-12-13T23:39:28+00:00,0.035,0.83,0.135,0.9865,positivo,,Arctic Shift API
ea228f2b24e30ca8,programming,2023-01-31T01:26:50+00:00,0.0,0.732,0.268,0.7717,positivo,,Arctic Shift API
7f57adaa2c5aa7fe,cscareerquestions,2022-02-13T00:32:09+00:00,0.157,0.714,0.129,-0.3415,negativo,,Arctic Shift API
b068ab8d3d7c68a4,programming,2024-08-26T23:29:21+00:00,0.084,0.871,0.045,-0.3804,negativo,,Arctic Shift API
4012007b67bc7e5b,devops,2022-12-07T20:16:57+00:00,0.037,0.81,0.153,0.9312,positivo,,Arctic Shift API
aea1cbc414e4e5f4,cscareerquestions,2023-10-12T00:11:33+00:00,0.117,0.83,0.053,-0.8611,negativo,,Arctic Shift API
5fbeda44a7704bbf,devops,2023-12-01T12:36:53+00:00,0.0,0.917,0.083,0.5483,positivo,,Arctic Shift API
63043076ff5553a8,programming,2024-05-16T03:15:17+00:00,0.0,1.0,0.0,0.0,neutro,,Arctic Shift API
036530b4bc12da63,devops,2021-12-15T18:39:45+00:00,0.0,0.785,0.215,0.8948,positivo,,Arctic Shift API
71049043f40dfc4f,programming,2021-03-27T21:10:33+00:00,0.0,0.837,0.163,0.5994,positivo,,Arctic Shift API
2c82c1db9cecfdbe,cscareerquestions,2021-09-26T00:03:55+00:00,0.131,0.777,0.092,-0.2023,negativo,,Arctic Shift API
4d2155f52379421b,cscareerquestions,2024-10-29T00:05:46+00:00,0.152,0.572,0.276,0.7184,positivo,,Arctic Shift API
44339b27bca57c0d,cscareerquestions,2024-04-07T00:21:01+00:00,0.0,0.849,0.151,0.7264,positivo,,Arctic Shift API
99a322535b44512a,devops,2024-07-21T05:25:20+00:00,0.04,0.866,0.095,0.6249,positivo,,Arctic Shift API
a6dcf1b2f7879006,devops,2022-12-16T06:33:48+00:00,0.0,0.828,0.172,0.8847,positivo,,Arctic Shift API
e188000ba6cfe124,cscareerquestions,2024-10-01T00:24:51+00:00,0.032,0.936,0.032,0.0,neutro,,Arctic Shift API
25780c69a0ba8542,cscareerquestions,2023-07-03T23:24:19+00:00,0.066,0.68,0.255,0.7774,positivo,,Arctic Shift API
919f9731fc97c2cf,cscareerquestions,2023-01-21T23:46:00+00:00,0.0,0.789,0.211,0.7579,positivo,,Arctic Shift API
ebf952ca5678dab1,cscareerquestions,2021-04-24T23:51:21+00:00,0.0,0.763,0.237,0.4215,positivo,,Arctic Shift API
160f799c756a57f3,cscareerquestions,2024-05-14T00:35:27+00:00,0.03,0.911,0.059,0.34,positivo,,Arctic Shift API
863a2cc7c882159d,cscareerquestions,2022-09-23T01:00:22+00:00,0.183,0.817,0.0,-0.5563,negativo,,Arctic Shift API
769a147f4fa4ac9a,programming,2022-06-10T01:19:51+00:00,0.048,0.952,0.0,-0.1695,negativo,,Arctic Shift API
f9865e90e1da0012,cscareerquestions,2024-01-04T00:48:25+00:00,0.0,0.905,0.095,0.7227,positivo,,Arctic Shift API
cd4a1eaa3cbfc5c5,cscareerquestions,2024-05-10T00:37:51+00:00,0.0,0.777,0.223,0.8765,positivo,,Arctic Shift API
847c2107a7cc09de,programming,2022-12-28T20:53:41+00:00,0.214,0.722,0.063,-0.8485,negativo,workload,Arctic Shift API
3471d67f47068748,devops,2022-01-29T17:43:10+00:00,0.022,0.776,0.202,0.8834,positivo,,Arctic Shift API
3f3fe1f10d089126,devops,2022-03-02T21:50:17+00:00,0.0,0.619,0.381,0.5106,positivo,,Arctic Shift API
cf0f6206215866c2,cscareerquestions,2021-04-24T23:13:51+00:00,0.202,0.748,0.05,-0.7968,negativo,,Arctic Shift API
355520616c6687f0,programming,2023-03-03T01:12:55+00:00,0.155,0.845,0.0,-0.296,negativo,,Arctic Shift API
7f4aab28fe57bb52,cscareerquestions,2023-06-01T00:22:24+00:00,0.519,0.481,0.0,-0.5267,negativo,,Arctic Shift API
1fc1523aa27e0bb2,programming,2021-12-27T21:06:43+00:00,0.1,0.773,0.127,0.1531,positivo,,Arctic Shift API
197eb746149604ec,programming,2024-08-08T01:50:25+00:00,0.0,1.0,0.0,0.0,neutro,,Arctic Shift API
73624c1be9e43338,devops,2021-09-24T08:44:45+00:00,0.0,0.853,0.147,0.7845,positivo,,Arctic Shift API
2608a399d1b596c3,devops,2021-01-07T20:09:13+00:00,0.078,0.806,0.116,0.2289,positivo,bug,Arctic Shift API
dd324a3b94922e90,devops,2023-04-28T03:42:36+00:00,0.078,0.848,0.074,-0.0258,neutro,bug,Arctic Shift API
6d9a3e5000a70db9,cscareerquestions,2022-05-09T23:48:04+00:00,0.0,0.874,0.126,0.7579,positivo,,Arctic Shift API
9fd053d0479fb176,cscareerquestions,2024-04-01T23:16:46+00:00,0.069,0.838,0.093,0.5168,positivo,bug,Arctic Shift API
979475ac55f17cc7,cscareerquestions,2022-08-30T01:01:49+00:00,0.041,0.904,0.055,0.2382,positivo,,Arctic Shift API
c08defd5d0b21ef1,cscareerquestions,2024-10-31T00:41:27+00:00,0.042,0.87,0.088,0.5574,positivo,,Arctic Shift API
e34d25cf1b861e89,devops,2022-10-02T03:30:40+00:00,0.0,0.921,0.079,0.3612,positivo,,Arctic Shift API
d3f64593eb7f09f2,cscareerquestions,2021-10-18T23:39:18+00:00,0.104,0.841,0.055,-0.6868,negativo,,Arctic Shift API
327d1d52a5c2f61c,cscareerquestions,2023-10-02T23:45:21+00:00,0.0,1.0,0.0,0.0,neutro,,Arctic Shift API
fc181e8425ce3b6b,devops,2021-03-08T18:53:14+00:00,0.0,0.816,0.184,0.7351,positivo,,Arctic Shift API
e84e618a9d9ac0d4,devops,2021-11-27T20:14:38+00:00,0.0,0.876,0.124,0.6597,positivo,,Arctic Shift API
935ca4d62426ca9d,programming,2023-07-26T21:57:29+00:00,0.0,0.511,0.489,0.5849,positivo,,Arctic Shift API
4ac16684c676c045,programming,2024-07-31T23:43:05+00:00,0.0,0.855,0.145,0.296,positivo,,Arctic Shift API
4c3e59050d88119d,programming,2024-02-02T00:54:40+00:00,0.167,0.833,0.0,-0.5574,negativo,,Arctic Shift API
62df99e6fb38195e,cscareerquestions,2021-01-06T22:43:29+00:00,0.0,1.0,0.0,0.0,neutro,,Arctic Shift API
2fc006c1d658af6d,programming,2024-02-01T00:02:50+00:00,0.094,0.846,0.06,-0.4556,negativo,,Arctic Shift API
3767534a0ba7e60f,cscareerquestions,2023-06-23T00:38:02+00:00,0.259,0.741,0.0,-0.4215,negativo,,Arctic Shift API
33edc619f32d2d99,devops,2024-10-11T02:06:28+00:00,0.0,0.884,0.116,0.8402,positivo,,Arctic Shift API
c0acc28b2d29ad56,programming,2022-08-23T02:22:16+00:00,0.116,0.839,0.046,-0.8338,negativo,,Arctic Shift API
5482611a2e00026f,cscareerquestions,2023-11-13T23:19:54+00:00,0.0,1.0,0.0,0.0,neutro,,Arctic Shift API
6bcdedc4e18133c2,devops,2023-06-29T02:04:47+00:00,0.024,0.929,0.046,0.34,positivo,,Arctic Shift API
10e927e7b4775ff7,devops,2022-10-28T06:08:44+00:00,0.273,0.727,0.0,-0.4588,negativo,,Arctic Shift API
0dc314645900614c,programming,2024-05-17T00:21:13+00:00,0.096,0.875,0.029,-0.4427,negativo,,Arctic Shift API
9fdfdbb03eb6262c,cscareerquestions,2021-01-16T23:07:48+00:00,0.0,0.924,0.076,0.2023,positivo,,Arctic Shift API
2589950944e28308,cscareerquestions,2021-07-13T00:35:04+00:00,0.0,1.0,0.0,0.0,neutro,,Arctic Shift API
14ec2bfe8bf66db8,devops,2024-03-05T01:45:55+00:00,0.117,0.635,0.248,0.4767,positivo,,Arctic Shift API
1f2fb5b5063bb641,devops,2022-05-19T04:02:00+00:00,0.103,0.859,0.038,-0.8176,negativo,tired,Arctic Shift API
b76a5d13414920e0,devops,2021-02-10T11:00:18+00:00,0.0,0.862,0.138,0.849,positivo,,Arctic Shift API
a7ff117ffa66cc41,cscareerquestions,2024-09-01T00:08:34+00:00,0.155,0.634,0.211,0.2023,positivo,,Arctic Shift API
403add4ca5f5c36b,devops,2021-11-15T15:04:06+00:00,0.0,0.714,0.286,0.9659,positivo,,Arctic Shift API
215e6d22979b3ae4,cscareerquestions,2022-01-27T00:39:22+00:00,0.0,0.833,0.167,0.296,positivo,,Arctic Shift API
5a4d317ec669ba43,devops,2022-05-17T00:42:13+00:00,0.0,0.534,0.466,0.7269,positivo,,Arctic Shift API
599d1fb245f829fe,programming,2021-06-04T03:06:11+00:00,0.052,0.808,0.14,0.752,positivo,,Arctic Shift API
1596c3877bbbada8,cscareerquestions,2022-04-25T23:58:53+00:00,0.0,0.763,0.237,0.5647,positivo,,Arctic Shift API
af02c661f3bee431,programming,2024-02-27T00:33:27+00:00,0.0,0.833,0.167,0.2023,positivo,,Arctic Shift API
77325df1df893e84,programming,2023-03-27T22:44:14+00:00,0.045,0.841,0.114,0.4939,positivo,,Arctic Shift API
bb9086fb87c4143c,cscareerquestions,2022-12-26T23:01:15+00:00,0.09,0.91,0.0,-0.7268,negativo,,Arctic Shift API
fe6a96b302ab5b32,devops,2021-05-16T17:23:30+00:00,0.0,0.827,0.173,0.3182,positivo,,Arctic Shift API
b64ebef534e5c186,cscareerquestions,2022-01-05T23:12:39+00:00,0.078,0.829,0.094,-0.2769,negativo,,Arctic Shift API
ca04bb59feb8aa32,devops,2024-09-18T18:04:06+00:00,0.03,0.801,0.169,0.9731,positivo,,Arctic Shift API
cff7cc0dd679ee3c,devops,2024-07-16T06:32:33+00:00,0.0,0.696,0.304,0.7177,positivo,,Arctic Shift API
6fa0b479032c116e,devops,2024-10-18T01:45:26+00:00,0.0,0.853,0.147,0.6705,positivo,,Arctic Shift API
920556bec82907e7,devops,2024-03-02T20:44:24+00:00,0.0,0.828,0.172,0.8271,positivo,,Arctic Shift API
464f835a9f513f70,devops,2024-08-27T00:41:34+00:00,0.08,0.724,0.196,0.7484,positivo,,Arctic Shift API
df6c864c698ea1d4,devops,2023-09-07T03:08:13+00:00,0.082,0.755,0.163,0.8817,positivo,,Arctic Shift API
563d61e593c85fc6,programming,2023-02-26T00:03:37+00:00,0.091,0.909,0.0,-0.34,negativo,,Arctic Shift API
947e35d200438cf4,programming,2024-03-04T23:10:43+00:00,0.0,1.0,0.0,0.0,neutro,,Arctic Shift API
b0784a9e968c4a22,programming,2021-08-04T23:43:13+00:00,0.207,0.754,0.039,-0.9302,negativo,,Arctic Shift API
664d3e0c84ff2200,cscareerquestions,2022-07-19T01:03:22+00:00,0.021,0.866,0.113,0.6808,positivo,,Arctic Shift API
4093f890584e325c,cscareerquestions,2023-08-05T23:40:16+00:00,0.113,0.804,0.084,0.0258,neutro,,Arctic Shift API
a37243d53b5de5ec,devops,2021-12-01T23:24:56+00:00,0.068,0.884,0.048,-0.0534,negativo,,Arctic Shift API
a383e86dd544b10f,programming,2023-11-03T02:26:22+00:00,0.045,0.912,0.043,0.2263,positivo,,Arctic Shift API
9212575c957a2830,programming,2022-01-18T03:09:07+00:00,0.093,0.745,0.162,0.5478,positivo,overload,Arctic Shift API
e45afa81ab329be1,cscareerquestions,2022-11-10T00:23:36+00:00,0.065,0.814,0.121,0.6597,positivo,,Arctic Shift API
aa5759059c5c44f3,cscareerquestions,2021-04-26T23:16:46+00:00,0.0,0.846,0.154,0.9393,positivo,,Arctic Shift API
14ded1bcaf7a9e5e,devops,2023-09-09T19:48:49+00:00,0.0,0.908,0.092,0.6486,positivo,,Arctic Shift API
58a3898b690c6f2b,devops,2024-08-17T22:49:46+00:00,0.027,0.873,0.1,0.6083,positivo,,Arctic Shift API
d0298937b4b68f07,cscareerquestions,2021-03-01T23:46:53+00:00,0.022,0.916,0.062,0.5054,positivo,,Arctic Shift API
d8ac6f5dea342a98,programming,2022-07-18T22:31:55+00:00,0.152,0.819,0.029,-0.6848,negativo,,Arctic Shift API
f4af0bd3b1b18d0a,cscareerquestions,2023-05-15T23:55:13+00:00,0.0,0.936,0.064,0.6478,positivo,,Arctic Shift API
33f8056bb8a35454,cscareerquestions,2023-04-02T00:43:20+00:00,0.055,0.817,0.128,0.7803,positivo,,Arctic Shift API
ad107197864343b8,programming,2022-11-10T04:07:34+00:00,0.213,0.787,0.0,-0.2263,negativo,,Arctic Shift API
6650768bf5bc84f8,programming,2022-06-02T00:25:05+00:00,0.0,1.0,0.0,0.0,neutro,,Arctic Shift API
c48f177e5ce41503,cscareerquestions,2022-08-08T23:30:44+00:00,0.0,1.0,0.0,0.0,neutro,,Arctic Shift API
7c7555cab5d5042f,programming,2024-11-17T03:23:14+00:00,0.259,0.741,0.0,-0.5423,negativo,,Arctic Shift API
c938cbb11849fa37,programming,2021-06-26T23:17:30+00:00,0.0,0.618,0.382,0.9271,positivo,,Arctic Shift API
a823877e4d006e5a,devops,2023-09-09T14:09:42+00:00,0.079,0.846,0.074,0.2641,positivo,anxious,Arctic Shift API
eacbffccff0f5820,programming,2023-06-04T03:59:52+00:00,0.138,0.815,0.047,-0.6774,negativo,,Arctic Shift API
dcb09b1a36ee998c,devops,2021-11-23T00:01:22+00:00,0.0,0.88,0.12,0.8422,positivo,,Arctic Shift API
21dec11cc576481a,programming,2021-03-20T23:09:18+00:00,0.071,0.885,0.044,-0.0724,negativo,,Arctic Shift API
9ead0cc1386dff26,devops,2024-11-28T00:49:13+00:00,0.0,0.932,0.068,0.5927,positivo,,Arctic Shift API
12e45a3e52f6b2ec,programming,2022-04-06T21:42:05+00:00,0.178,0.601,0.22,0.012,neutro,,Arctic Shift API
8dada8b58129d111,devops,2021-11-24T15:54:09+00:00,0.0,1.0,0.0,0.0,neutro,,Arctic Shift API
e4b83fa426ccaf86,devops,2021-01-17T12:02:09+00:00,0.068,0.932,0.0,-0.296,negativo,,Arctic Shift API
8c4213a2e264e47b,programming,2022-01-12T23:46:11+00:00,0.154,0.764,0.082,-0.3935,negativo,,Arctic Shift API
d00aeb24fc09f306,devops,2021-04-13T10:53:36+00:00,0.073,0.679,0.248,0.869,positivo,,Arctic Shift API
bc460baa89c3e647,devops,2021-09-16T09:11:08+00:00,0.0,0.901,0.099,0.9587,positivo,,Arctic Shift API
90ef7369da37e68e,cscareerquestions,2022-08-09T00:00:20+00:00,0.0,0.91,0.09,0.6747,positivo,,Arctic Shift API
82ae158841ead48c,cscareerquestions,2023-03-09T00:27:23+00:00,0.042,0.87,0.088,0.5574,positivo,,Arctic Shift API
bf271fd059835441,devops,2021-09-06T17:24:01+00:00,0.061,0.824,0.115,0.3224,positivo,,Arctic Shift API
70dc64b3e4517c17,cscareerquestions,2024-09-15T00:33:01+00:00,0.0,0.825,0.175,0.9209,positivo,deadline; deadlines,Arctic Shift API
dddf85d742332ace,programming,2022-03-11T01:49:34+00:00,0.034,0.904,0.061,0.3239,positivo,,Arctic Shift API
89141333be070306,programming,2024-11-06T19:25:34+00:00,0.097,0.719,0.184,0.4168,positivo,,Arctic Shift API
2f2911e4ed37d5c4,programming,2022-01-13T00:23:36+00:00,0.067,0.933,0.0,-0.3612,negativo,,Arctic Shift API
3c7003c443819292,cscareerquestions,2024-05-10T00:24:30+00:00,0.0,0.838,0.162,0.5898,positivo,,Arctic Shift API
665017057cd0e21d,devops,2024-12-23T20:28:09+00:00,0.05,0.835,0.115,0.9376,positivo,bug,Arctic Shift API
0bfc766cdc930f08,devops,2022-06-09T07:26:26+00:00,0.128,0.872,0.0,-0.2263,negativo,,Arctic Shift API
c355a303bd3a9bac,programming,2021-08-26T03:57:18+00:00,0.103,0.847,0.05,-0.1862,negativo,,Arctic Shift API
f55a01be735d91c4,devops,2023-09-09T18:46:23+00:00,0.351,0.423,0.226,-0.0173,neutro,,Arctic Shift API
75e19022cfb267fe,cscareerquestions,2023-03-20T23:20:45+00:00,0.0,0.753,0.247,0.9081,positivo,,Arctic Shift API
4284b20ea39e8651,devops,2021-05-29T22:13:25+00:00,0.019,0.812,0.169,0.9022,positivo,,Arctic Shift API
c2df02fab5182a12,devops,2021-04-16T01:33:04+00:00,0.116,0.726,0.159,0.4404,positivo,,Arctic Shift API
248b60685daff678,cscareerquestions,2023-11-23T00:12:32+00:00,0.36,0.514,0.126,-0.6124,negativo,,Arctic Shift API
732e0ab66daf4c6b,devops,2023-03-26T01:21:56+00:00,0.036,0.882,0.081,0.3291,positivo,,Arctic Shift API
7a30d3acb0708a81,cscareerquestions,2021-04-15T00:22:23+00:00,0.195,0.724,0.08,-0.3911,negativo,,Arctic Shift API
4a0f3794fd5095d6,programming,2023-04-07T01:15:49+00:00,0.0,0.874,0.126,0.0772,positivo,,Arctic Shift API
b3b0670a219b547e,devops,2021-10-13T17:02:52+00:00,0.048,0.863,0.089,0.3415,positivo,,Arctic Shift API
6df8108756e2c2fd,programming,2021-04-02T01:37:07+00:00,0.0,1.0,0.0,0.0,neutro,,Arctic Shift API
f71df2935569d444,cscareerquestions,2021-04-09T00:33:50+00:00,0.45,0.55,0.0,-0.6935,negativo,,Arctic Shift API
243455b67571723d,programming,2021-09-26T00:39:13+00:00,0.066,0.814,0.12,0.5486,positivo,,Arctic Shift API
532e16b1c74d1d3a,programming,2024-02-04T01:06:42+00:00,0.108,0.789,0.104,-0.0258,neutro,,Arctic Shift API
a39e27ffb9f593ea,programming,2021-09-12T04:26:55+00:00,0.0,1.0,0.0,0.0,neutro,,Arctic Shift API
627916b5ff76fa3b,cscareerquestions,2023-10-04T23:21:24+00:00,0.068,0.68,0.252,0.5859,positivo,,Arctic Shift API
4723a2b9478dbd06,programming,2024-08-01T02:06:49+00:00,0.0,1.0,0.0,0.0,neutro,,Arctic Shift API
b7ffa56aa5db1789,cscareerquestions,2022-01-23T00:43:07+00:00,0.067,0.81,0.123,0.7288,positivo,,Arctic Shift API
a3b7c58c6824626d,cscareerquestions,2024-09-24T00:04:12+00:00,0.044,0.846,0.11,0.6124,positivo,,Arctic Shift API
3a18490169b9855b,devops,2021-08-04T20:10:05+00:00,0.0,1.0,0.0,0.0,neutro,,Arctic Shift API
05d0812419036c7f,programming,2023-01-19T00:59:36+00:00,0.188,0.652,0.159,-0.1027,negativo,,Arctic Shift API
bab00f8a8157a5c6,cscareerquestions,2023-09-12T00:09:44+00:00,0.134,0.61,0.256,0.4588,positivo,,Arctic Shift API
83c76230ec8c5d6a,programming,2024-04-04T02:22:06+00:00,0.221,0.779,0.0,-0.3716,negativo,,Arctic Shift API
1fd9593486251d28,cscareerquestions,2021-01-21T00:58:22+00:00,0.176,0.776,0.048,-0.743,negativo,,Arctic Shift API
f179bda817697ba7,programming,2024-07-31T22:38:35+00:00,0.071,0.901,0.028,-0.4576,negativo,,Arctic Shift API
4ebdbcdba5e8c64a,cscareerquestions,2022-04-17T00:39:21+00:00,0.109,0.831,0.059,-0.2732,negativo,,Arctic Shift API
670c30f604add28d,cscareerquestions,2024-12-17T00:47:42+00:00,0.101,0.82,0.079,-0.2023,negativo,,Arctic Shift API
ee36702fcadf611a,programming,2024-01-11T00:40:06+00:00,0.032,0.937,0.031,-0.0258,neutro,,Arctic Shift API
5661640c58d1ce79,cscareerquestions,2021-02-28T01:28:45+00:00,0.068,0.932,0.0,-0.624,negativo,,Arctic Shift API
2f95cebb0e4c2aac,programming,2024-12-13T03:35:48+00:00,0.071,0.929,0.0,-0.4404,negativo,,Arctic Shift API
880bb8fffac851d0,devops,2024-10-13T04:05:21+00:00,0.0,0.682,0.318,0.5046,positivo,,Arctic Shift API
14047923a1acdf33,cscareerquestions,2021-05-23T00:46:16+00:00,0.0,0.881,0.119,0.891,positivo,,Arctic Shift API
b0502e417f77e0b0,cscareerquestions,2021-10-24T00:31:21+00:00,0.0,0.812,0.188,0.7003,positivo,,Arctic Shift API
537a1a8fba52583b,devops,2024-07-01T17:59:39+00:00,0.0,1.0,0.0,0.0,neutro,,Arctic Shift API
7c2b75da5921db47,devops,2021-03-23T14:26:45+00:00,0.191,0.809,0.0,-0.4717,negativo,crash,Arctic Shift API
fae1cd09b30b461c,cscareerquestions,2023-05-16T00:17:01+00:00,0.063,0.937,0.0,-0.5216,negativo,,Arctic Shift API
3461085b556a1815,devops,2024-09-15T05:32:45+00:00,0.129,0.642,0.229,0.5565,positivo,,Arctic Shift API
5043a94e8149dbe7,devops,2023-08-03T07:28:40+00:00,0.0,0.815,0.185,0.5106,positivo,,Arctic Shift API
be2828b448563058,devops,2022-07-10T02:12:46+00:00,0.029,0.848,0.122,0.7717,positivo,,Arctic Shift API
942f78aea43ed63c,cscareerquestions,2023-09-12T00:35:34+00:00,0.045,0.888,0.067,0.1114,positivo,stress,Arctic Shift API
d9be55aa8343a33a,devops,2023-11-12T11:14:32+00:00,0.0,1.0,0.0,0.0,neutro,,Arctic Shift API
9f769731a6072ed7,cscareerquestions,2024-12-19T00:42:27+00:00,0.031,0.969,0.0,-0.1779,negativo,,Arctic Shift API
3420573c4c95a825,programming,2022-03-25T00:23:00+00:00,0.277,0.723,0.0,-0.8481,negativo,,Arctic Shift API
099cffa2dfc633eb,cscareerquestions,2022-07-19T00:36:18+00:00,0.0,0.916,0.084,0.2944,positivo,,Arctic Shift API
38bd428da047b2ff,devops,2022-11-24T09:00:54+00:00,0.0,0.888,0.112,0.3412,positivo,workload,Arctic Shift API
08c5af1583963356,cscareerquestions,2024-04-28T01:03:17+00:00,0.0,0.943,0.057,0.2023,positivo,,Arctic Shift API
82c4b3743322a188,devops,2023-09-09T14:34:37+00:00,0.0,0.866,0.134,0.5129,positivo,,Arctic Shift API
e9b3337628363247,cscareerquestions,2022-02-09T23:34:13+00:00,0.063,0.937,0.0,-0.3612,negativo,,Arctic Shift API
245cb0c8d65f759b,cscareerquestions,2024-07-23T01:07:46+00:00,0.042,0.87,0.088,0.5574,positivo,,Arctic Shift API
d4fa17e2022d723e,programming,2024-01-06T19:45:57+00:00,0.0,0.639,0.361,0.7777,positivo,,Arctic Shift API
078305ea0d997859,programming,2023-12-20T21:05:52+00:00,0.031,0.852,0.117,0.8176,positivo,,Arctic Shift API
f18ced8179b19beb,devops,2023-12-02T15:24:36+00:00,0.113,0.803,0.085,-0.2975,negativo,,Arctic Shift API
66a7b1f3827dbe9d,programming,2024-06-01T21:04:58+00:00,0.0,0.878,0.122,0.3612,positivo,,Arctic Shift API
270b157f6efaccee,programming,2021-12-16T00:41:07+00:00,0.0,1.0,0.0,0.0,neutro,,Arctic Shift API
1720dd7a692b777a,devops,2022-07-31T11:49:15+00:00,0.07,0.82,0.11,0.6936,positivo,,Arctic Shift API
e1a41a944911b6e8,devops,2023-09-03T03:55:23+00:00,0.098,0.902,0.0,-0.34,negativo,,Arctic Shift API
0ca8ab63b6142cfe,cscareerquestions,2024-12-04T22:40:00+00:00,0.0,1.0,0.0,0.0,neutro,,Arctic Shift API
24b07375a6c1b59a,programming,2022-01-17T23:44:40+00:00,0.0,0.81,0.19,0.6597,positivo,,Arctic Shift API
1846442d6b7805b5,cscareerquestions,2022-10-16T00:28:10+00:00,0.083,0.611,0.306,0.8403,positivo,,Arctic Shift API
5e4f09dc71df7896,devops,2024-04-26T01:21:31+00:00,0.155,0.845,0.0,-0.296,negativo,,Arctic Shift API
6cfd5de4488d9c4e,devops,2024-11-05T07:55:36+00:00,0.0,1.0,0.0,0.0,neutro,,Arctic Shift API
ca22922c13be2e5b,devops,2022-12-11T07:13:06+00:00,0.129,0.871,0.0,-0.4767,negativo,,Arctic Shift API
6a9e6db11552e4a4,cscareerquestions,2024-10-10T00:29:24+00:00,0.0,0.921,0.079,0.3612,positivo,,Arctic Shift API
dedf40898e4d77ac,cscareerquestions,2023-04-22T23:21:47+00:00,0.033,0.967,0.0,-0.128,negativo,,Arctic Shift API
6bf7d1e32539bc76,programming,2023-05-10T23:32:32+00:00,0.107,0.893,0.0,-0.0191,neutro,,Arctic Shift API
a469cbc1de3d5265,cscareerquestions,2024-06-29T23:46:09+00:00,0.118,0.882,0.0,-0.4215,negativo,,Arctic Shift API
2943244082a6ae23,programming,2024-09-28T23:06:24+00:00,0.204,0.796,0.0,-0.6808,negativo,,Arctic Shift API
e868adce08808fc5,programming,2022-10-11T01:44:40+00:00,0.172,0.747,0.081,-0.7184,negativo,,Arctic Shift API
567427c674e9e4ab,cscareerquestions,2023-10-16T23:30:45+00:00,0.0,1.0,0.0,0.0,neutro,,Arctic Shift API
68945bfb3beb7921,programming,2021-01-23T23:30:40+00:00,0.058,0.765,0.177,0.9313,positivo,,Arctic Shift API
45ecf6d54d23fb3e,cscareerquestions,2021-06-03T00:17:13+00:00,0.0,1.0,0.0,0.0,neutro,,Arctic Shift API
f1951d01258b1a62,programming,2024-06-14T01:58:42+00:00,0.172,0.828,0.0,-0.4019,negativo,,Arctic Shift API
c0e01019f1eacb69,cscareerquestions,2022-07-05T01:01:55+00:00,0.202,0.548,0.25,-0.0334,neutro,,Arctic Shift API
2a5a624f188ccb37,cscareerquestions,2023-02-18T23:58:51+00:00,0.145,0.701,0.154,0.303,positivo,,Arctic Shift API
fe49af2367788b74,devops,2024-04-18T05:58:29+00:00,0.055,0.872,0.073,0.212,positivo,,Arctic Shift API
f7bacadaaff0e98a,cscareerquestions,2024-08-29T00:07:57+00:00,0.0,0.864,0.136,0.644,positivo,,Arctic Shift API
5bcda4add119412f,cscareerquestions,2021-11-06T23:59:18+00:00,0.0,0.822,0.178,0.6597,positivo,,Arctic Shift API
0523f1982c41efb3,programming,2021-05-08T22:21:37+00:00,0.0,0.882,0.118,0.9355,positivo,,Arctic Shift API
0d22a4ff17071f46,programming,2022-01-22T22:39:05+00:00,0.043,0.805,0.152,0.9352,positivo,,Arctic Shift API
c355394f6270a7dc,cscareerquestions,2023-05-16T00:57:37+00:00,0.0,1.0,0.0,0.0,neutro,,Arctic Shift API
f48953bf3f3f070d,cscareerquestions,2023-03-10T00:01:36+00:00,0.0,1.0,0.0,0.0,neutro,,Arctic Shift API
e1310a20d9d9b642,programming,2023-01-25T23:07:59+00:00,0.0,0.458,0.542,0.7959,positivo,,Arctic Shift API
aa51a9b3a74f9c15,devops,2023-05-02T11:03:24+00:00,0.0,0.851,0.149,0.2732,positivo,,Arctic Shift API
dd55efc57f0110da,cscareerquestions,2024-09-08T00:40:40+00:00,0.0,0.838,0.162,0.7003,positivo,,Arctic Shift API
c44caf05bdd55bb7,devops,2024-01-22T20:11:57+00:00,0.0,1.0,0.0,0.0,neutro,,Arctic Shift API
340419e9ffa76d7d,programming,2022-03-03T07:00:34+00:00,0.0,0.756,0.244,0.4404,positivo,,Arctic Shift API
b41508c13ee622a0,cscareerquestions,2023-04-03T23:16:26+00:00,0.126,0.74,0.134,-0.4854,negativo,,Arctic Shift API
c9ad501d1bab62e6,devops,2023-07-06T00:22:08+00:00,0.0,1.0,0.0,0.0,neutro,,Arctic Shift API
1fdf9d3c5b7f8880,programming,2022-12-04T01:58:11+00:00,0.189,0.811,0.0,-0.2732,negativo,,Arctic Shift API
5ba475cecca9ab58,programming,2022-12-01T01:44:06+00:00,0.021,0.904,0.075,0.5574,positivo,,Arctic Shift API
842df3f77eeee9b3,programming,2024-02-11T00:41:26+00:00,0.132,0.606,0.262,0.7918,positivo,,Arctic Shift API
0c89b274360ea7e8,programming,2021-10-04T22:43:32+00:00,0.0,1.0,0.0,0.0,neutro,,Arctic Shift API
ae31531fb03b149f,programming,2022-06-25T23:43:34+00:00,0.0,0.922,0.078,0.6381,positivo,,Arctic Shift API
2a8a9306b7b0055e,programming,2022-10-15T18:53:43+00:00,0.0,1.0,0.0,0.0,neutro,,Arctic Shift API
4c9c928b8ff9df04,programming,2021-06-09T22:19:54+00:00,0.0,1.0,0.0,0.0,neutro,outage,Arctic Shift API
ed06d202e93f9ae8,devops,2022-05-11T22:36:41+00:00,0.0,0.504,0.496,0.8957,positivo,,Arctic Shift API
a4bde81a0cccdb00,cscareerquestions,2022-03-31T01:03:33+00:00,0.036,0.855,0.109,0.935,positivo,,Arctic Shift API
e31968e42026bfaa,devops,2024-12-15T09:20:27+00:00,0.044,0.886,0.07,0.0289,neutro,,Arctic Shift API
14f5de75ff4b9b39,programming,2024-10-07T19:49:33+00:00,0.0,1.0,0.0,0.0,neutro,,Arctic Shift API
94854ea62b9fd56e,cscareerquestions,2021-01-17T01:29:31+00:00,0.037,0.72,0.243,0.9412,positivo,,Arctic Shift API
5f338f731c03dbef,cscareerquestions,2024-06-30T01:09:30+00:00,0.03,0.869,0.101,0.8756,positivo,on-call,Arctic Shift API
ba8f5fced9489ace,devops,2021-10-21T00:40:01+00:00,0.032,0.872,0.096,0.5584,positivo,,Arctic Shift API
484dfbc29dac3fd3,programming,2023-11-13T22:23:42+00:00,0.0,0.759,0.241,0.9136,positivo,,Arctic Shift API
55c60fe425b93e9c,cscareerquestions,2023-10-11T23:43:13+00:00,0.231,0.769,0.0,-0.5574,negativo,,Arctic Shift API
a36d2daf38be9f14,programming,2024-12-02T23:40:55+00:00,0.123,0.877,0.0,-0.4215,negativo,,Arctic Shift API
6c85f7f86edae349,programming,2022-11-12T22:21:57+00:00,0.106,0.777,0.117,0.0557,positivo,,Arctic Shift API
879adc77dcdd98d8,programming,2023-07-16T10:39:41+00:00,0.071,0.73,0.199,0.9087,positivo,,Arctic Shift API
2c8d855ed6b30b7f,devops,2023-02-27T23:08:37+00:00,0.0,0.783,0.217,0.3612,positivo,,Arctic Shift API
3c4d53a38414abd2,cscareerquestions,2023-09-11T23:18:08+00:00,0.057,0.69,0.252,0.8104,positivo,,Arctic Shift API
906e5f4efd9f4a88,cscareerquestions,2023-01-07T23:16:26+00:00,0.048,0.898,0.054,0.4089,positivo,,Arctic Shift API
126865bcdfd50747,devops,2021-11-13T14:36:07+00:00,0.172,0.686,0.142,-0.1531,negativo,,Arctic Shift API
c63166e11edc7f90,cscareerquestions,2022-01-03T23:29:41+00:00,0.0,0.893,0.107,0.2023,positivo,,Arctic Shift API
988a8f0da355b904,devops,2021-10-18T15:04:38+00:00,0.0,0.873,0.127,0.7314,positivo,,Arctic Shift API
3460182f941afb0b,programming,2024-05-24T03:26:07+00:00,0.0,0.805,0.195,0.4404,positivo,,Arctic Shift API
cd5d0b751e84a705,cscareerquestions,2024-02-18T00:23:42+00:00,0.0,1.0,0.0,0.0,neutro,,Arctic Shift API
1842072307f7b8b0,devops,2021-12-05T13:07:02+00:00,0.022,0.829,0.149,0.9803,positivo,tired,Arctic Shift API
297a33b93cf646fc,devops,2022-02-13T05:57:14+00:00,0.162,0.81,0.028,-0.9481,negativo,,Arctic Shift API
0d043f119ac61227,programming,2022-05-05T00:48:51+00:00,0.0,0.953,0.047,0.5267,positivo,,Arctic Shift API
72980b6e88b12c77,programming,2022-05-22T03:43:56+00:00,0.0,1.0,0.0,0.0,neutro,,Arctic Shift API
920babcaab225818,programming,2021-08-01T04:06:27+00:00,0.0,0.868,0.132,0.4926,positivo,,Arctic Shift API
205d82c089449e3a,programming,2024-03-18T22:38:57+00:00,0.074,0.889,0.038,-0.5664,negativo,,Arctic Shift API
dfda86a10bfc7a77,cscareerquestions,2024-09-28T23:30:48+00:00,0.0,0.897,0.103,0.3182,positivo,,Arctic Shift API
cd659b148da038c4,programming,2022-08-28T01:56:34+00:00,0.0,0.662,0.338,0.6249,positivo,,Arctic Shift API
f795fe3fb413ecf4,cscareerquestions,2022-06-17T00:06:42+00:00,0.0,0.719,0.281,0.802,positivo,,Arctic Shift API
9854fed2e379876c,cscareerquestions,2024-10-01T01:27:51+00:00,0.0,0.572,0.428,0.9376,positivo,,Arctic Shift API
43b29afb940559cc,devops,2021-10-27T23:09:29+00:00,0.0,1.0,0.0,0.0,neutro,,Arctic Shift API
bf5fec4d76476e4d,devops,2022-04-19T02:12:10+00:00,0.0,0.743,0.257,0.4215,positivo,,Arctic Shift API
f6e1207439eedc8e,devops,2021-05-21T23:28:52+00:00,0.0,0.934,0.066,0.3252,positivo,,Arctic Shift API
53b56aef0ad25036,programming,2021-08-25T22:36:25+00:00,0.0,0.884,0.116,0.3612,positivo,,Arctic Shift API
efe3031eb117d4c5,programming,2021-07-07T22:48:25+00:00,0.0,0.826,0.174,0.2247,positivo,,Arctic Shift API
33da655f0fe6c1ba,cscareerquestions,2023-06-06T00:07:11+00:00,0.063,0.814,0.123,0.7011,positivo,stress,Arctic Shift API
85aa6a36a7240232,programming,2021-06-10T05:23:33+00:00,0.103,0.673,0.224,0.532,positivo,,Arctic Shift API
6c5fa7508f9d97c8,cscareerquestions,2023-04-30T00:17:07+00:00,0.0,1.0,0.0,0.0,neutro,,Arctic Shift API
0830f5db7cbd08bf,cscareerquestions,2023-02-06T23:08:38+00:00,0.0,1.0,0.0,0.0,neutro,,Arctic Shift API
624dc56ea73170fc,programming,2021-03-11T00:22:43+00:00,0.261,0.739,0.0,-0.9331,negativo,,Arctic Shift API
fcb5cc6b69705ff1,cscareerquestions,2023-12-11T23:13:29+00:00,0.114,0.792,0.094,0.0258,neutro,,Arctic Shift API
a6f5b4ffb68c1978,devops,2023-11-06T23:46:16+00:00,0.0,0.497,0.503,0.796,positivo,,Arctic Shift API
d7ccbb3e3b3c8fa7,programming,2022-09-06T01:26:06+00:00,0.076,0.924,0.0,-0.2263,negativo,,Arctic Shift API
bb2f8fee1fed2b27,cscareerquestions,2022-01-24T23:10:08+00:00,0.053,0.896,0.051,0.2144,positivo,,Arctic Shift API
945c0291ffe21fb3,programming,2023-03-05T03:06:45+00:00,0.0,1.0,0.0,0.0,neutro,,Arctic Shift API
7aed401c17d6ad57,devops,2024-11-03T04:16:37+00:00,0.0,1.0,0.0,0.0,neutro,,Arctic Shift API
63d89291f5a93297,programming,2024-02-17T22:34:10+00:00,0.165,0.696,0.139,-0.2263,negativo,,Arctic Shift API
a348af27c774b07b,devops,2023-03-19T07:52:53+00:00,0.098,0.797,0.105,0.0433,neutro,,Arctic Shift API
415f8bc31d3a874f,cscareerquestions,2021-01-30T22:52:33+00:00,0.0,0.921,0.079,0.4215,positivo,,Arctic Shift API
9c4d486c98916547,programming,2022-11-09T23:34:22+00:00,0.0,1.0,0.0,0.0,neutro,,Arctic Shift API
f1eab2ccf4aabdb9,programming,2024-05-04T20:55:03+00:00,0.068,0.843,0.089,0.228,positivo,,Arctic Shift API
33ee72c5366d3b6c,cscareerquestions,2024-10-18T00:06:15+00:00,0.129,0.396,0.475,0.891,positivo,,Arctic Shift API
d3bdc32a85306b40,cscareerquestions,2024-07-23T00:57:11+00:00,0.0,0.312,0.688,0.8316,positivo,,Arctic Shift API
2bedfdc6f918192e,programming,2024-05-08T23:22:05+00:00,0.11,0.89,0.0,-0.7003,negativo,pressure,Arctic Shift API
5f9b41ca5d9f1bbd,devops,2024-06-30T21:38:29+00:00,0.061,0.813,0.125,0.4019,positivo,,Arctic Shift API
deb1b3126116d15f,cscareerquestions,2024-11-10T00:15:54+00:00,0.0,0.96,0.04,0.0772,positivo,,Arctic Shift API
f89f0086c0bbc229,cscareerquestions,2022-05-11T23:40:54+00:00,0.167,0.833,0.0,-0.296,negativo,,Arctic Shift API
db98d12bb13750c5,programming,2022-06-13T23:37:00+00:00,0.0,1.0,0.0,0.0,neutro,,Arctic Shift API
02226917d4bf6245,cscareerquestions,2022-02-09T23:56:43+00:00,0.083,0.858,0.059,-0.6249,negativo,,Arctic Shift API
1256f23a313f2b13,devops,2023-08-05T17:30:36+00:00,0.0,0.718,0.282,0.6705,positivo,,Arctic Shift API
2cacacd1f0238495,programming,2024-04-27T22:43:24+00:00,0.028,0.92,0.052,0.0565,positivo,,Arctic Shift API
b0403f00c46ef9e5,programming,2021-08-08T04:27:28+00:00,0.0,0.857,0.143,0.9303,positivo,,Arctic Shift API
ae462224361f4a3f,devops,2024-03-23T21:24:42+00:00,0.0,0.838,0.162,0.4019,positivo,,Arctic Shift API
ea2baa654d62b726,cscareerquestions,2024-06-08T23:43:20+00:00,0.0,0.8,0.2,0.3612,positivo,,Arctic Shift API
3b40d52957da4c05,programming,2023-08-06T07:04:00+00:00,0.0,0.867,0.133,0.3182,positivo,,Arctic Shift API
62c40a3bb5d9794f,devops,2023-06-24T20:49:36+00:00,0.0,0.817,0.183,0.9799,positivo,,Arctic Shift API
ff0ed02fbf91cae2,devops,2021-11-17T20:41:59+00:00,0.0,1.0,0.0,0.0,neutro,,Arctic Shift API
2b239c28da0eb315,programming,2021-02-06T21:50:58+00:00,0.449,0.551,0.0,-0.6908,negativo,,Arctic Shift API
6e11ff5774ee86bc,devops,2022-02-01T03:03:26+00:00,0.0,1.0,0.0,0.0,neutro,,Arctic Shift API
04d3187e2300d5d7,cscareerquestions,2021-08-22T00:11:18+00:00,0.023,0.784,0.192,0.9073,positivo,,Arctic Shift API
3522f8a272c623dd,programming,2021-02-03T20:32:26+00:00,0.14,0.83,0.029,-0.7964,negativo,,Arctic Shift API
9f6626653384799c,programming,2021-05-16T00:13:52+00:00,0.0,0.822,0.178,0.9319,positivo,bug,Arctic Shift API
f266c8f82b4cb787,cscareerquestions,2021-04-26T23:54:43+00:00,0.043,0.682,0.276,0.9688,positivo,,Arctic Shift API
fbb8c2657dd0f470,programming,2024-12-07T21:27:16+00:00,0.085,0.579,0.336,0.8439,positivo,,Arctic Shift API
d0d98fce5fbcd029,cscareerquestions,2022-08-30T00:20:18+00:00,0.0,1.0,0.0,0.0,neutro,,Arctic Shift API
146508bd05f8f23b,cscareerquestions,2022-03-23T23:48:31+00:00,0.077,0.861,0.062,-0.3818,negativo,,Arctic Shift API
3c94f1396fceee07,cscareerquestions,2021-11-13T23:27:14+00:00,0.0,0.758,0.242,0.5859,positivo,,Arctic Shift API
9a17d91ba80641cf,devops,2023-06-03T15:01:23+00:00,0.0,1.0,0.0,0.0,neutro,,Arctic Shift API
ae289f44004082aa,cscareerquestions,2022-11-21T23:43:30+00:00,0.071,0.686,0.243,0.8896,positivo,,Arctic Shift API
0ed4742154e123b6,programming,2021-01-06T22:51:46+00:00,0.095,0.833,0.071,-0.1531,negativo,,Arctic Shift API
6ae442932f6bb531,cscareerquestions,2021-04-16T00:44:24+00:00,0.041,0.833,0.126,0.9387,positivo,,Arctic Shift API
f13eb0a97a0daa7a,devops,2021-05-12T19:22:04+00:00,0.165,0.677,0.158,-0.0258,neutro,,Arctic Shift API
0d446f005628d649,programming,2023-06-06T00:58:39+00:00,0.115,0.797,0.088,-0.1608,negativo,,Arctic Shift API
0f46c64594835521,devops,2024-01-12T00:43:15+00:00,0.083,0.804,0.113,0.3626,positivo,,Arctic Shift API
518335d7afe4f67d,programming,2024-09-26T02:53:34+00:00,0.179,0.821,0.0,-0.2411,negativo,,Arctic Shift API
3d9e6b629ec3c0bf,cscareerquestions,2021-03-21T00:39:56+00:00,0.126,0.874,0.0,-0.5574,negativo,,Arctic Shift API
387884ea0a1a8cb2,devops,2024-09-29T12:23:59+00:00,0.0,1.0,0.0,0.0,neutro,,Arctic Shift API
5b7725aaab4239d3,devops,2021-07-05T14:02:14+00:00,0.0,0.795,0.205,0.775,positivo,,Arctic Shift API
e1543431ea9cb01e,programming,2023-07-27T04:17:54+00:00,0.0,0.82,0.18,0.5106,positivo,,Arctic Shift API
569f3997a6ce48c4,cscareerquestions,2021-03-24T23:37:15+00:00,0.082,0.824,0.094,0.3382,positivo,,Arctic Shift API
c2df65f8ce7092b4,programming,2021-03-23T01:33:36+00:00,0.0,0.838,0.162,0.4404,positivo,,Arctic Shift API
1c6f1ecf0d943186,programming,2022-12-31T23:47:18+00:00,0.064,0.828,0.108,0.9771,positivo,stress; deadline; deadlines; overtime,Arctic Shift API
32fb05692b515c50,programming,2024-11-20T17:33:53+00:00,0.031,0.831,0.138,0.6249,positivo,,Arctic Shift API
cf4f0500e5918c0a,programming,2021-10-14T01:01:25+00:00,0.0,1.0,0.0,0.0,neutro,,Arctic Shift API
acaa906a897f6559,programming,2022-05-14T21:18:18+00:00,0.0,0.85,0.15,0.3182,positivo,,Arctic Shift API
fd9a2fea0daac2a0,programming,2023-02-07T01:00:22+00:00,0.0,0.602,0.398,0.8907,positivo,,Arctic Shift API
79fb877248d2659a,programming,2022-08-14T02:04:30+00:00,0.073,0.889,0.038,-0.813,negativo,,Arctic Shift API
d785b4fdc39a8510,programming,2023-04-09T01:12:50+00:00,0.0,1.0,0.0,0.0,neutro,,Arctic Shift API
b1621302a6da49ec,programming,2023-01-11T22:32:07+00:00,0.062,0.816,0.122,0.6778,positivo,,Arctic Shift API
03c1374b8cc14cb2,cscareerquestions,2024-08-07T23:46:49+00:00,0.0,1.0,0.0,0.0,neutro,,Arctic Shift API
10739cdd72739e69,devops,2024-06-08T20:59:06+00:00,0.069,0.872,0.059,-0.1027,negativo,,Arctic Shift API
f09f552c86ad966b,programming,2024-11-28T00:23:17+00:00,0.118,0.694,0.187,0.815,positivo,bug,Arctic Shift API
23e1a8c08a1ccb87,devops,2024-09-13T02:14:21+00:00,0.0,1.0,0.0,0.0,neutro,,Arctic Shift API
a45e30a59542cfb8,programming,2021-07-16T01:41:55+00:00,0.0,0.961,0.039,0.3182,positivo,,Arctic Shift API
0f341cb0703a37d8,cscareerquestions,2022-06-27T23:34:28+00:00,0.135,0.698,0.167,0.344,positivo,,Arctic Shift API
0199fad833ecf566,cscareerquestions,2022-10-29T23:50:15+00:00,0.0,1.0,0.0,0.0,neutro,,Arctic Shift API
2703e55d555d4c7f,devops,2022-01-31T16:23:33+00:00,0.168,0.742,0.09,-0.34,negativo,,Arctic Shift API
427099b5e86e3c02,devops,2022-11-12T21:41:22+00:00,0.108,0.797,0.095,-0.0129,neutro,stress,Arctic Shift API
9d9948a478da7b69,cscareerquestions,2021-04-09T00:28:19+00:00,0.0,0.52,0.48,0.8074,positivo,,Arctic Shift API
b39325a760003c5d,cscareerquestions,2024-08-30T00:14:22+00:00,0.0,0.944,0.056,0.4588,positivo,,Arctic Shift API
b57691788b40073b,programming,2023-04-15T21:07:51+00:00,0.0,0.857,0.143,0.4588,positivo,,Arctic Shift API
57160f07af04f1c3,devops,2021-04-03T15:40:33+00:00,0.025,0.864,0.111,0.7536,positivo,,Arctic Shift API
5121a0aa903da9af,devops,2022-04-17T03:24:47+00:00,0.0,1.0,0.0,0.0,neutro,,Arctic Shift API
9752c42934c7dc60,programming,2024-03-27T23:21:28+00:00,0.052,0.757,0.191,0.8271,positivo,,Arctic Shift API
7cd38618455f7058,cscareerquestions,2024-03-28T00:25:00+00:00,0.205,0.795,0.0,-0.3818,negativo,,Arctic Shift API
755f68d2842d467f,devops,2023-06-01T12:20:47+00:00,0.0,0.857,0.143,0.6124,positivo,,Arctic Shift API
db01294a552c1f91,devops,2024-06-14T05:53:48+00:00,0.0,0.932,0.068,0.5283,positivo,,Arctic Shift API
60bc033decca220d,devops,2023-02-22T22:37:08+00:00,0.034,0.865,0.101,0.4215,positivo,,Arctic Shift API
52c95a83c9f06183,cscareerquestions,2021-11-15T23:24:22+00:00,0.035,0.825,0.14,0.9377,positivo,tired,Arctic Shift API
bd3b8b7c5ca47a55,programming,2021-05-22T21:19:11+00:00,0.158,0.702,0.14,-0.0772,negativo,,Arctic Shift API
e357507025989f2a,programming,2022-01-19T22:57:52+00:00,0.132,0.822,0.046,-0.7351,negativo,,Arctic Shift API
abe06d460c40c566,programming,2023-12-12T01:10:11+00:00,0.0,0.844,0.156,0.2144,positivo,,Arctic Shift API
56cf97df87f16ee4,cscareerquestions,2024-04-09T00:26:25+00:00,0.0,0.7,0.3,0.807,positivo,,Arctic Shift API
8578a12f14f8e7ed,cscareerquestions,2021-12-02T00:25:30+00:00,0.068,0.817,0.116,0.3757,positivo,,Arctic Shift API
f8bbac6e78ba099e,devops,2024-10-02T21:09:59+00:00,0.0,0.946,0.054,0.2732,positivo,,Arctic Shift API
ab86707111cdb19d,cscareerquestions,2022-04-04T23:10:06+00:00,0.073,0.833,0.094,0.1531,positivo,,Arctic Shift API
3ccac4ab6a074a03,programming,2021-08-23T22:44:28+00:00,0.0,0.925,0.075,0.2732,positivo,,Arctic Shift API
c0e47600c4a08e38,devops,2022-10-07T02:53:36+00:00,0.0,1.0,0.0,0.0,neutro,,Arctic Shift API
32e8635bfdb5155e,devops,2023-09-23T19:21:29+00:00,0.0,1.0,0.0,0.0,neutro,,Arctic Shift API
5a3f924e6d1b4875,programming,2023-12-05T00:25:59+00:00,0.0,1.0,0.0,0.0,neutro,,Arctic Shift API
cdfcce4c777a6af0,devops,2022-11-19T22:55:01+00:00,0.0,0.849,0.151,0.836,positivo,,Arctic Shift API
c48d07f46bf92ea0,cscareerquestions,2021-08-31T00:40:29+00:00,0.0,0.904,0.096,0.3612,positivo,,Arctic Shift API
0a46aed6c07d0176,devops,2021-09-14T12:36:47+00:00,0.014,0.899,0.087,0.8563,positivo,,Arctic Shift API
72315dd83e7dd143,programming,2024-03-11T22:15:47+00:00,0.304,0.435,0.261,-0.128,negativo,,Arctic Shift API
635a192bc602f3da,programming,2024-01-07T01:20:12+00:00,0.0,0.932,0.068,0.3612,positivo,,Arctic Shift API
9d4b4eaaed54e59a,programming,2024-09-24T02:39:33+00:00,0.0,0.925,0.075,0.2382,positivo,,Arctic Shift API
ee3e7ee8471b24e1,cscareerquestions,2021-09-30T00:35:55+00:00,0.065,0.724,0.211,0.9877,positivo,,Arctic Shift API
fed9222ffa519125,cscareerquestions,2021-03-18T00:00:53+00:00,0.088,0.85,0.063,-0.1436,negativo,,Arctic Shift API
8fa25ee9357d3e23,cscareerquestions,2021-03-26T00:41:31+00:00,0.1,0.735,0.165,0.2415,positivo,,Arctic Shift API
a3a3984826b4c204,cscareerquestions,2022-07-30T22:59:28+00:00,0.063,0.937,0.0,-0.2406,negativo,,Arctic Shift API
828c6907e3bc66ae,cscareerquestions,2024-05-18T23:22:16+00:00,0.107,0.814,0.079,-0.6551,negativo,,Arctic Shift API
524a53239a1a2dcf,programming,2024-09-19T02:36:14+00:00,0.201,0.734,0.065,-0.5267,negativo,,Arctic Shift API
9ea6d06561024081,cscareerquestions,2022-07-28T00:32:23+00:00,0.0,0.784,0.216,0.5267,positivo,,Arctic Shift API
02f30bd843f5183f,programming,2021-12-28T02:19:28+00:00,0.0,0.753,0.247,0.3182,positivo,,Arctic Shift API
1394507b5f4cc026,devops,2021-07-11T14:49:56+00:00,0.039,0.886,0.075,0.6698,positivo,,Arctic Shift API
7091cc559199e98c,cscareerquestions,2021-02-07T00:41:36+00:00,0.0,0.91,0.09,0.9169,positivo,,Arctic Shift API
77d1140bfa61e827,devops,2021-12-07T00:18:29+00:00,0.0,1.0,0.0,0.0,neutro,,Arctic Shift API
79550621bba4c6d7,programming,2022-04-21T01:52:19+00:00,0.076,0.884,0.04,-0.4019,negativo,,Arctic Shift API
aaae3d1f9f97e795,devops,2021-11-18T03:34:49+00:00,0.009,0.888,0.103,0.91,positivo,,Arctic Shift API
ce37023596c76ef3,programming,2022-09-22T03:06:34+00:00,0.0,0.834,0.166,0.6767,positivo,,Arctic Shift API
d00ded5fabad0d75,programming,2022-09-16T00:24:51+00:00,0.0,0.947,0.053,0.0772,positivo,,Arctic Shift API
30fb628174c7cfd3,cscareerquestions,2021-03-07T01:10:24+00:00,0.101,0.708,0.191,0.9382,positivo,stress,Arctic Shift API
f88b72075530f90a,cscareerquestions,2024-09-09T23:56:36+00:00,0.31,0.69,0.0,-0.5574,negativo,,Arctic Shift API
6b3ab233518e4b39,devops,2021-12-03T06:49:35+00:00,0.074,0.85,0.076,0.0258,neutro,,Arctic Shift API
0f8ac90015872bde,programming,2021-07-20T01:55:36+00:00,0.123,0.84,0.038,-0.9811,negativo,,Arctic Shift API
859f72d9f07493ee,cscareerquestions,2022-11-27T00:52:28+00:00,0.035,0.909,0.056,0.4404,positivo,,Arctic Shift API
19e69987a9f8682e,cscareerquestions,2023-10-20T00:20:19+00:00,0.061,0.812,0.127,0.3182,positivo,,Arctic Shift API
326f3af6d3e3935a,cscareerquestions,2022-06-17T00:23:32+00:00,0.048,0.86,0.092,0.9775,positivo,bug,Arctic Shift API
1d891320e58f21fe,programming,2023-04-08T22:26:19+00:00,0.539,0.261,0.2,-0.5994,negativo,,Arctic Shift API
a1be9ddacbe590e8,cscareerquestions,2021-12-24T00:02:19+00:00,0.084,0.843,0.073,0.0798,positivo,,Arctic Shift API
d905c489b870a311,devops,2022-05-26T05:49:14+00:00,0.0,0.783,0.217,0.3612,positivo,,Arctic Shift API
26609fb0db33011d,cscareerquestions,2024-06-14T00:09:07+00:00,0.0,1.0,0.0,0.0,neutro,,Arctic Shift API
0abde9dadb055a30,cscareerquestions,2023-12-23T23:59:08+00:00,0.0,0.742,0.258,0.8779,positivo,,Arctic Shift API
54c1494ed42175b0,devops,2021-05-18T02:26:18+00:00,0.127,0.873,0.0,-0.5632,negativo,,Arctic Shift API
eae68ff91ea5f185,programming,2022-05-07T23:52:48+00:00,0.126,0.833,0.041,-0.6808,negativo,,Arctic Shift API
db8cc9cce8d14bd8,devops,2024-11-10T10:26:14+00:00,0.0,1.0,0.0,0.0,neutro,,Arctic Shift API
ae699f9831a71a49,programming,2022-03-02T19:08:26+00:00,0.038,0.904,0.057,0.1406,positivo,,Arctic Shift API
6442ebf1f381e836,programming,2022-10-24T23:55:24+00:00,0.121,0.815,0.063,-0.6908,negativo,,Arctic Shift API
f5a6f725f3e67cc1,cscareerquestions,2024-07-01T23:35:42+00:00,0.0,0.926,0.074,0.2732,positivo,,Arctic Shift API
f5e08ad19d0f5e3c,programming,2023-12-28T01:15:30+00:00,0.0,0.815,0.185,0.3612,positivo,,Arctic Shift API
32063f9648cf6d8d,programming,2021-08-03T00:41:21+00:00,0.099,0.706,0.195,0.9097,positivo,,Arctic Shift API
7a9fd92ef7e8b544,cscareerquestions,2023-07-06T00:30:12+00:00,0.0,1.0,0.0,0.0,neutro,,Arctic Shift API
43bee2140b3200be,programming,2024-12-18T23:17:55+00:00,0.0,1.0,0.0,0.0,neutro,,Arctic Shift API
6fbfd7b5e50a59b5,programming,2021-11-07T02:40:08+00:00,0.178,0.715,0.107,-0.1511,negativo,,Arctic Shift API
8230417c506d31a3,programming,2023-07-22T21:19:00+00:00,0.089,0.763,0.148,0.7697,positivo,,Arctic Shift API
8f853fe53f0baf18,devops,2023-03-25T18:11:21+00:00,0.0,0.875,0.125,0.8205,positivo,,Arctic Shift API
4525fcfa1ac856d7,cscareerquestions,2024-08-31T23:15:55+00:00,0.158,0.842,0.0,-0.7033,negativo,,Arctic Shift API
0d2add2f8bcf8755,cscareerquestions,2024-06-28T00:19:28+00:00,0.115,0.822,0.062,-0.4601,negativo,,Arctic Shift API
cee27b2b167f7860,devops,2023-09-28T05:47:02+00:00,0.0,1.0,0.0,0.0,neutro,,Arctic Shift API
02e02da8d49386de,cscareerquestions,2021-04-30T00:26:34+00:00,0.0,0.786,0.214,0.4588,positivo,,Arctic Shift API
6fdbd48c7a5b5083,cscareerquestions,2022-09-19T23:46:14+00:00,0.0,0.933,0.067,0.2023,positivo,,Arctic Shift API
cad96d44a0601b97,devops,2021-07-12T21:04:40+00:00,0.0,1.0,0.0,0.0,neutro,,Arctic Shift API
1fbd667910c92a90,devops,2021-08-05T11:37:34+00:00,0.0,0.696,0.304,0.8074,positivo,,Arctic Shift API
4542c46c8391ef71,cscareerquestions,2024-04-19T00:29:00+00:00,0.022,0.691,0.287,0.9718,positivo,,Arctic Shift API
7b36155900c34bf1,devops,2023-11-20T20:50:21+00:00,0.032,0.824,0.144,0.8361,positivo,,Arctic Shift API
e8d00233258097ad,cscareerquestions,2022-03-11T00:11:13+00:00,0.103,0.745,0.152,0.7461,positivo,,Arctic Shift API
1203037a8b3f378d,programming,2021-08-27T01:23:27+00:00,0.026,0.916,0.058,0.2272,positivo,,Arctic Shift API
46c0580c8de2057f,programming,2022-09-16T00:27:49+00:00,0.0,0.929,0.071,0.2263,positivo,,Arctic Shift API
1ab998bb80edd3da,cscareerquestions,2023-09-10T00:47:50+00:00,0.159,0.806,0.034,-0.7351,negativo,,Arctic Shift API
4345e344c1d2772e,cscareerquestions,2021-03-29T23:34:42+00:00,0.115,0.885,0.0,-0.0772,negativo,,Arctic Shift API
7ea1884266e09c55,programming,2022-05-25T23:41:28+00:00,0.082,0.918,0.0,-0.395,negativo,,Arctic Shift API
053fe7c3aeaee046,cscareerquestions,2021-10-11T23:20:33+00:00,0.141,0.754,0.106,-0.1779,negativo,,Arctic Shift API
29fb3a074d60016a,programming,2024-08-01T01:26:15+00:00,0.0,0.914,0.086,0.2235,positivo,,Arctic Shift API
f71da715819eceae,devops,2023-06-30T11:54:38+00:00,0.0,0.857,0.143,0.611,positivo,,Arctic Shift API
ec00f9e67073b59e,cscareerquestions,2021-03-03T23:50:01+00:00,0.175,0.706,0.119,-0.0665,negativo,,Arctic Shift API
a11b7d6bee52511c,programming,2022-10-11T00:20:18+00:00,0.0,1.0,0.0,0.0,neutro,,Arctic Shift API
59b170e9af0094be,cscareerquestions,2021-05-20T00:11:25+00:00,0.0,1.0,0.0,0.0,neutro,,Arctic Shift API
87944433926da3e3,devops,2022-09-11T01:44:35+00:00,0.178,0.667,0.156,-0.1531,negativo,,Arctic Shift API
66192d1d12cc062c,cscareerquestions,2022-11-06T00:15:07+00:00,0.153,0.797,0.05,-0.6346,negativo,,Arctic Shift API
8c2d9f3cbd8b95f1,cscareerquestions,2023-04-21T00:04:02+00:00,0.207,0.793,0.0,-0.7783,negativo,,Arctic Shift API
bbb38a8dbafe4126,cscareerquestions,2021-09-05T00:33:50+00:00,0.0,1.0,0.0,0.0,neutro,,Arctic Shift API
55d3616cc9038dbb,devops,2024-09-09T17:42:16+00:00,0.0,0.919,0.081,0.3182,positivo,,Arctic Shift API
cd5289fa89747240,programming,2024-04-30T00:46:32+00:00,0.09,0.854,0.057,-0.2724,negativo,,Arctic Shift API
6353ec18beb46d89,cscareerquestions,2024-12-29T00:14:40+00:00,0.185,0.476,0.339,0.3818,positivo,,Arctic Shift API
78e8f248ceef4aeb,programming,2021-04-08T02:27:12+00:00,0.0,0.811,0.189,0.2732,positivo,,Arctic Shift API
6caba77c490ac74a,programming,2024-12-13T02:00:29+00:00,0.0,1.0,0.0,0.0,neutro,,Arctic Shift API
1096a0c618a6bb24,cscareerquestions,2023-07-28T00:14:37+00:00,0.084,0.802,0.114,0.7487,positivo,,Arctic Shift API
b5b61fb8135298f7,programming,2022-11-10T00:14:47+00:00,0.059,0.796,0.146,0.9136,positivo,,Arctic Shift API
981f08fb4c359a20,programming,2023-02-07T00:55:21+00:00,0.043,0.749,0.209,0.802,positivo,,Arctic Shift API
fed8f5d2da1f5c21,programming,2021-07-05T22:38:17+00:00,0.087,0.867,0.046,-0.2621,negativo,,Arctic Shift API
1e3f8586f9af3b5d,devops,2023-04-21T08:43:03+00:00,0.0,0.792,0.208,0.2732,positivo,,Arctic Shift API
56feed12b1dcbf16,cscareerquestions,2024-02-25T00:11:09+00:00,0.0,0.921,0.079,0.2263,positivo,,Arctic Shift API
21ca9d202b3f5ee8,cscareerquestions,2024-01-12T00:17:07+00:00,0.21,0.684,0.106,-0.3111,negativo,,Arctic Shift API
0c1bde2d427eb59a,programming,2023-07-13T01:42:08+00:00,0.0,1.0,0.0,0.0,neutro,,Arctic Shift API
a1659f4b2f741a2e,devops,2022-02-05T17:08:56+00:00,0.0,0.867,0.133,0.3182,positivo,,Arctic Shift API
a2fa9459a9d63fe4,programming,2024-12-23T21:29:58+00:00,0.0,0.907,0.093,0.3506,positivo,,Arctic Shift API
00af577624dc0a80,cscareerquestions,2024-11-01T00:23:52+00:00,0.0,1.0,0.0,0.0,neutro,,Arctic Shift API
5cb9b1a5b9f4c7d0,cscareerquestions,2021-03-31T23:45:12+00:00,0.0,0.919,0.081,0.0387,neutro,,Arctic Shift API
ce7973370871ce0b,programming,2021-02-10T23:08:07+00:00,0.164,0.752,0.083,-0.4421,negativo,,Arctic Shift API
aa5fb0651fc9227f,programming,2023-05-26T01:17:45+00:00,0.041,0.924,0.036,-0.3913,negativo,,Arctic Shift API
1a3c57bd4aa8a75c,programming,2024-11-07T01:34:46+00:00,0.0,1.0,0.0,0.0,neutro,,Arctic Shift API
34f94c5c83f86dd9,devops,2022-01-22T17:59:59+00:00,0.0,0.927,0.073,0.7181,positivo,,Arctic Shift API
b24b84c794113861,programming,2023-03-14T02:22:00+00:00,0.0,1.0,0.0,0.0,neutro,,Arctic Shift API
2fa200b47bac202c,programming,2022-12-27T01:00:04+00:00,0.191,0.61,0.199,0.1027,positivo,,Arctic Shift API
be92142b0790ceb4,programming,2021-03-18T01:28:11+00:00,0.068,0.932,0.0,-0.3595,negativo,,Arctic Shift API
3865a109eeede972,devops,2022-11-29T01:16:59+00:00,0.0,1.0,0.0,0.0,neutro,,Arctic Shift API
078ed23dab105fb4,devops,2022-06-04T17:41:31+00:00,0.0,0.602,0.398,0.5106,positivo,,Arctic Shift API
5b14fb62cf38ef85,programming,2023-02-04T22:45:49+00:00,0.0,0.798,0.202,0.8098,positivo,,Arctic Shift API
47b19072f9a31249,devops,2024-08-25T00:06:30+00:00,0.132,0.804,0.064,-0.3527,negativo,,Arctic Shift API
06cb8516d987f20e,programming,2022-01-08T23:49:41+00:00,0.092,0.908,0.0,-0.4554,negativo,,Arctic Shift API
6db8ebbab6214e3d,cscareerquestions,2024-04-22T23:46:11+00:00,0.464,0.536,0.0,-0.6361,negativo,,Arctic Shift API
12b3847c66df465e,devops,2023-01-17T00:16:20+00:00,0.058,0.942,0.0,-0.631,negativo,,Arctic Shift API
41347bc14dc66f08,programming,2022-04-22T00:07:09+00:00,0.138,0.824,0.039,-0.8555,negativo,incident,Arctic Shift API
d87c278a8f0abf62,cscareerquestions,2021-07-15T00:58:54+00:00,0.02,0.749,0.231,0.9886,positivo,,Arctic Shift API
d2f61e73f8cda499,devops,2023-12-19T07:18:09+00:00,0.0,1.0,0.0,0.0,neutro,outage,Arctic Shift API
cd13ce0349cc5942,devops,2022-12-12T17:01:01+00:00,0.131,0.796,0.073,-0.4215,negativo,,Arctic Shift API
811a25d2befba38a,cscareerquestions,2021-10-04T23:55:10+00:00,0.103,0.785,0.112,0.128,positivo,,Arctic Shift API
c46aaaaf09ecad50,cscareerquestions,2023-12-14T00:31:33+00:00,0.0,0.839,0.161,0.3612,positivo,,Arctic Shift API
86903d4c83c78511,programming,2021-08-19T01:22:37+00:00,0.259,0.695,0.046,-0.8932,negativo,,Arctic Shift API
5cffd3493854c67f,devops,2024-07-01T21:05:25+00:00,0.035,0.882,0.083,0.4767,positivo,,Arctic Shift API
79e4f4a34ead9722,programming,2021-07-13T02:36:59+00:00,0.086,0.753,0.161,0.9848,positivo,,Arctic Shift API
676736da2360d475,cscareerquestions,2024-03-04T23:43:59+00:00,0.0,0.84,0.16,0.5023,positivo,,Arctic Shift API
204a854ccabcb4de,cscareerquestions,2022-03-09T23:31:54+00:00,0.0,0.862,0.138,0.9724,positivo,,Arctic Shift API
33bff630f4796103,devops,2023-03-26T00:41:33+00:00,0.0,0.7,0.3,0.743,positivo,,Arctic Shift API
67b2bdc24737a887,cscareerquestions,2024-01-31T23:20:12+00:00,0.042,0.87,0.088,0.5574,positivo,,Arctic Shift API
a04f38a27841ffe5,programming,2021-02-15T23:48:55+00:00,0.018,0.799,0.183,0.9395,positivo,,Arctic Shift API
6cafb48eaef56d86,programming,2024-02-06T01:12:37+00:00,0.0,0.882,0.118,0.8334,positivo,,Arctic Shift API
0044af97073d3a3c,programming,2023-09-07T03:08:27+00:00,0.0,0.872,0.128,0.4215,positivo,,Arctic Shift API
283822dc09041915,cscareerquestions,2023-08-16T23:09:20+00:00,0.0,0.9,0.1,0.1154,positivo,,Arctic Shift API
7955c6ec2a7c2ec6,devops,2024-07-20T18:04:05+00:00,0.0,1.0,0.0,0.0,neutro,,Arctic Shift API
26630518ecf53617,programming,2024-04-02T01:43:00+00:00,0.027,0.798,0.174,0.9167,positivo,,Arctic Shift API
ba9b4b2851bcc911,cscareerquestions,2021-07-01T00:41:53+00:00,0.216,0.784,0.0,-0.5106,negativo,,Arctic Shift API
6faed7a9445d4609,devops,2023-03-31T02:12:09+00:00,0.0,0.656,0.344,0.6369,positivo,,Arctic Shift API
7e3b8fb93f9bc168,devops,2023-01-23T17:48:09+00:00,0.0,1.0,0.0,0.0,neutro,,Arctic Shift API
cf0600bc86e4db8b,devops,2022-05-22T07:07:03+00:00,0.065,0.815,0.121,0.4041,positivo,,Arctic Shift API
e58f8faf5abe2290,devops,2024-08-07T17:37:21+00:00,0.0,0.923,0.077,0.4404,positivo,,Arctic Shift API
c32ef88174f44e26,cscareerquestions,2021-04-22T00:25:53+00:00,0.071,0.831,0.098,0.2944,positivo,,Arctic Shift API
754e5612fffc3d7c,cscareerquestions,2023-09-17T01:09:07+00:00,0.0,0.54,0.46,0.9608,positivo,,Arctic Shift API
c2d632ca820df7d2,cscareerquestions,2023-03-07T00:08:16+00:00,0.0,0.921,0.079,0.3612,positivo,,Arctic Shift API
c6378bf746d025fc,cscareerquestions,2024-10-22T00:27:13+00:00,0.272,0.728,0.0,-0.5574,negativo,,Arctic Shift API
b2c595405a62320e,programming,2024-10-31T01:47:36+00:00,0.0,1.0,0.0,0.0,neutro,deadline; deadlines,Arctic Shift API
9fd2570a10a373fe,cscareerquestions,2024-01-12T00:27:21+00:00,0.0,0.649,0.351,0.4019,positivo,,Arctic Shift API
8fad1774ac26eb14,programming,2024-09-08T01:04:56+00:00,0.0,0.959,0.041,0.7149,positivo,,Arctic Shift API
265c2ddde66b66a4,programming,2022-05-06T00:09:32+00:00,0.178,0.721,0.101,-0.3169,negativo,,Arctic Shift API
fbcc92886f1a144e,programming,2023-04-15T23:14:41+00:00,0.091,0.692,0.218,0.9659,positivo,,Arctic Shift API
4d73fdcdf863eacb,devops,2023-10-23T20:06:48+00:00,0.022,0.912,0.066,0.8872,positivo,,Arctic Shift API
bceec755ee07a862,cscareerquestions,2024-07-01T22:51:05+00:00,0.0,1.0,0.0,0.0,neutro,,Arctic Shift API
51931e6323fa1113,cscareerquestions,2022-07-31T00:08:27+00:00,0.077,0.8,0.123,0.1779,positivo,,Arctic Shift API
c1b5dcc22f0b4d03,devops,2022-04-14T01:50:02+00:00,0.0,1.0,0.0,0.0,neutro,,Arctic Shift API
147f172d3b91a1c5,devops,2023-04-01T23:37:40+00:00,0.0,0.966,0.034,0.4019,positivo,bug,Arctic Shift API
3f0edf3b0e11c8d0,devops,2023-12-18T22:15:16+00:00,0.101,0.772,0.127,0.3182,positivo,,Arctic Shift API
7a095d6d8eadad0a,cscareerquestions,2024-08-30T00:29:41+00:00,0.0,0.836,0.164,0.2411,positivo,,Arctic Shift API
a7bc9a1ca7bc9d3d,programming,2021-04-04T01:09:41+00:00,0.0,0.895,0.105,0.631,positivo,,Arctic Shift API
503d7d3504781a73,cscareerquestions,2024-12-26T00:54:45+00:00,0.0,0.916,0.084,0.3182,positivo,,Arctic Shift API
197d1ab63a14efeb,programming,2024-07-13T21:32:52+00:00,0.156,0.844,0.0,-0.7096,negativo,,Arctic Shift API
6ced05b897e9ec76,cscareerquestions,2024-07-04T01:13:31+00:00,0.392,0.608,0.0,-0.5857,negativo,,Arctic Shift API
888a46e25f39c2e0,devops,2021-04-21T17:19:59+00:00,0.01,0.921,0.069,0.8676,positivo,,Arctic Shift API
b40e1864b2c2239d,programming,2021-02-14T01:17:26+00:00,0.0,0.809,0.191,0.5988,positivo,,Arctic Shift API
321c17a0a744cc7e,devops,2023-08-14T17:37:56+00:00,0.0,0.795,0.205,0.5994,positivo,,Arctic Shift API
38996a13322284ed,devops,2024-11-04T23:30:25+00:00,0.0,0.941,0.059,0.296,positivo,,Arctic Shift API
c630b12024c7f615,programming,2023-11-20T21:37:50+00:00,0.153,0.847,0.0,-0.5719,negativo,,Arctic Shift API
03b815b70fa4692a,programming,2023-04-25T03:14:07+00:00,0.0,0.965,0.035,0.0772,positivo,,Arctic Shift API
7b8efc1b4727b562,devops,2022-07-15T07:28:11+00:00,0.0,0.947,0.053,0.5423,positivo,,Arctic Shift API
ebd666d2a4b524db,programming,2023-05-20T23:24:18+00:00,0.009,0.828,0.163,0.9517,positivo,,Arctic Shift API
4173ab2fd7cf81f6,devops,2024-10-30T21:11:15+00:00,0.049,0.863,0.089,0.2936,positivo,,Arctic Shift API
908514cb2ee8a0c5,cscareerquestions,2024-07-02T01:19:45+00:00,0.0,1.0,0.0,0.0,neutro,,Arctic Shift API
63b43128a0e5ee87,cscareerquestions,2024-05-09T00:30:44+00:00,0.0,0.834,0.166,0.5803,positivo,,Arctic Shift API
50993e2e8c1612f2,devops,2022-01-21T03:19:02+00:00,0.0,0.625,0.375,0.6369,positivo,,Arctic Shift API
a5f21f7335f5a96c,programming,2021-01-30T21:51:03+00:00,0.0,0.762,0.238,0.3612,positivo,,Arctic Shift API
ea02e02dc88906ab,devops,2024-03-17T03:30:56+00:00,0.0,1.0,0.0,0.0,neutro,,Arctic Shift API
8849ed75847e5d50,cscareerquestions,2024-09-03T00:07:56+00:00,0.042,0.87,0.088,0.5574,positivo,,Arctic Shift API
afb3218f6e90de50,devops,2022-11-29T01:28:11+00:00,0.0,1.0,0.0,0.0,neutro,,Arctic Shift API
f982e3dcfd48a8f1,cscareerquestions,2024-06-21T00:41:32+00:00,0.019,0.842,0.139,0.7952,positivo,,Arctic Shift API
2f6e1b8862e1be59,programming,2022-03-02T20:33:54+00:00,0.0,1.0,0.0,0.0,neutro,,Arctic Shift API
419a45ecaca94af9,devops,2022-10-24T17:31:32+00:00,0.0,0.868,0.132,0.5719,positivo,,Arctic Shift API
8220c984463c11bf,programming,2022-07-28T03:37:16+00:00,0.101,0.756,0.142,0.665,positivo,,Arctic Shift API
c18fbdfb36702d23,programming,2021-07-02T01:38:07+00:00,0.157,0.795,0.048,-0.7443,negativo,,Arctic Shift API
dfdf1300e6957116,programming,2024-04-09T01:11:29+00:00,0.0,1.0,0.0,0.0,neutro,,Arctic Shift API
b306eec7ebac551a,programming,2024-05-21T03:11:25+00:00,0.0,1.0,0.0,0.0,neutro,,Arctic Shift API
a2a1b8e756310c7f,devops,2022-01-31T19:41:52+00:00,0.0,0.796,0.204,0.9062,positivo,,Arctic Shift API
4485839b8df24e52,programming,2023-05-09T01:46:59+00:00,0.076,0.79,0.134,0.85,positivo,,Arctic Shift API
9073edf911ad5b32,devops,2021-02-24T19:57:23+00:00,0.0,0.725,0.275,0.5837,positivo,,Arctic Shift API
722b9026942b370a,cscareerquestions,2023-11-15T23:35:42+00:00,0.042,0.87,0.088,0.5574,positivo,,Arctic Shift API
5e96156692caf2ab,cscareerquestions,2021-02-07T00:47:52+00:00,0.016,0.761,0.222,0.9934,positivo,,Arctic Shift API
04a78298234578b9,devops,2023-06-27T14:18:01+00:00,0.059,0.89,0.051,-0.4118,negativo,,Arctic Shift API
a902761606bba171,devops,2022-02-28T17:34:53+00:00,0.0,0.921,0.079,0.5478,positivo,,Arctic Shift API
7f68573f38d7d52b,cscareerquestions,2024-01-27T23:41:41+00:00,0.0,0.911,0.089,0.8047,positivo,,Arctic Shift API
d5b7ca5193f94951,programming,2024-10-31T06:15:47+00:00,0.052,0.926,0.022,-0.3829,negativo,,Arctic Shift API
e242274a2e475db9,cscareerquestions,2024-03-08T00:28:29+00:00,0.138,0.862,0.0,-0.34,negativo,,Arctic Shift API
bf3c32af0af7fd6d,devops,2022-04-18T22:17:20+00:00,0.109,0.891,0.0,-0.6322,negativo,outage,Arctic Shift API
2785865d8e947a87,devops,2021-11-20T21:32:17+00:00,0.0,0.83,0.17,0.3089,positivo,,Arctic Shift API
4897349989484acd,cscareerquestions,2021-10-14T00:20:41+00:00,0.322,0.678,0.0,-0.5859,negativo,,Arctic Shift API
7d8720eee55c46b5,cscareerquestions,2024-02-27T00:14:20+00:00,0.0,1.0,0.0,0.0,neutro,,Arctic Shift API
1c5f352a1a9894c5,devops,2024-06-04T00:14:20+00:00,0.0,0.861,0.139,0.9775,positivo,bug,Arctic Shift API
4f1cd2ae56927fd4,cscareerquestions,2021-01-20T23:33:56+00:00,0.183,0.581,0.236,0.5562,positivo,,Arctic Shift API
1a3162f9e51cac48,programming,2024-07-06T22:29:26+00:00,0.192,0.751,0.057,-0.7122,negativo,,Arctic Shift API
66a2794e221fa905,cscareerquestions,2024-07-10T23:38:20+00:00,0.0,0.672,0.328,0.4449,positivo,,Arctic Shift API
7df008a837ba14f3,cscareerquestions,2023-11-16T00:16:26+00:00,0.0,0.659,0.341,0.6908,positivo,,Arctic Shift API
1584e19efddca736,cscareerquestions,2023-05-09T00:38:40+00:00,0.399,0.601,0.0,-0.7672,negativo,,Arctic Shift API
290031f8f63cdf51,devops,2022-07-21T07:21:11+00:00,0.035,0.673,0.291,0.8975,positivo,,Arctic Shift API
06b302218be87c07,programming,2023-07-22T20:23:20+00:00,0.0,1.0,0.0,0.0,neutro,,Arctic Shift API
310e3b7cb391d382,devops,2023-11-18T09:22:05+00:00,0.0,1.0,0.0,0.0,neutro,,Arctic Shift API
61be30ba01bfcc6c,cscareerquestions,2021-07-05T23:46:24+00:00,0.0,1.0,0.0,0.0,neutro,,Arctic Shift API
7bd862b3f8db4259,cscareerquestions,2023-03-27T23:16:20+00:00,0.052,0.734,0.214,0.8126,positivo,,Arctic Shift API
aeb1fe368d94757f,cscareerquestions,2023-08-23T23:21:52+00:00,0.0,1.0,0.0,0.0,neutro,,Arctic Shift API
d8df29fc30b775aa,devops,2021-03-07T03:07:14+00:00,0.15,0.85,0.0,-0.4574,negativo,,Arctic Shift API
86daee6190fd5694,cscareerquestions,2021-08-30T23:15:28+00:00,0.093,0.822,0.085,-0.0772,negativo,,Arctic Shift API
8de011a32e24e5c3,programming,2021-06-11T02:54:48+00:00,0.0,0.891,0.109,0.1513,positivo,,Arctic Shift API
32321a86f5bf9b7f,cscareerquestions,2021-10-28T00:14:43+00:00,0.0,0.72,0.28,0.9253,positivo,,Arctic Shift API
ff4b3f205ff7e551,programming,2023-07-14T05:17:53+00:00,0.158,0.842,0.0,-0.6202,negativo,,Arctic Shift API
4b9b2e95dafd90f9,devops,2021-07-08T05:31:26+00:00,0.0,1.0,0.0,0.0,neutro,,Arctic Shift API
665251088f9dc6fd,devops,2022-04-17T01:40:30+00:00,0.0,1.0,0.0,0.0,neutro,,Arctic Shift API
5b6b1e10d5cbfbc3,devops,2021-07-02T04:16:24+00:00,0.058,0.801,0.142,0.8925,positivo,,Arctic Shift API
c71828b48db82c6a,cscareerquestions,2023-10-17T00:41:50+00:00,0.034,0.785,0.181,0.9798,positivo,tired,Arctic Shift API
a755568061585328,cscareerquestions,2023-09-20T23:55:44+00:00,0.081,0.701,0.217,0.5707,positivo,,Arctic Shift API
ed0cb04330f6ec84,programming,2023-03-13T22:45:31+00:00,0.0,1.0,0.0,0.0,neutro,,Arctic Shift API
5405411593fdfc36,programming,2021-02-28T00:45:23+00:00,0.0,1.0,0.0,0.0,neutro,,Arctic Shift API
ba8d6786a7aee4e1,programming,2024-05-16T01:05:30+00:00,0.0,1.0,0.0,0.0,neutro,,Arctic Shift API
9dca868ec280ff66,devops,2023-10-15T04:02:26+00:00,0.177,0.823,0.0,-0.284,negativo,,Arctic Shift API
00e2511ce1262707,programming,2022-08-29T21:24:29+00:00,0.0,0.891,0.109,0.4215,positivo,,Arctic Shift API
4ae1828fc8b7a6af,programming,2021-07-13T03:28:28+00:00,0.02,0.825,0.155,0.851,positivo,,Arctic Shift API
02bc2c395476944e,cscareerquestions,2021-12-13T23:33:50+00:00,0.096,0.811,0.093,-0.1321,negativo,,Arctic Shift API
5890d5eeb185d52a,programming,2024-10-20T06:44:23+00:00,0.0,1.0,0.0,0.0,neutro,,Arctic Shift API
3632c88bbb410b56,programming,2021-05-14T01:32:00+00:00,0.0,0.811,0.189,0.5562,positivo,,Arctic Shift API
7fac3bd861961a76,devops,2023-11-15T21:23:17+00:00,0.105,0.811,0.084,-0.1531,negativo,,Arctic Shift API
8390d7db6b2e1f09,devops,2022-11-17T01:01:53+00:00,0.0,0.922,0.078,0.9108,positivo,incident,Arctic Shift API
179f11c50cb44b7c,devops,2022-02-20T00:48:40+00:00,0.072,0.744,0.183,0.7402,positivo,,Arctic Shift API
8aff6c8de438c7c2,programming,2022-09-14T22:32:25+00:00,0.074,0.797,0.129,0.7351,positivo,,Arctic Shift API
aadd96609afd32d0,devops,2023-01-04T20:17:49+00:00,0.047,0.953,0.0,-0.4717,negativo,,Arctic Shift API
962a37a5c4cceaf7,devops,2023-06-05T18:12:11+00:00,0.092,0.803,0.105,0.4738,positivo,,Arctic Shift API
dae6ff5da93ac597,cscareerquestions,2022-01-14T00:21:17+00:00,0.144,0.739,0.117,-0.5621,negativo,,Arctic Shift API
b56860599c6c4b66,devops,2024-02-10T20:42:27+00:00,0.097,0.873,0.031,-0.7929,negativo,,Arctic Shift API
dfbee3a038e2268b,devops,2021-02-17T08:19:34+00:00,0.0,0.857,0.143,0.3612,positivo,,Arctic Shift API
b48f411e69f8c7af,programming,2024-05-19T06:53:14+00:00,0.0,0.902,0.098,0.886,positivo,,Arctic Shift API
41c641ee6ddaf722,devops,2023-07-06T09:09:31+00:00,0.0,0.81,0.19,0.6652,positivo,,Arctic Shift API
7dcce992faefd7f7,devops,2022-06-05T14:08:26+00:00,0.0,0.877,0.123,0.7346,positivo,,Arctic Shift API
d32c05bc12036746,programming,2022-11-28T23:34:58+00:00,0.0,0.879,0.121,0.9274,positivo,,Arctic Shift API
23b21740258a268c,cscareerquestions,2021-01-25T22:34:28+00:00,0.043,0.815,0.141,0.9731,positivo,,Arctic Shift API
a6915f5b24b2bcee,programming,2023-02-15T21:28:50+00:00,0.045,0.816,0.139,0.9811,positivo,,Arctic Shift API
782ab84a7a9f785a,programming,2023-04-08T23:39:18+00:00,0.048,0.921,0.031,-0.1553,negativo,,Arctic Shift API
afa2e0f31ab6a2e5,programming,2024-02-05T23:46:07+00:00,0.069,0.817,0.114,0.34,positivo,,Arctic Shift API
dd210dcf0e1a0f4e,cscareerquestions,2022-03-22T00:07:02+00:00,0.036,0.758,0.207,0.9705,positivo,,Arctic Shift API
0098028d2e9666b8,programming,2022-01-22T23:57:59+00:00,0.029,0.842,0.129,0.7523,positivo,,Arctic Shift API
8ace919f77f450bf,programming,2022-02-01T00:45:44+00:00,0.0,1.0,0.0,0.0,neutro,,Arctic Shift API
5d48e224120f5c98,cscareerquestions,2021-05-19T23:52:58+00:00,0.0,0.934,0.066,0.1406,positivo,,Arctic Shift API
ea1bfb8977a11331,cscareerquestions,2024-02-01T00:30:59+00:00,0.208,0.68,0.111,-0.5903,negativo,,Arctic Shift API
cef6e4c5022d932a,cscareerquestions,2024-01-20T23:35:17+00:00,0.0,0.866,0.134,0.3919,positivo,,Arctic Shift API
04eec44f65d51058,programming,2023-12-09T19:59:39+00:00,0.0,1.0,0.0,0.0,neutro,,Arctic Shift API
ee72247b7f252a71,programming,2024-09-12T01:31:41+00:00,0.101,0.899,0.0,-0.2263,negativo,,Arctic Shift API
1bd9261a17202648,programming,2021-12-04T22:30:40+00:00,0.265,0.38,0.356,0.2313,positivo,,Arctic Shift API
575bd8722d1b499b,cscareerquestions,2024-09-14T23:12:32+00:00,0.058,0.898,0.045,-0.1406,negativo,,Arctic Shift API
e98f73bbf47b9edb,cscareerquestions,2024-10-05T23:41:24+00:00,0.046,0.813,0.141,0.7096,positivo,,Arctic Shift API
4772bc6074518898,cscareerquestions,2023-07-15T23:37:01+00:00,0.0,0.791,0.209,0.802,positivo,,Arctic Shift API
6b83b161be4d2825,devops,2022-08-23T00:27:19+00:00,0.0,0.874,0.126,0.6959,positivo,,Arctic Shift API
eeb1ef5334bb366f,cscareerquestions,2021-02-21T01:07:13+00:00,0.016,0.898,0.086,0.8555,positivo,,Arctic Shift API
43cc58eca86dfd41,cscareerquestions,2022-11-28T23:27:44+00:00,0.0,1.0,0.0,0.0,neutro,,Arctic Shift API
014e55af0c29d8cb,devops,2024-01-14T08:37:55+00:00,0.08,0.878,0.042,-0.5719,negativo,,Arctic Shift API
aabb2316acfcb961,devops,2024-05-25T23:20:21+00:00,0.0,0.905,0.095,0.2732,positivo,,Arctic Shift API
795142cb215bcca9,programming,2021-10-07T04:12:43+00:00,0.076,0.731,0.192,0.902,positivo,,Arctic Shift API
ab9f9a5a38314b09,devops,2022-03-04T03:47:24+00:00,0.0,0.773,0.227,0.5267,positivo,bug,Arctic Shift API
825f57368f1ed6fb,cscareerquestions,2024-05-13T22:58:50+00:00,0.0,0.676,0.324,0.5859,positivo,,Arctic Shift API
9304725898bf0cb0,devops,2024-07-11T09:14:04+00:00,0.0,1.0,0.0,0.0,neutro,,Arctic Shift API
06c77d4633289e71,cscareerquestions,2024-06-26T23:38:47+00:00,0.176,0.723,0.1,-0.7351,negativo,,Arctic Shift API
fa8d8cb5929ac3a4,devops,2022-03-04T06:45:18+00:00,0.0,0.866,0.134,0.5423,positivo,,Arctic Shift API
84beb415ec57ea74,devops,2022-05-13T14:35:26+00:00,0.0,0.903,0.097,0.4767,positivo,,Arctic Shift API
f27b5b64031a5536,devops,2021-03-07T23:25:24+00:00,0.024,0.876,0.1,0.664,positivo,,Arctic Shift API
251b56969a7cb16f,devops,2023-01-30T23:25:40+00:00,0.032,0.859,0.11,0.7845,positivo,,Arctic Shift API
6124fc14cda75bc1,devops,2023-12-19T02:20:43+00:00,0.16,0.785,0.055,-0.3818,negativo,,Arctic Shift API
f9fcc4b9c5ce668f,programming,2021-05-30T03:50:17+00:00,0.0,0.673,0.327,0.7003,positivo,,Arctic Shift API
8ffa662a513eb835,programming,2023-09-21T03:17:10+00:00,0.059,0.855,0.086,0.1783,positivo,,Arctic Shift API
c91f777a672234f6,programming,2024-01-23T00:21:39+00:00,0.0,0.925,0.075,0.6486,positivo,,Arctic Shift API
784d9af88d7fb683,programming,2021-03-18T01:44:54+00:00,0.023,0.829,0.148,0.8402,positivo,,Arctic Shift API
8f0ff97e83efe52a,programming,2022-11-12T22:02:30+00:00,0.0,1.0,0.0,0.0,neutro,,Arctic Shift API
4db359e9c2a28b92,cscareerquestions,2021-04-05T23:51:13+00:00,0.113,0.764,0.123,-0.1531,negativo,,Arctic Shift API
d518125295dcaa3b,programming,2024-07-22T23:39:31+00:00,0.052,0.895,0.053,0.0108,neutro,,Arctic Shift API
f969afc8edc9b94f,cscareerquestions,2023-03-19T00:36:20+00:00,0.055,0.757,0.188,0.624,positivo,,Arctic Shift API
928274f8fe01eebf,cscareerquestions,2021-12-31T00:25:18+00:00,0.0,0.907,0.093,0.4939,positivo,,Arctic Shift API
5fb39a3d657b60e9,devops,2021-05-16T14:40:33+00:00,0.0,0.631,0.369,0.802,positivo,,Arctic Shift API
cde67a192f5f36ed,cscareerquestions,2022-07-19T01:00:38+00:00,0.0,0.815,0.185,0.5267,positivo,,Arctic Shift API
2619624c89876d30,programming,2023-09-27T21:50:21+00:00,0.033,0.832,0.135,0.8155,positivo,,Arctic Shift API
36f413550f195e5b,programming,2021-06-23T23:39:49+00:00,0.0,0.892,0.108,0.4871,positivo,,Arctic Shift API
f9c906f542f500a6,cscareerquestions,2024-04-02T01:05:38+00:00,0.068,0.726,0.206,0.6631,positivo,,Arctic Shift API
ec640ce92191042b,devops,2021-10-29T03:19:44+00:00,0.0,0.701,0.299,0.4574,positivo,,Arctic Shift API
588402a10d23ec2c,cscareerquestions,2021-02-04T01:08:18+00:00,0.07,0.704,0.226,0.6369,positivo,,Arctic Shift API
4174cfa894839561,cscareerquestions,2022-01-17T23:41:24+00:00,0.0,1.0,0.0,0.0,neutro,,Arctic Shift API
d036e02f341210d5,devops,2021-04-24T18:03:26+00:00,0.0,1.0,0.0,0.0,neutro,,Arctic Shift API
76e25c3421479d64,programming,2024-09-23T21:32:24+00:00,0.0,1.0,0.0,0.0,neutro,,Arctic Shift API
87b80ce8be481152,devops,2023-11-03T11:21:10+00:00,0.045,0.85,0.105,0.4588,positivo,,Arctic Shift API
e3d2b6ae605ee657,devops,2022-07-18T18:10:30+00:00,0.06,0.94,0.0,-0.0572,negativo,,Arctic Shift API
478c07cd4c4c9929,cscareerquestions,2024-01-17T23:26:01+00:00,0.166,0.709,0.125,-0.0516,negativo,,Arctic Shift API
d526946c034d78d4,programming,2023-08-08T01:20:14+00:00,0.118,0.882,0.0,-0.4215,negativo,,Arctic Shift API
386f2f86ef8e8646,programming,2021-11-29T22:44:12+00:00,0.0,0.792,0.208,0.2732,positivo,,Arctic Shift API
ebd847b46f20506f,devops,2024-12-03T06:42:43+00:00,0.0,0.738,0.262,0.6597,positivo,,Arctic Shift API
8ab815c1acabeef1,devops,2023-05-06T16:58:52+00:00,0.082,0.741,0.177,0.5945,positivo,,Arctic Shift API
3ab363a654c67ba8,programming,2023-12-13T22:58:52+00:00,0.248,0.752,0.0,-0.5106,negativo,,Arctic Shift API
0a3443499e6f8474,programming,2021-07-22T00:14:21+00:00,0.317,0.616,0.067,-0.9399,negativo,,Arctic Shift API
378646ae0ece79fa,devops,2021-12-10T01:34:05+00:00,0.097,0.771,0.132,-0.0031,neutro,,Arctic Shift API
a5b3c8cc143a47ef,programming,2021-03-24T23:39:58+00:00,0.101,0.604,0.296,0.7769,positivo,,Arctic Shift API
083c21bcc929e3ae,cscareerquestions,2022-08-22T23:13:47+00:00,0.0,0.81,0.19,0.8621,positivo,,Arctic Shift API
5a76a2498827ce6b,programming,2023-10-23T19:14:11+00:00,0.0,1.0,0.0,0.0,neutro,,Arctic Shift API
77506b764a917444,devops,2022-08-20T20:43:07+00:00,0.0,1.0,0.0,0.0,neutro,,Arctic Shift API
ed426fa1340ff578,programming,2022-04-25T21:31:02+00:00,0.0,0.819,0.181,0.9153,positivo,,Arctic Shift API
799b60114501cae7,cscareerquestions,2021-07-10T23:34:49+00:00,0.067,0.89,0.043,-0.1997,negativo,,Arctic Shift API
a273a4aaafc2869c,cscareerquestions,2024-12-24T00:28:31+00:00,0.096,0.843,0.061,-0.5798,negativo,stress; stressful; on call,Arctic Shift API
03688333c551c2b3,cscareerquestions,2023-05-31T23:33:58+00:00,0.034,0.891,0.074,0.7276,positivo,,Arctic Shift API
9a6ef0885f887fb9,programming,2023-08-21T23:27:13+00:00,0.02,0.903,0.077,0.6908,positivo,,Arctic Shift API
3a835076f86c0421,programming,2021-09-22T20:46:39+00:00,0.0,0.819,0.181,0.8115,positivo,,Arctic Shift API
2bd2a9ff41258b41,programming,2023-05-28T00:19:06+00:00,0.098,0.827,0.075,-0.1531,negativo,,Arctic Shift API
757d264546337315,cscareerquestions,2024-01-30T00:43:20+00:00,0.0,0.663,0.337,0.7269,positivo,,Arctic Shift API
b476da22fba474e8,devops,2022-06-14T02:02:12+00:00,0.085,0.813,0.102,0.1027,positivo,,Arctic Shift API
9472e6c0199ad6fa,devops,2021-10-25T17:35:16+00:00,0.0,0.769,0.231,0.3412,positivo,,Arctic Shift API
38a51f9bba242a37,cscareerquestions,2021-12-11T23:57:33+00:00,0.0,1.0,0.0,0.0,neutro,,Arctic Shift API
e8e33b273eff78dd,devops,2024-12-01T01:07:34+00:00,0.131,0.827,0.042,-0.6808,negativo,,Arctic Shift API
511ef58806907ab0,programming,2022-08-13T23:55:57+00:00,0.213,0.787,0.0,-0.8225,negativo,,Arctic Shift API
be91e4a59af452a5,cscareerquestions,2022-06-02T00:13:06+00:00,0.037,0.787,0.176,0.8671,positivo,,Arctic Shift API
69f06dc90c79600a,devops,2024-04-25T00:27:07+00:00,0.065,0.902,0.034,-0.3291,negativo,,Arctic Shift API
bb7cae55e361a721,cscareerquestions,2022-07-22T00:08:47+00:00,0.045,0.841,0.114,0.4019,positivo,,Arctic Shift API
c40be8aac27f3eb4,cscareerquestions,2023-10-29T01:03:37+00:00,0.146,0.783,0.07,-0.4404,negativo,,Arctic Shift API
4c30cada5ae5ca06,programming,2023-05-13T21:18:43+00:00,0.038,0.889,0.074,0.7069,positivo,,Arctic Shift API
2f9956e33b5a9405,devops,2023-04-05T23:43:47+00:00,0.237,0.763,0.0,-0.4767,negativo,,Arctic Shift API
01a2f42d41c80fb5,devops,2022-07-25T20:27:52+00:00,0.088,0.849,0.063,-0.5267,negativo,,Arctic Shift API
554f0c9059c552a1,programming,2023-07-12T22:03:16+00:00,0.047,0.794,0.16,0.886,positivo,,Arctic Shift API
6ebd6e3427781a2d,devops,2024-10-23T20:46:43+00:00,0.043,0.774,0.183,0.966,positivo,bug,Arctic Shift API
e0e9dbdc483ba5cf,programming,2024-10-02T23:30:40+00:00,0.0,0.505,0.495,0.5994,positivo,,Arctic Shift API
e39a3a94db1e374d,cscareerquestions,2021-01-06T23:09:23+00:00,0.0,1.0,0.0,0.0,neutro,,Arctic Shift API
36003dce4595a24e,devops,2022-10-05T22:20:26+00:00,0.0,0.691,0.309,0.7391,positivo,,Arctic Shift API
ea8d06edd0904357,devops,2022-12-10T17:33:51+00:00,0.0,0.78,0.22,0.9741,positivo,,Arctic Shift API
c5cf1ad06912f68e,programming,2024-01-24T22:04:46+00:00,0.0,0.469,0.531,0.9775,positivo,,Arctic Shift API
ac529202aef13b0b,devops,2023-05-01T23:15:02+00:00,0.06,0.797,0.143,0.7184,positivo,,Arctic Shift API
25367b60e52b9c52,cscareerquestions,2021-05-12T23:43:35+00:00,0.0,1.0,0.0,0.0,neutro,,Arctic Shift API
be91730ff3b12eed,cscareerquestions,2023-08-30T23:40:20+00:00,0.018,0.84,0.142,0.8072,positivo,,Arctic Shift API
72534f6aad808512,devops,2022-10-15T17:53:35+00:00,0.068,0.727,0.205,0.9592,positivo,,Arctic Shift API
0a9f168fb1e207e3,devops,2022-04-07T04:53:45+00:00,0.0,1.0,0.0,0.0,neutro,,Arctic Shift API
008ca01b4b16038c,devops,2022-05-11T17:01:22+00:00,0.0,0.884,0.116,0.2732,positivo,,Arctic Shift API
0f3deb4371cd866d,cscareerquestions,2024-04-29T23:22:03+00:00,0.042,0.87,0.088,0.5574,positivo,,Arctic Shift API
e7b14812d7f44fc7,cscareerquestions,2024-07-15T23:10:35+00:00,0.0,1.0,0.0,0.0,neutro,,Arctic Shift API
b8f5b747b4b87cbb,devops,2023-09-04T17:25:42+00:00,0.0,0.552,0.448,0.807,positivo,,Arctic Shift API
cc102f6d4418d534,cscareerquestions,2024-10-09T23:40:01+00:00,0.159,0.726,0.115,-0.7579,negativo,,Arctic Shift API
3f5147e7b80c2f33,programming,2022-06-12T07:03:25+00:00,0.038,0.962,0.0,-0.2755,negativo,,Arctic Shift API
f7102ce588fa0fc8,devops,2022-09-25T01:51:31+00:00,0.026,0.752,0.222,0.949,positivo,,Arctic Shift API
a12d4ac5b204fd07,devops,2022-11-25T15:19:32+00:00,0.0,0.861,0.139,0.8591,positivo,,Arctic Shift API
35a9f7cb5b73333e,cscareerquestions,2023-02-04T23:32:12+00:00,0.0,0.86,0.14,0.3818,positivo,,Arctic Shift API
d9f0205ea9001621,cscareerquestions,2023-12-11T23:04:51+00:00,0.038,0.863,0.098,0.6187,positivo,,Arctic Shift API
a6c006ab29e133a9,devops,2023-11-27T23:30:19+00:00,0.059,0.941,0.0,-0.0516,negativo,,Arctic Shift API
3493f45ed7a84787,cscareerquestions,2023-01-24T00:11:33+00:00,0.12,0.55,0.33,0.6361,positivo,,Arctic Shift API
f8a5f2cc17dabff8,devops,2024-08-31T19:51:32+00:00,0.0,0.726,0.274,0.5994,positivo,,Arctic Shift API
fa34a970150c09f3,cscareerquestions,2024-02-24T23:27:03+00:00,0.264,0.736,0.0,-0.7269,negativo,,Arctic Shift API
8796d70e6370e2fd,cscareerquestions,2021-12-04T22:30:36+00:00,0.009,0.851,0.14,0.9666,positivo,,Arctic Shift API
fd28ea336cc1d86d,programming,2021-08-30T22:49:41+00:00,0.0,0.819,0.181,0.8192,positivo,,Arctic Shift API
458df395e153ad1f,cscareerquestions,2023-09-04T23:10:32+00:00,0.128,0.698,0.174,0.2023,positivo,,Arctic Shift API
ff5ef9fc895ae227,devops,2021-03-13T22:32:27+00:00,0.0,0.774,0.226,0.2594,positivo,,Arctic Shift API
5a187aa966a7f1f7,devops,2022-09-09T15:24:17+00:00,0.0,0.914,0.086,0.3919,positivo,,Arctic Shift API
d6945bfac5637564,devops,2022-09-09T05:17:34+00:00,0.0,0.938,0.062,0.4404,positivo,,Arctic Shift API
dea7c042e54d6d7d,cscareerquestions,2023-06-12T02:57:51+00:00,0.0,0.955,0.045,0.2144,positivo,bug,Arctic Shift API
73c3fc76e807909a,programming,2022-05-26T02:17:57+00:00,0.081,0.845,0.074,-0.3933,negativo,,Arctic Shift API
d1a450f91596fbaf,cscareerquestions,2023-02-14T00:07:09+00:00,0.042,0.87,0.088,0.5574,positivo,,Arctic Shift API
553fd672a185ee0b,cscareerquestions,2024-05-19T00:48:33+00:00,0.119,0.793,0.087,-0.2535,negativo,,Arctic Shift API
e82d80d6ea062a59,cscareerquestions,2024-11-24T00:23:52+00:00,0.146,0.807,0.046,-0.8271,negativo,,Arctic Shift API
7c17b6f50828f9dd,programming,2023-02-22T23:32:40+00:00,0.0,0.81,0.19,0.5095,positivo,,Arctic Shift API
1f182be952c06a7d,programming,2024-09-15T02:56:17+00:00,0.192,0.615,0.192,0.0,neutro,overload,Arctic Shift API
77b980b9e6fbf3fb,cscareerquestions,2021-11-22T23:30:27+00:00,0.026,0.818,0.156,0.7579,positivo,,Arctic Shift API
b930dd637f22d3bb,cscareerquestions,2021-01-31T01:05:02+00:00,0.083,0.801,0.116,0.0609,positivo,,Arctic Shift API
e0660951a06b2d0b,devops,2022-01-22T18:03:09+00:00,0.0,0.65,0.35,0.8485,positivo,,Arctic Shift API
78b6363b9da7f921,devops,2022-07-02T20:48:05+00:00,0.045,0.861,0.094,0.567,positivo,burnout,Arctic Shift API
ae188b18d181eb28,programming,2023-07-11T02:28:11+00:00,0.129,0.506,0.365,0.6369,positivo,,Arctic Shift API
a6970cd510dc2ead,programming,2022-03-10T01:36:11+00:00,0.0,1.0,0.0,0.0,neutro,,Arctic Shift API
0a194eaef58993e9,programming,2024-05-03T00:35:22+00:00,0.048,0.909,0.043,-0.0754,negativo,,Arctic Shift API
e99f67517fafc887,programming,2022-05-22T00:04:22+00:00,0.0,0.961,0.039,0.296,positivo,,Arctic Shift API
eb3a7e6e450d6613,programming,2022-01-09T01:07:43+00:00,0.072,0.772,0.157,0.8224,positivo,,Arctic Shift API
665676190f4f0042,devops,2022-06-29T21:59:50+00:00,0.0,0.935,0.065,0.3182,positivo,,Arctic Shift API
9ed54b49fbb9e60e,programming,2022-11-15T00:01:19+00:00,0.112,0.768,0.12,0.2485,positivo,,Arctic Shift API
024263e71ce1b045,devops,2021-08-24T07:38:11+00:00,0.029,0.896,0.075,0.8188,positivo,,Arctic Shift API
e294b0900659c1c4,programming,2023-04-12T23:20:38+00:00,0.0,0.906,0.094,0.3612,positivo,,Arctic Shift API
d47f7d59c54c0c17,cscareerquestions,2022-11-05T23:25:40+00:00,0.111,0.692,0.198,0.9706,positivo,bug,Arctic Shift API
154ce5f703eda3d2,devops,2023-07-21T14:00:30+00:00,0.011,0.871,0.118,0.8881,positivo,,Arctic Shift API
eab0e9a0510f3418,devops,2021-01-28T23:15:02+00:00,0.235,0.765,0.0,-0.6113,negativo,,Arctic Shift API
1704acc4e1118d4b,devops,2022-02-26T19:40:26+00:00,0.0,0.393,0.607,0.4754,positivo,,Arctic Shift API
4612aabce9e0f3cc,cscareerquestions,2024-06-30T00:09:27+00:00,0.0,0.703,0.297,0.4215,positivo,,Arctic Shift API
ca567fd20b20b25e,programming,2022-11-10T04:04:45+00:00,0.092,0.744,0.163,0.8218,positivo,,Arctic Shift API
7cc09b6f6e972858,devops,2024-09-05T01:56:01+00:00,0.072,0.885,0.043,-0.2263,negativo,,Arctic Shift API
333063814b5e4dfa,devops,2022-11-16T19:38:01+00:00,0.0,0.599,0.401,0.5707,positivo,,Arctic Shift API
8626b6d4747ced48,cscareerquestions,2022-09-17T23:13:48+00:00,0.172,0.391,0.437,0.5267,positivo,,Arctic Shift API
eb496229cf2ddf92,cscareerquestions,2022-10-25T00:43:42+00:00,0.149,0.851,0.0,-0.0572,negativo,,Arctic Shift API
0f78a99b1c2dc7c0,devops,2021-12-09T03:56:27+00:00,0.0,1.0,0.0,0.0,neutro,,Arctic Shift API
dbc60c9ba904cd5a,devops,2024-07-18T03:36:05+00:00,0.02,0.926,0.054,0.7953,positivo,,Arctic Shift API
2842d55b3f1564da,cscareerquestions,2021-11-05T00:26:56+00:00,0.047,0.808,0.145,0.9672,positivo,,Arctic Shift API
cd95fef9dfe1f09f,devops,2024-03-02T22:02:32+00:00,0.0,0.948,0.052,0.5267,positivo,,Arctic Shift API
06b1c5ee03e0bfa0,devops,2022-06-15T23:05:14+00:00,0.0,1.0,0.0,0.0,neutro,,Arctic Shift API
73d33c2406414c99,programming,2021-06-29T00:07:10+00:00,0.0,0.821,0.179,0.9527,positivo,,Arctic Shift API
212cee8731221b9c,devops,2023-05-17T20:18:04+00:00,0.375,0.625,0.0,-0.4588,negativo,,Arctic Shift API
76473e287a65fadb,devops,2024-02-23T04:48:26+00:00,0.22,0.661,0.119,-0.3182,negativo,,Arctic Shift API
d61a08418b7594cb,programming,2024-10-04T00:49:07+00:00,0.0,1.0,0.0,0.0,neutro,,Arctic Shift API
b3e29264ff927938,programming,2022-08-22T23:42:04+00:00,0.016,0.873,0.11,0.945,positivo,,Arctic Shift API
a2f80770acc32cc2,programming,2021-09-13T22:25:04+00:00,0.0,0.891,0.109,0.3182,positivo,,Arctic Shift API
dcf401d6919ebcac,cscareerquestions,2022-12-07T23:27:21+00:00,0.1,0.817,0.082,-0.4019,negativo,,Arctic Shift API
4cdfbcb177b4e930,programming,2024-09-09T22:36:11+00:00,0.0,0.843,0.157,0.3818,positivo,,Arctic Shift API
c8f1d94b67cc1092,programming,2024-03-29T00:44:22+00:00,0.072,0.855,0.072,0.0,neutro,,Arctic Shift API
dfdd825fa7fc0213,devops,2024-06-20T08:47:12+00:00,0.088,0.777,0.134,0.0772,positivo,,Arctic Shift API
d7ba36d14927141a,devops,2021-10-26T13:15:33+00:00,0.0,0.875,0.125,0.8442,positivo,,Arctic Shift API
55e2236cdf0c0970,cscareerquestions,2022-12-20T00:16:45+00:00,0.263,0.645,0.092,-0.9054,negativo,,Arctic Shift API
54b0c7c1eac62a84,devops,2022-06-30T02:05:02+00:00,0.011,0.894,0.095,0.9621,positivo,,Arctic Shift API
39d327e9773e601a,cscareerquestions,2024-12-26T00:17:23+00:00,0.0,0.866,0.134,0.5423,positivo,,Arctic Shift API
eda1abf1c0d1a72b,devops,2021-05-22T13:52:32+00:00,0.0,0.752,0.248,0.765,positivo,,Arctic Shift API
131ce77c29e3885e,cscareerquestions,2021-09-20T23:00:39+00:00,0.0,0.823,0.177,0.4973,positivo,,Arctic Shift API
1681ad5e5db06161,cscareerquestions,2023-03-13T23:23:31+00:00,0.0,1.0,0.0,0.0,neutro,,Arctic Shift API
1eaea4fc5f155c94,cscareerquestions,2022-05-26T00:46:49+00:00,0.138,0.694,0.167,0.7373,positivo,,Arctic Shift API
6a1a1262be4c110b,cscareerquestions,2022-01-09T00:13:31+00:00,0.098,0.823,0.079,-0.1531,negativo,,Arctic Shift API
9f5211f7298cd0e1,cscareerquestions,2024-12-11T23:04:34+00:00,0.025,0.909,0.066,0.5484,positivo,,Arctic Shift API
0dfac6bbb0a33795,devops,2024-10-03T07:38:44+00:00,0.099,0.901,0.0,-0.296,negativo,,Arctic Shift API
9743ca065cf0a0b1,devops,2021-02-27T23:23:50+00:00,0.0,0.842,0.158,0.6858,positivo,,Arctic Shift API
271898ff86144829,cscareerquestions,2022-01-01T23:29:42+00:00,0.0,1.0,0.0,0.0,neutro,,Arctic Shift API
2f1c5f15c9976fb0,cscareerquestions,2024-07-05T00:24:06+00:00,0.0,1.0,0.0,0.0,neutro,,Arctic Shift API
9dc2306090de0dbf,programming,2024-11-05T00:15:07+00:00,0.042,0.823,0.135,0.9142,positivo,,Arctic Shift API
c30c289d9d1bd1dc,devops,2023-10-15T14:47:27+00:00,0.038,0.923,0.039,0.0129,neutro,,Arctic Shift API
32f4814d873922fc,cscareerquestions,2023-11-02T00:57:57+00:00,0.023,0.887,0.09,0.4593,positivo,,Arctic Shift API
f18133a7e45882e5,programming,2023-12-04T23:11:11+00:00,0.041,0.846,0.113,0.2023,positivo,,Arctic Shift API
e915e422db522d12,devops,2023-07-15T21:32:58+00:00,0.0,0.951,0.049,0.7256,positivo,bug,Arctic Shift API
cf4e0c999b580643,cscareerquestions,2022-12-06T00:03:18+00:00,0.0,0.932,0.068,0.4019,positivo,,Arctic Shift API
7e82cef06127369a,programming,2021-03-27T23:34:30+00:00,0.174,0.65,0.177,0.0364,neutro,,Arctic Shift API
21c4f12ec16e83dc,cscareerquestions,2022-02-12T23:33:32+00:00,0.0,0.86,0.14,0.6908,positivo,,Arctic Shift API
45f81a5934454bdd,devops,2024-02-19T22:31:08+00:00,0.03,0.72,0.251,0.9001,positivo,,Arctic Shift API
7b383f329c60c173,cscareerquestions,2023-12-18T23:44:12+00:00,0.086,0.817,0.097,0.4039,positivo,,Arctic Shift API
46bf8a6703fbae80,programming,2024-01-10T23:41:26+00:00,0.0,0.741,0.259,0.4215,positivo,,Arctic Shift API
70d37992ca116425,programming,2022-05-09T21:16:08+00:00,0.086,0.837,0.076,-0.1027,negativo,crash,Arctic Shift API
5b5015160c1535c5,programming,2022-10-25T00:28:02+00:00,0.151,0.73,0.119,0.0076,neutro,,Arctic Shift API
2ef953ed8b87c43b,programming,2021-06-27T03:16:57+00:00,0.044,0.818,0.138,0.5729,positivo,,Arctic Shift API
db095909ec212a0b,programming,2023-08-15T01:44:13+00:00,0.0,1.0,0.0,0.0,neutro,,Arctic Shift API
ff5cc1434a029029,cscareerquestions,2023-11-18T23:38:30+00:00,0.339,0.459,0.202,-0.3612,negativo,,Arctic Shift API
b57547a5b88378df,cscareerquestions,2022-06-08T23:51:35+00:00,0.0,0.85,0.15,0.9178,positivo,,Arctic Shift API
07c0283d2e4398e2,devops,2024-02-17T23:34:59+00:00,0.064,0.805,0.132,0.3506,positivo,,Arctic Shift API
918d99749cfa01c8,devops,2024-10-15T02:18:23+00:00,0.051,0.949,0.0,-0.34,negativo,,Arctic Shift API
ffbd745e27b17cfc,programming,2023-04-06T00:26:47+00:00,0.314,0.351,0.335,0.1102,positivo,,Arctic Shift API
1b3bc676ed85f9dc,devops,2021-10-20T21:32:31+00:00,0.076,0.851,0.073,-0.7003,negativo,stress; deadline; deadlines,Arctic Shift API
db776ae09e94a2f2,devops,2022-02-12T21:13:58+00:00,0.053,0.769,0.178,0.9274,positivo,,Arctic Shift API
b1384b4971030a77,programming,2024-03-13T22:26:45+00:00,0.084,0.798,0.119,0.2212,positivo,,Arctic Shift API
72bbb51dc581877c,programming,2023-08-08T04:15:46+00:00,0.0,0.634,0.366,0.7474,positivo,,Arctic Shift API
2d0552462f4fcefb,programming,2024-08-16T04:18:05+00:00,0.171,0.703,0.126,-0.3129,negativo,,Arctic Shift API
f184b9e5412ab63e,cscareerquestions,2021-11-20T23:33:07+00:00,0.0,1.0,0.0,0.0,neutro,,Arctic Shift API
797759c52ae541d3,devops,2022-01-01T21:37:41+00:00,0.0,1.0,0.0,0.0,neutro,,Arctic Shift API
c406cbe45b231dd7,programming,2021-03-02T00:18:49+00:00,0.2,0.732,0.068,-0.8776,negativo,,Arctic Shift API
024cb5e71ee0b817,programming,2024-01-23T02:52:40+00:00,0.102,0.805,0.093,0.1754,positivo,,Arctic Shift API
2b47d9249c4f40e2,devops,2021-09-26T12:28:23+00:00,0.0,0.845,0.155,0.6486,positivo,,Arctic Shift API
3b9eee71c55c9275,cscareerquestions,2022-06-01T23:44:40+00:00,0.0,0.844,0.156,0.6124,positivo,,Arctic Shift API
c0dcc3468eb5b1ab,cscareerquestions,2024-08-03T23:41:10+00:00,0.087,0.764,0.149,0.8538,positivo,,Arctic Shift API
e49eaf48eb94d6d0,programming,2021-02-26T00:43:21+00:00,0.147,0.666,0.187,0.8118,positivo,,Arctic Shift API
9cb5783656832566,cscareerquestions,2023-09-18T23:33:56+00:00,0.0,0.924,0.076,0.5994,positivo,,Arctic Shift API
128382002241642f,cscareerquestions,2021-01-05T00:16:39+00:00,0.0,0.96,0.04,0.0772,positivo,,Arctic Shift API
d4922eb2d5f81693,programming,2024-10-12T23:14:03+00:00,0.0,1.0,0.0,0.0,neutro,,Arctic Shift API
f7ea5b793c389eca,devops,2022-10-08T14:45:10+00:00,0.028,0.792,0.18,0.9042,positivo,,Arctic Shift API
a47ae50fc9d1ae77,devops,2023-10-21T16:54:14+00:00,0.0,1.0,0.0,0.0,neutro,,Arctic Shift API
91da0fe3c398ccae,devops,2022-11-29T00:35:52+00:00,0.0,1.0,0.0,0.0,neutro,,Arctic Shift API
546eafa3e01d4326,cscareerquestions,2021-04-13T00:56:27+00:00,0.053,0.884,0.063,0.1027,positivo,,Arctic Shift API
a87150104b483fb6,devops,2021-11-13T18:39:01+00:00,0.0,0.803,0.197,0.9488,positivo,,Arctic Shift API
a23b778826725b23,cscareerquestions,2022-03-02T23:11:25+00:00,0.086,0.88,0.034,-0.4748,negativo,,Arctic Shift API
eb545a5cb93567a5,devops,2022-09-17T21:07:21+00:00,0.0,0.694,0.306,0.7579,positivo,,Arctic Shift API
0f88321974871016,devops,2021-04-14T15:01:18+00:00,0.027,0.733,0.24,0.954,positivo,,Arctic Shift API
1f30de01e3e0d6da,cscareerquestions,2022-07-30T23:43:50+00:00,0.0,1.0,0.0,0.0,neutro,,Arctic Shift API
6c3b383f3c933628,devops,2021-06-13T12:13:34+00:00,0.028,0.865,0.106,0.6902,positivo,,Arctic Shift API
8938bba4affaba1b,devops,2024-04-02T05:11:16+00:00,0.117,0.8,0.083,-0.4291,negativo,,Arctic Shift API
90a919acb35cf55b,programming,2022-12-11T02:33:28+00:00,0.08,0.92,0.0,-0.6163,negativo,,Arctic Shift API
23f10d69a97c5666,cscareerquestions,2022-10-25T00:17:48+00:00,0.113,0.645,0.242,0.3818,positivo,,Arctic Shift API
86c830b43efa87b1,cscareerquestions,2022-08-12T00:52:57+00:00,0.021,0.866,0.113,0.6808,positivo,,Arctic Shift API
880859f9aa8c2fc9,cscareerquestions,2022-10-03T23:29:10+00:00,0.025,0.856,0.119,0.6369,positivo,,Arctic Shift API
1c9211c4068ce220,cscareerquestions,2021-04-09T00:31:03+00:00,0.0,1.0,0.0,0.0,neutro,,Arctic Shift API
5b4254b5048bff30,programming,2023-10-10T00:51:07+00:00,0.053,0.825,0.122,0.723,positivo,,Arctic Shift API
1e12152126df79f1,programming,2022-05-31T01:10:35+00:00,0.131,0.729,0.14,0.0,neutro,,Arctic Shift API
587a5f2273c1b680,devops,2024-02-28T23:10:24+00:00,0.241,0.759,0.0,-0.5423,negativo,,Arctic Shift API
7a083d15c9f8346f,programming,2024-08-24T21:33:18+00:00,0.0,1.0,0.0,0.0,neutro,,Arctic Shift API
e20512763f66b7e8,programming,2022-10-08T22:11:34+00:00,0.321,0.679,0.0,-0.6369,negativo,,Arctic Shift API
1183cab4317de7f7,programming,2023-12-18T22:54:31+00:00,0.0,1.0,0.0,0.0,neutro,,Arctic Shift API
e9a38adc936cbaf2,devops,2022-03-09T23:50:51+00:00,0.088,0.749,0.163,0.714,positivo,,Arctic Shift API
4a61d2302ee35242,devops,2021-10-30T15:14:03+00:00,0.0,0.96,0.04,0.3818,positivo,,Arctic Shift API
418fc44670fcd91d,programming,2022-03-16T22:49:02+00:00,0.153,0.742,0.105,-0.2732,negativo,,Arctic Shift API
94312aca4d676edb,devops,2021-04-05T22:27:48+00:00,0.0,0.441,0.559,0.5859,positivo,,Arctic Shift API
ccdc63d3dc0785c8,programming,2023-12-17T00:46:15+00:00,0.0,0.888,0.112,0.5106,positivo,,Arctic Shift API
e20fed58bea1df43,cscareerquestions,2021-01-11T23:14:02+00:00,0.0,1.0,0.0,0.0,neutro,,Arctic Shift API
dcb61032b2860dfd,devops,2024-07-11T08:41:58+00:00,0.0,0.728,0.272,0.6808,positivo,,Arctic Shift API
a4191519901f7ead,devops,2021-11-09T09:47:30+00:00,0.0,0.775,0.225,0.4939,positivo,,Arctic Shift API
b3679fc8d8551030,cscareerquestions,2023-08-11T00:11:52+00:00,0.103,0.82,0.077,-0.7341,negativo,,Arctic Shift API
02faf5158c4c1b38,devops,2023-07-01T16:45:32+00:00,0.096,0.884,0.02,-0.7399,negativo,,Arctic Shift API
4d736ea7e7f1e5c2,programming,2021-06-19T23:15:42+00:00,0.076,0.893,0.031,-0.5423,negativo,,Arctic Shift API
e18b4aef299cf5ca,cscareerquestions,2021-03-29T23:04:20+00:00,0.139,0.834,0.026,-0.9363,negativo,,Arctic Shift API
de9165fc6c8cee76,cscareerquestions,2024-02-25T00:03:30+00:00,0.042,0.87,0.088,0.5574,positivo,,Arctic Shift API
3461ad0d516dd93e,cscareerquestions,2024-02-25T00:29:53+00:00,0.063,0.937,0.0,-0.6124,negativo,,Arctic Shift API
90f8aca16c76f44b,cscareerquestions,2024-11-09T23:12:23+00:00,0.0,0.908,0.092,0.4345,positivo,,Arctic Shift API
46af968c89aa6fef,cscareerquestions,2023-04-23T00:01:16+00:00,0.155,0.789,0.056,-0.8918,negativo,,Arctic Shift API
709366bbe3a8ee3d,cscareerquestions,2024-11-11T23:27:13+00:00,0.0,0.803,0.197,0.4927,positivo,,Arctic Shift API
b9ecdb75f0838554,cscareerquestions,2022-10-12T23:56:19+00:00,0.0,0.636,0.364,0.909,positivo,,Arctic Shift API
4212c2d8b0e2f278,cscareerquestions,2021-09-05T00:27:27+00:00,0.0,0.824,0.176,0.8611,positivo,,Arctic Shift API
2edb975edfd7368a,cscareerquestions,2022-08-18T00:02:52+00:00,0.0,0.943,0.057,0.1027,positivo,,Arctic Shift API
2413f027f976cd92,cscareerquestions,2022-06-05T00:52:46+00:00,0.027,0.934,0.039,0.0156,neutro,,Arctic Shift API
003dd81ee5936a62,devops,2024-01-11T06:19:32+00:00,0.0,0.46,0.54,0.7065,positivo,,Arctic Shift API
83cd8bcd2d180b1f,programming,2024-07-30T00:26:09+00:00,0.049,0.791,0.16,0.9773,positivo,,Arctic Shift API
29e3ff6d30489f2a,programming,2024-06-09T01:11:58+00:00,0.0,1.0,0.0,0.0,neutro,,Arctic Shift API
a82cc11fa1b5736e,devops,2022-12-08T00:33:50+00:00,0.141,0.804,0.055,-0.6562,negativo,,Arctic Shift API
abf2a107a0480431,programming,2023-04-04T00:24:01+00:00,0.09,0.608,0.302,0.7945,positivo,,Arctic Shift API
c17d9c5b0a1a725e,cscareerquestions,2022-01-20T00:33:02+00:00,0.141,0.813,0.045,-0.7351,negativo,,Arctic Shift API
588ad64a259bcb46,programming,2024-01-18T01:24:20+00:00,0.0,0.889,0.111,0.1877,positivo,,Arctic Shift API
3b0f9c23a9a4d7f1,devops,2022-06-27T22:40:30+00:00,0.375,0.625,0.0,-0.4939,negativo,,Arctic Shift API
4edb2eebf98f49ec,programming,2023-07-19T22:20:46+00:00,0.0,1.0,0.0,0.0,neutro,,Arctic Shift API
239e70a58a8145fd,programming,2022-09-19T22:06:18+00:00,0.161,0.839,0.0,-0.3612,negativo,,Arctic Shift API
91a03f7507d0ce29,devops,2021-07-23T13:49:58+00:00,0.0,0.972,0.028,0.1154,positivo,,Arctic Shift API
f203589a7313dfb4,devops,2022-06-14T11:39:43+00:00,0.0,0.932,0.068,0.3612,positivo,,Arctic Shift API
597ab89cd2d518fe,programming,2022-04-16T21:54:55+00:00,0.036,0.919,0.045,-0.09,negativo,,Arctic Shift API
ec07fbbdc2362965,programming,2024-01-05T02:18:29+00:00,0.0,1.0,0.0,0.0,neutro,bug,Arctic Shift API
2f709396672f564f,devops,2022-03-19T18:00:53+00:00,0.056,0.867,0.077,0.2263,positivo,,Arctic Shift API
a58a2877f7a6be2c,cscareerquestions,2021-08-12T00:10:54+00:00,0.169,0.642,0.189,0.2846,positivo,,Arctic Shift API
bada7bc9f930d31c,devops,2023-06-11T12:49:56+00:00,0.0,0.67,0.33,0.7841,positivo,,Arctic Shift API
290f239c69c92617,devops,2024-10-14T22:37:27+00:00,0.08,0.722,0.198,0.8881,positivo,,Arctic Shift API
671b933a7f7d9bcf,cscareerquestions,2021-07-26T23:16:36+00:00,0.082,0.817,0.101,-0.0536,negativo,,Arctic Shift API
e657d34e79058360,programming,2021-08-26T02:57:56+00:00,0.238,0.664,0.098,-0.5647,negativo,,Arctic Shift API
ba7c603ece612b1f,devops,2024-12-23T23:50:50+00:00,0.184,0.765,0.051,-0.5643,negativo,,Arctic Shift API
d0fd5bac341f078e,devops,2024-06-22T21:36:38+00:00,0.0,0.928,0.072,0.6249,positivo,,Arctic Shift API
b44931dbb7e627cd,programming,2022-12-06T00:43:23+00:00,0.077,0.923,0.0,-0.5267,negativo,,Arctic Shift API
24c7616b5297803a,cscareerquestions,2023-04-04T00:51:33+00:00,0.0,0.865,0.135,0.7227,positivo,,Arctic Shift API
d5f002af512b8fe8,cscareerquestions,2022-02-11T00:21:21+00:00,0.047,0.819,0.134,0.8014,positivo,bug,Arctic Shift API
08f13ba3fb15373a,devops,2022-12-31T20:47:19+00:00,0.0,0.698,0.302,0.3818,positivo,,Arctic Shift API
66a99164de8834ae,programming,2021-01-01T02:08:36+00:00,0.151,0.527,0.322,0.4432,positivo,,Arctic Shift API
ce324ca7024f6a79,devops,2023-04-26T21:41:43+00:00,0.0,1.0,0.0,0.0,neutro,,Arctic Shift API
b2aa35d6b7f496c4,programming,2022-09-07T21:16:57+00:00,0.119,0.732,0.149,0.9724,positivo,,Arctic Shift API
24bd428e4b2debb0,programming,2023-06-09T00:56:12+00:00,0.0,1.0,0.0,0.0,neutro,,Arctic Shift API
97d1328165e48b76,cscareerquestions,2022-01-10T23:31:11+00:00,0.057,0.744,0.199,0.9649,positivo,,Arctic Shift API
b74f8bc9413c2ddf,devops,2021-04-13T06:49:45+00:00,0.389,0.531,0.08,-0.8649,negativo,,Arctic Shift API
b1900d7037bec46e,programming,2023-07-27T05:02:42+00:00,0.0,0.741,0.259,0.4215,positivo,,Arctic Shift API
1991fe3f84b354a4,cscareerquestions,2022-05-28T23:34:12+00:00,0.524,0.476,0.0,-0.765,negativo,,Arctic Shift API
f689c95e78d145db,cscareerquestions,2023-04-26T23:29:41+00:00,0.052,0.858,0.091,0.8207,positivo,stress; stressed; stressful; deadline; deadlines,Arctic Shift API
167f61ee3e0c5e90,programming,2022-01-25T01:27:18+00:00,0.051,0.799,0.15,0.9376,positivo,,Arctic Shift API
398f601e3f4503f1,cscareerquestions,2024-01-12T00:07:39+00:00,0.058,0.717,0.226,0.5267,positivo,,Arctic Shift API
0ae4ba9192361bcb,devops,2024-01-03T22:34:20+00:00,0.0,1.0,0.0,0.0,neutro,,Arctic Shift API
1a872a9778ae8330,cscareerquestions,2021-07-13T00:41:56+00:00,0.125,0.809,0.067,-0.6663,negativo,,Arctic Shift API
abd1fe8d8aef5122,devops,2022-03-21T22:39:26+00:00,0.0,0.933,0.067,0.8208,positivo,,Arctic Shift API
ab8b9c614e242a54,cscareerquestions,2022-05-25T23:59:11+00:00,0.329,0.585,0.086,-0.7845,negativo,,Arctic Shift API
8b8e79d21ca47fa9,cscareerquestions,2022-10-12T22:34:20+00:00,0.0,1.0,0.0,0.0,neutro,,Arctic Shift API
2161528639026ca8,programming,2024-11-13T23:20:10+00:00,0.114,0.886,0.0,-0.4019,negativo,,Arctic Shift API
0704d2708a0552e2,programming,2023-11-09T02:09:28+00:00,0.095,0.868,0.036,-0.5256,negativo,,Arctic Shift API
e2d1548a0b4a489b,devops,2024-02-27T00:03:51+00:00,0.185,0.815,0.0,-0.5267,negativo,,Arctic Shift API
804dbd4be089c560,cscareerquestions,2024-04-07T00:19:04+00:00,0.0,1.0,0.0,0.0,neutro,,Arctic Shift API
2cc786b55ac2c327,devops,2021-10-13T22:46:33+00:00,0.0,0.898,0.102,0.5106,positivo,,Arctic Shift API
470f97722243ec6d,programming,2024-08-21T22:30:09+00:00,0.046,0.712,0.242,0.9374,positivo,,Arctic Shift API
a98ed067999d33de,devops,2021-09-01T18:33:19+00:00,0.0,1.0,0.0,0.0,neutro,,Arctic Shift API
44087a1ad06e7a8a,programming,2024-03-28T01:36:47+00:00,0.045,0.955,0.0,-0.296,negativo,,Arctic Shift API
ff35bbc4b103c3e9,programming,2024-12-14T22:31:55+00:00,0.111,0.814,0.075,-0.5859,negativo,crash,Arctic Shift API
ff1740831f68d7b1,devops,2022-03-19T18:58:27+00:00,0.0,0.849,0.151,0.8555,positivo,,Arctic Shift API
98df5ebb65d75572,programming,2022-04-14T00:00:01+00:00,0.016,0.871,0.113,0.9306,positivo,,Arctic Shift API
e0e134307d9976e8,cscareerquestions,2024-08-31T23:48:45+00:00,0.0,0.695,0.305,0.9493,positivo,,Arctic Shift API
b1aecc25029cc093,devops,2024-03-17T03:21:17+00:00,0.054,0.814,0.132,0.249,positivo,,Arctic Shift API
f10aca1e7fa417b6,devops,2024-07-08T23:55:43+00:00,0.0,0.776,0.224,0.8537,positivo,,Arctic Shift API
ce1670575875816d,programming,2023-02-05T00:46:44+00:00,0.026,0.787,0.187,0.9689,positivo,,Arctic Shift API
db1514755b11153d,cscareerquestions,2021-06-11T00:22:22+00:00,0.0,0.757,0.243,0.7819,positivo,,Arctic Shift API
b334c4b2046be5d9,programming,2021-04-15T01:00:08+00:00,0.17,0.358,0.472,0.6395,positivo,,Arctic Shift API
e39dedda6314b149,programming,2021-10-02T23:11:48+00:00,0.0,0.924,0.076,0.34,positivo,,Arctic Shift API
7299ff4fe903deaa,cscareerquestions,2023-04-16T00:37:47+00:00,0.057,0.776,0.167,0.99,positivo,,Arctic Shift API
2a928d2dad553fdc,programming,2021-11-26T00:22:12+00:00,0.0,0.883,0.117,0.4927,positivo,,Arctic Shift API
d292e7fa9f9d102e,programming,2022-11-08T01:56:15+00:00,0.0,1.0,0.0,0.0,neutro,,Arctic Shift API
3e4b1c77e2c07ea6,devops,2022-02-11T03:26:04+00:00,0.0,0.864,0.136,0.4847,positivo,,Arctic Shift API
241e0d080829f04e,cscareerquestions,2021-10-31T00:16:37+00:00,0.133,0.742,0.125,0.09,positivo,,Arctic Shift API
4d079b02be93384f,devops,2021-12-28T01:39:11+00:00,0.071,0.64,0.289,0.898,positivo,,Arctic Shift API
5ba0e4942ab6178e,programming,2024-06-15T19:26:07+00:00,0.067,0.831,0.101,0.8732,positivo,,Arctic Shift API
daf6ea10c52a3a2c,cscareerquestions,2023-05-04T00:33:05+00:00,0.033,0.854,0.113,0.8032,positivo,,Arctic Shift API
fd6ba7cdd6f25079,cscareerquestions,2022-03-31T00:49:52+00:00,0.05,0.84,0.11,0.296,positivo,,Arctic Shift API
47f972c76cb8afad,cscareerquestions,2022-08-08T23:53:00+00:00,0.0,0.823,0.177,0.4767,positivo,,Arctic Shift API
d00fa8dcf5b6f48a,programming,2022-02-25T00:23:20+00:00,0.0,0.866,0.134,0.8519,positivo,bug,Arctic Shift API
18498c576d8d1528,programming,2021-08-28T23:14:53+00:00,0.022,0.946,0.032,0.6798,positivo,,Arctic Shift API
a88fb4a90f6dbf38,cscareerquestions,2021-11-25T01:11:08+00:00,0.0,0.968,0.032,0.2331,positivo,,Arctic Shift API
3db581bb9dbceeb0,devops,2023-03-01T21:40:41+00:00,0.0,0.838,0.162,0.8176,positivo,incident,Arctic Shift API
7157e0fe19fdc473,programming,2022-08-18T00:58:27+00:00,0.0,0.862,0.138,0.7506,positivo,,Arctic Shift API
b545fa4fcb948cbe,programming,2022-05-21T22:39:26+00:00,0.093,0.64,0.268,0.934,positivo,,Arctic Shift API
4a125c1d0179d771,cscareerquestions,2023-08-18T00:33:28+00:00,0.0,0.952,0.048,0.0772,positivo,,Arctic Shift API
7538ee3140f01f1e,devops,2022-03-11T05:04:33+00:00,0.0,0.734,0.266,0.4404,positivo,,Arctic Shift API
fe8672a2c31aab70,cscareerquestions,2024-10-18T00:06:17+00:00,0.271,0.587,0.142,-0.368,negativo,,Arctic Shift API
c73ab5c0446e7fb4,devops,2024-08-29T00:52:40+00:00,0.0,0.841,0.159,0.765,positivo,,Arctic Shift API
18fc59393500e619,devops,2022-02-28T20:48:29+00:00,0.0,1.0,0.0,0.0,neutro,,Arctic Shift API
1c07395d328e8e1e,cscareerquestions,2021-07-15T00:56:03+00:00,0.116,0.799,0.085,-0.1725,negativo,,Arctic Shift API
e6d788da48511faf,devops,2023-01-09T19:36:43+00:00,0.0,0.588,0.412,0.8984,positivo,,Arctic Shift API
1650ef864102f9ab,programming,2022-07-08T01:38:07+00:00,0.0,0.641,0.359,0.4215,positivo,,Arctic Shift API
8d693d66975ca1ea,devops,2022-06-03T04:08:00+00:00,0.156,0.694,0.15,-0.0516,negativo,,Arctic Shift API
07082f1eba417960,programming,2024-01-17T22:24:16+00:00,0.047,0.795,0.159,0.5256,positivo,,Arctic Shift API
7b070174c3848bcf,cscareerquestions,2022-05-15T00:46:09+00:00,0.0,1.0,0.0,0.0,neutro,,Arctic Shift API
586db568c54cc4f1,cscareerquestions,2022-09-23T00:26:44+00:00,0.0,0.839,0.161,0.9127,positivo,,Arctic Shift API
0f8757b16f4028c3,devops,2022-03-21T18:40:17+00:00,0.0,0.806,0.194,0.8655,positivo,,Arctic Shift API
1f17dba270175e24,cscareerquestions,2023-05-14T00:57:38+00:00,0.0,0.412,0.588,0.4329,positivo,,Arctic Shift API
5b07a1cdeda4b8dc,cscareerquestions,2024-08-07T23:05:18+00:00,0.0,0.828,0.172,0.7717,positivo,,Arctic Shift API
c0aa825d4e279cb7,programming,2021-10-03T00:27:22+00:00,0.126,0.817,0.057,-0.4404,negativo,,Arctic Shift API
e2c37b58f40272c6,devops,2023-06-30T15:04:04+00:00,0.145,0.784,0.071,-0.7964,negativo,,Arctic Shift API
9a8746c808665850,cscareerquestions,2023-03-06T23:33:51+00:00,0.04,0.726,0.234,0.7461,positivo,,Arctic Shift API
fdbea906b2d770f0,devops,2021-09-17T01:23:47+00:00,0.124,0.876,0.0,-0.4019,negativo,,Arctic Shift API
8cfa661a4eb5eca5,devops,2023-09-14T03:32:21+00:00,0.125,0.676,0.199,0.2732,positivo,,Arctic Shift API
4f5e2a197f68b289,devops,2021-12-30T06:03:45+00:00,0.0,0.632,0.368,0.8577,positivo,,Arctic Shift API
234b7920f4184d07,devops,2022-05-28T15:18:06+00:00,0.08,0.824,0.097,-0.1027,negativo,,Arctic Shift API
44adb02be68abe3c,devops,2022-11-18T06:57:13+00:00,0.059,0.793,0.148,0.646,positivo,,Arctic Shift API
8233f07f6bbc0cab,devops,2022-07-23T14:56:10+00:00,0.02,0.922,0.058,0.6956,positivo,outage,Arctic Shift API
26a6841f423fb305,cscareerquestions,2023-12-24T00:51:15+00:00,0.022,0.79,0.188,0.9646,positivo,,Arctic Shift API
3e97bde33d644730,cscareerquestions,2021-02-17T22:55:27+00:00,0.0,1.0,0.0,0.0,neutro,,Arctic Shift API
46c7100e4bc8482d,cscareerquestions,2024-11-11T23:53:24+00:00,0.014,0.828,0.158,0.9513,positivo,,Arctic Shift API
5de66424fbf99f61,cscareerquestions,2023-12-04T23:33:05+00:00,0.157,0.843,0.0,-0.802,negativo,crash,Arctic Shift API
f8c6c49a90c72514,cscareerquestions,2022-11-30T23:40:39+00:00,0.035,0.84,0.125,0.5966,positivo,,Arctic Shift API
672450b00de71ed2,devops,2023-09-22T01:53:16+00:00,0.068,0.789,0.143,0.6845,positivo,,Arctic Shift API
b47d658fc0ec81c4,cscareerquestions,2021-09-07T00:19:26+00:00,0.0,0.902,0.098,0.34,positivo,,Arctic Shift API
d36a78eea8018f58,cscareerquestions,2021-03-31T23:25:53+00:00,0.036,0.771,0.193,0.9052,positivo,,Arctic Shift API
4407253296025393,cscareerquestions,2021-06-11T01:07:41+00:00,0.04,0.66,0.3,0.9012,positivo,,Arctic Shift API
59fd87220374b811,programming,2021-02-27T23:33:02+00:00,0.06,0.882,0.058,-0.0258,neutro,,Arctic Shift API
93b1ce23deda5f18,devops,2023-12-29T02:01:46+00:00,0.0,0.635,0.365,0.5574,positivo,,Arctic Shift API
efc282cb58b00be3,programming,2023-03-10T00:47:06+00:00,0.018,0.871,0.111,0.8176,positivo,,Arctic Shift API
4135ecb9ced378f4,cscareerquestions,2021-09-25T23:22:26+00:00,0.079,0.798,0.123,0.9519,positivo,,Arctic Shift API
ebd5bbaeb0d44f1e,cscareerquestions,2024-04-24T22:48:11+00:00,0.028,0.812,0.16,0.9959,positivo,,Arctic Shift API
8a4707953ff907bb,programming,2023-07-05T23:32:33+00:00,0.0,1.0,0.0,0.0,neutro,,Arctic Shift API
1197ab7e201319f2,programming,2022-04-02T23:00:54+00:00,0.0,0.939,0.061,0.4019,positivo,,Arctic Shift API
9e4d184062b6ad86,cscareerquestions,2023-02-20T23:55:20+00:00,0.061,0.843,0.096,0.8319,positivo,,Arctic Shift API
90086428fabf6ef0,cscareerquestions,2021-12-19T00:53:26+00:00,0.0,0.778,0.222,0.6908,positivo,,Arctic Shift API
5f5d9f2bb2e73646,programming,2024-10-13T09:12:42+00:00,0.229,0.551,0.22,-0.09,negativo,,Arctic Shift API
a173a152535c2503,programming,2023-04-14T02:56:58+00:00,0.0,1.0,0.0,0.0,neutro,,Arctic Shift API
9ef6cedce1e86c43,devops,2022-05-09T23:14:07+00:00,0.135,0.613,0.252,0.2263,positivo,,Arctic Shift API
c9136cc87995921c,devops,2022-01-07T07:36:35+00:00,0.096,0.765,0.139,0.5956,positivo,,Arctic Shift API
6472a74414464a1c,cscareerquestions,2022-01-24T23:05:10+00:00,0.046,0.886,0.067,0.3859,positivo,,Arctic Shift API
b4d89cf32fbf3f81,devops,2021-12-29T17:18:33+00:00,0.266,0.702,0.032,-0.9464,negativo,,Arctic Shift API
26ea506b26c3509e,programming,2022-12-24T22:46:48+00:00,0.042,0.878,0.08,-0.0247,neutro,,Arctic Shift API
dd36be62d2f215eb,programming,2022-12-30T00:04:33+00:00,0.0,1.0,0.0,0.0,neutro,,Arctic Shift API
49820fc5e32fa815,programming,2021-10-13T22:39:35+00:00,0.0,1.0,0.0,0.0,neutro,,Arctic Shift API
c4e11cb504c23e78,devops,2021-03-25T10:06:35+00:00,0.059,0.852,0.089,0.1901,positivo,,Arctic Shift API
bcf19cd96772ede0,devops,2023-03-29T22:29:41+00:00,0.085,0.915,0.0,-0.1695,negativo,,Arctic Shift API
6cfa9fc7fabf9319,devops,2024-06-29T21:14:01+00:00,0.092,0.818,0.09,0.2354,positivo,,Arctic Shift API
f557bc2f82ed25d2,programming,2021-10-04T23:55:24+00:00,0.023,0.927,0.05,0.1779,positivo,,Arctic Shift API
6e5efa552e117cac,programming,2021-11-08T23:28:38+00:00,0.311,0.557,0.132,-0.7269,negativo,,Arctic Shift API
6674fe05228804bf,programming,2023-10-15T00:16:42+00:00,0.099,0.873,0.027,-0.7269,negativo,,Arctic Shift API
79df151b5d6bacaf,programming,2024-01-05T02:56:42+00:00,0.0,0.821,0.179,0.5719,positivo,,Arctic Shift API
ed03f10a1fef27c9,programming,2022-01-18T02:11:01+00:00,0.0,0.694,0.306,0.6486,positivo,,Arctic Shift API
8bce66f143e8465a,devops,2022-05-21T22:37:26+00:00,0.042,0.823,0.135,0.8399,positivo,,Arctic Shift API
63aa9619fdf8f692,devops,2021-12-28T05:47:31+00:00,0.0,0.884,0.116,0.9014,positivo,,Arctic Shift API
9a12f94d20575c47,cscareerquestions,2023-04-29T23:15:25+00:00,0.059,0.834,0.107,0.5775,positivo,,Arctic Shift API
fef3a1248ccc3150,cscareerquestions,2024-12-11T23:59:12+00:00,0.109,0.836,0.055,-0.7351,negativo,,Arctic Shift API
e98e0c55c7a7876c,programming,2021-07-10T23:25:54+00:00,0.0,0.845,0.155,0.6486,positivo,,Arctic Shift API
7180fdf0c6057c39,devops,2021-09-23T13:52:05+00:00,0.0,1.0,0.0,0.0,neutro,,Arctic Shift API
1fd34eef4789f94f,devops,2024-04-27T18:18:57+00:00,0.073,0.927,0.0,-0.5994,negativo,,Arctic Shift API
76bf4d0368d91f21,devops,2023-12-28T06:54:16+00:00,0.0,1.0,0.0,0.0,neutro,,Arctic Shift API
57f5c3fe5d5530a7,programming,2023-04-13T02:12:14+00:00,0.0,1.0,0.0,0.0,neutro,,Arctic Shift API
fbb186e6cbdaadcd,cscareerquestions,2024-03-25T23:15:31+00:00,0.054,0.869,0.078,0.2272,positivo,,Arctic Shift API
50d42643e8c3219c,cscareerquestions,2021-03-04T00:39:00+00:00,0.0,0.783,0.217,0.3008,positivo,,Arctic Shift API
3c44b09c269bf19a,devops,2023-03-20T20:00:38+00:00,0.064,0.691,0.246,0.7269,positivo,,Arctic Shift API
b84808d53b8b538e,programming,2021-05-02T03:39:31+00:00,0.0,1.0,0.0,0.0,neutro,,Arctic Shift API
799d1c1f632e68c7,programming,2023-09-04T21:53:12+00:00,0.0,1.0,0.0,0.0,neutro,,Arctic Shift API
4f2c72fe0d55e777,cscareerquestions,2021-11-26T00:48:19+00:00,0.08,0.786,0.133,0.6603,positivo,,Arctic Shift API
a3c2acbce40e5b37,devops,2023-11-27T17:34:41+00:00,0.075,0.821,0.104,0.1531,positivo,,Arctic Shift API
c2dfee9acb991b45,devops,2022-08-07T10:37:44+00:00,0.063,0.937,0.0,-0.2359,negativo,,Arctic Shift API
65ac11997db83dff,programming,2021-09-06T22:31:07+00:00,0.415,0.585,0.0,-0.7501,negativo,,Arctic Shift API
619ed4712b4314aa,cscareerquestions,2022-08-31T23:30:38+00:00,0.114,0.752,0.134,-0.1045,negativo,,Arctic Shift API
b7b9498aa5f67d64,cscareerquestions,2022-11-17T00:37:59+00:00,0.0,0.764,0.236,0.872,positivo,,Arctic Shift API
c84779eca4ff6d90,cscareerquestions,2024-04-05T00:19:16+00:00,0.149,0.851,0.0,-0.5423,negativo,,Arctic Shift API
93707c98fcb6cbb0,cscareerquestions,2024-08-03T23:47:15+00:00,0.0,0.828,0.172,0.7717,positivo,,Arctic Shift API
c64f421d806453db,cscareerquestions,2024-12-23T23:32:39+00:00,0.114,0.746,0.139,0.128,positivo,,Arctic Shift API
68954c734fc3f98d,programming,2023-10-25T22:34:38+00:00,0.051,0.873,0.076,0.34,positivo,,Arctic Shift API
b792041938e57279,programming,2022-09-19T21:20:53+00:00,0.171,0.829,0.0,-0.6979,negativo,,Arctic Shift API
a90cdfdc5192b93d,programming,2024-09-21T23:36:51+00:00,0.107,0.857,0.036,-0.608,negativo,,Arctic Shift API
5cf5fb3907f1dfdc,programming,2022-05-22T02:44:46+00:00,0.045,0.873,0.082,0.7554,positivo,stress,Arctic Shift API
628f7b90da09807e,devops,2021-01-29T03:06:55+00:00,0.223,0.655,0.122,-0.8625,negativo,,Arctic Shift API
865d7359651f3223,programming,2023-12-27T22:37:38+00:00,0.041,0.959,0.0,-0.3252,negativo,,Arctic Shift API
4b67a16d950550c7,programming,2021-07-22T01:00:33+00:00,0.0,0.899,0.101,0.6494,positivo,,Arctic Shift API
0c2ed0eed18e107b,programming,2024-04-11T01:00:45+00:00,0.075,0.813,0.112,0.1154,positivo,,Arctic Shift API
95f86bc2e6f98188,devops,2021-09-20T19:32:19+00:00,0.07,0.732,0.199,0.9359,positivo,,Arctic Shift API
bcebc2ff7fda5de8,cscareerquestions,2022-12-22T00:29:31+00:00,0.0,0.78,0.22,0.684,positivo,,Arctic Shift API
06e9d5b601cfa9a5,devops,2022-06-03T00:53:08+00:00,0.0,1.0,0.0,0.0,neutro,,Arctic Shift API
367d16d8d19e0554,cscareerquestions,2021-10-02T23:25:42+00:00,0.121,0.879,0.0,-0.5106,negativo,,Arctic Shift API
f1eb95a05a87c546,cscareerquestions,2022-03-21T23:30:37+00:00,0.039,0.811,0.15,0.9602,positivo,,Arctic Shift API
6397e0a8eeaabcb2,devops,2022-07-07T07:27:36+00:00,0.0,1.0,0.0,0.0,neutro,,Arctic Shift API
669bf9d1f833c22c,devops,2024-02-17T21:47:39+00:00,0.0,0.88,0.12,0.1967,positivo,,Arctic Shift API
cfb0018eee2ea318,cscareerquestions,2023-11-28T00:44:36+00:00,0.0,0.857,0.143,0.6696,positivo,,Arctic Shift API
4e15dfaeb91e8031,programming,2021-07-20T02:05:12+00:00,0.041,0.931,0.028,-0.1093,negativo,,Arctic Shift API
513d683895a42203,cscareerquestions,2024-10-22T00:56:17+00:00,0.103,0.685,0.212,0.8107,positivo,,Arctic Shift API
1a70bc43f3fa7c9a,programming,2021-02-07T04:12:27+00:00,0.0,0.866,0.134,0.5267,positivo,,Arctic Shift API
006adf0de683ef94,devops,2021-04-06T10:54:27+00:00,0.08,0.92,0.0,-0.4696,negativo,,Arctic Shift API
ed685c64cac10056,devops,2021-01-15T01:13:26+00:00,0.0,0.943,0.057,0.1154,positivo,,Arctic Shift API
76c90c4b42b11dd9,cscareerquestions,2023-12-26T00:59:45+00:00,0.0,0.609,0.391,0.5423,positivo,,Arctic Shift API
6f2146f5032c9d9b,devops,2023-05-18T05:38:33+00:00,0.0,1.0,0.0,0.0,neutro,,Arctic Shift API
43abdbe0d499eaa3,programming,2022-06-15T23:00:04+00:00,0.0,0.906,0.094,0.7351,positivo,,Arctic Shift API
742d11dd501b2788,programming,2021-04-05T22:33:48+00:00,0.111,0.76,0.129,0.3804,positivo,,Arctic Shift API
3aa386d1388efacb,cscareerquestions,2023-12-10T00:16:31+00:00,0.021,0.979,0.0,-0.0258,neutro,,Arctic Shift API
08860f612035ac3f,cscareerquestions,2023-01-14T23:48:11+00:00,0.035,0.843,0.122,0.6962,positivo,,Arctic Shift API
15d667c3b7eda87f,cscareerquestions,2024-04-27T23:06:22+00:00,0.08,0.734,0.186,0.8901,positivo,,Arctic Shift API
f8cb8d19e4a96fd4,programming,2021-06-14T23:52:26+00:00,0.018,0.944,0.037,0.3922,positivo,,Arctic Shift API
9e06c36b4f5c8bde,programming,2021-06-29T01:33:25+00:00,0.126,0.772,0.102,-0.4215,negativo,,Arctic Shift API
d0700d70286a52e8,devops,2024-09-13T01:08:07+00:00,0.0,1.0,0.0,0.0,neutro,,Arctic Shift API
70a3a4131706fd8c,devops,2024-11-26T03:12:01+00:00,0.123,0.726,0.151,0.25,positivo,,Arctic Shift API
548596d5644be91a,cscareerquestions,2023-09-14T00:06:17+00:00,0.462,0.538,0.0,-0.5106,negativo,,Arctic Shift API
4482431593c44432,devops,2021-09-11T21:37:51+00:00,0.057,0.745,0.199,0.5315,positivo,,Arctic Shift API
9ec82e2efbbb0cd4,cscareerquestions,2024-07-11T00:10:24+00:00,0.089,0.862,0.049,-0.264,negativo,,Arctic Shift API
efb9c583e530d2d8,cscareerquestions,2024-09-27T00:09:34+00:00,0.0,0.475,0.525,0.8286,positivo,,Arctic Shift API
d4643e7e600ca35c,cscareerquestions,2021-06-07T22:55:01+00:00,0.092,0.771,0.138,0.2105,positivo,,Arctic Shift API
e60ae87e919e6580,cscareerquestions,2021-05-26T23:31:11+00:00,0.0,0.882,0.118,0.9294,positivo,,Arctic Shift API
a6460175a206432a,cscareerquestions,2023-06-01T00:53:34+00:00,0.143,0.736,0.12,-0.4297,negativo,,Arctic Shift API
f23b5fb466708a60,programming,2022-09-23T00:08:37+00:00,0.159,0.721,0.12,-0.2023,negativo,,Arctic Shift API
f0c5ef79050f9067,programming,2024-04-07T02:31:20+00:00,0.0,0.877,0.123,0.4215,positivo,,Arctic Shift API
5d16c1f1602af3ed,cscareerquestions,2023-04-16T00:24:42+00:00,0.105,0.532,0.362,0.9782,positivo,,Arctic Shift API
95ba72a5bd28b009,devops,2022-01-28T07:00:07+00:00,0.028,0.857,0.115,0.9809,positivo,,Arctic Shift API
7c6bc7e89a0806f4,cscareerquestions,2023-08-01T00:15:31+00:00,0.06,0.851,0.09,0.5612,positivo,,Arctic Shift API
b7d56300757ac46e,programming,2022-01-04T00:35:18+00:00,0.0,0.909,0.091,0.508,positivo,,Arctic Shift API
5949bde12cc17c64,programming,2021-03-08T22:35:27+00:00,0.0,1.0,0.0,0.0,neutro,,Arctic Shift API
fe287ef1e1ed16c7,cscareerquestions,2021-05-07T00:54:29+00:00,0.341,0.536,0.123,-0.5927,negativo,,Arctic Shift API
b93ef941b4937603,cscareerquestions,2023-02-13T23:31:37+00:00,0.079,0.76,0.161,0.3129,positivo,,Arctic Shift API
85cd553e19ff70ee,devops,2023-01-14T19:29:32+00:00,0.0,0.886,0.114,0.4019,positivo,,Arctic Shift API
b2fc6c03797f6c1c,devops,2024-05-30T04:44:42+00:00,0.0,0.864,0.136,0.296,positivo,,Arctic Shift API
f5177e896ce6f0af,programming,2023-11-07T02:15:18+00:00,0.0,0.871,0.129,0.5927,positivo,,Arctic Shift API
1b070673bd529a47,devops,2024-04-02T04:11:47+00:00,0.098,0.841,0.061,-0.2617,negativo,,Arctic Shift API
e26498850d241279,cscareerquestions,2023-03-17T00:14:01+00:00,0.03,0.846,0.125,0.7964,positivo,,Arctic Shift API
efc2956428a44380,cscareerquestions,2021-10-13T23:12:21+00:00,0.0,0.901,0.099,0.3919,positivo,,Arctic Shift API
7eff0505510a5fe1,programming,2022-08-27T22:05:21+00:00,0.37,0.534,0.095,-0.802,negativo,,Arctic Shift API
005eb9c0245143b4,devops,2024-02-23T04:18:01+00:00,0.0,1.0,0.0,0.0,neutro,,Arctic Shift API
df2c2defa5f34cf3,programming,2024-09-26T03:54:26+00:00,0.0,1.0,0.0,0.0,neutro,,Arctic Shift API
3ea43db2dfac1bda,programming,2022-09-16T00:12:26+00:00,0.0,0.909,0.091,0.0772,positivo,,Arctic Shift API
394a95ef97150949,devops,2021-08-02T23:57:21+00:00,0.0,0.846,0.154,0.5994,positivo,,Arctic Shift API
1852ae59afdfa51e,programming,2024-02-15T00:51:41+00:00,0.138,0.772,0.09,-0.6186,negativo,,Arctic Shift API
b65684aefceffe9b,cscareerquestions,2021-09-26T00:35:50+00:00,0.0,1.0,0.0,0.0,neutro,,Arctic Shift API
3e54c045801d2611,devops,2021-05-09T08:24:36+00:00,0.061,0.82,0.118,0.9471,positivo,burnout,Arctic Shift API
dea2ed7adcbe5f2c,cscareerquestions,2023-08-14T23:39:17+00:00,0.017,0.818,0.165,0.922,positivo,,Arctic Shift API
aa0a99621ee8674a,devops,2023-05-22T21:08:29+00:00,0.0,0.488,0.512,0.8591,positivo,,Arctic Shift API
59a8da1fafe86326,devops,2022-05-08T17:47:26+00:00,0.0,0.903,0.097,0.4574,positivo,,Arctic Shift API
e4ba2747787be21a,devops,2024-03-18T21:44:02+00:00,0.0,0.597,0.403,0.9768,positivo,,Arctic Shift API
1821b4ba7a919aa5,cscareerquestions,2023-05-28T00:18:13+00:00,0.0,0.906,0.094,0.4019,positivo,,Arctic Shift API
352fc15fe6e3be66,cscareerquestions,2022-03-15T00:52:50+00:00,0.094,0.906,0.0,-0.4588,negativo,,Arctic Shift API
7a0f339224acc308,cscareerquestions,2023-12-23T23:56:15+00:00,0.0,0.926,0.074,0.3182,positivo,,Arctic Shift API
96ce2afe48334eab,cscareerquestions,2024-06-01T23:35:12+00:00,0.0,0.856,0.144,0.6597,positivo,,Arctic Shift API
df4534c4d06766c9,cscareerquestions,2021-12-24T00:33:48+00:00,0.0,0.737,0.263,0.6124,positivo,,Arctic Shift API
101c12d2502cb539,devops,2021-02-11T07:31:37+00:00,0.163,0.837,0.0,-0.5106,negativo,,Arctic Shift API
08b891b358ef508b,cscareerquestions,2022-07-07T00:33:46+00:00,0.0,0.843,0.157,0.4215,positivo,,Arctic Shift API
84511965f46a0fda,programming,2024-09-16T23:48:19+00:00,0.141,0.859,0.0,-0.481,negativo,,Arctic Shift API
d316b4227a8c13df,cscareerquestions,2024-05-01T23:04:27+00:00,0.138,0.623,0.238,0.617,positivo,,Arctic Shift API
5ecbfc45a3cb3a36,devops,2022-08-18T09:40:26+00:00,0.078,0.712,0.21,0.6707,positivo,,Arctic Shift API
1254cca734956264,devops,2022-02-15T04:04:00+00:00,0.0,0.795,0.205,0.6908,positivo,,Arctic Shift API
971327cf44614039,programming,2024-10-31T02:06:54+00:00,0.105,0.67,0.225,0.3612,positivo,,Arctic Shift API
d1bc82786a742a4b,programming,2021-07-26T22:13:08+00:00,0.163,0.837,0.0,-0.4782,negativo,,Arctic Shift API
fead88e8bbd9b9e3,programming,2023-10-17T00:55:29+00:00,0.103,0.733,0.163,0.3728,positivo,crash,Arctic Shift API
2a8fc8e13ea78548,programming,2022-07-31T01:51:42+00:00,0.0,1.0,0.0,0.0,neutro,,Arctic Shift API
c6a0b0c944913ab1,devops,2023-08-24T00:57:02+00:00,0.0,0.899,0.101,0.4215,positivo,,Arctic Shift API
d4baa9f65825127a,programming,2024-09-26T03:51:02+00:00,0.035,0.919,0.046,-0.3911,negativo,,Arctic Shift API
b065311be4969da0,devops,2023-03-14T03:19:49+00:00,0.153,0.847,0.0,-0.5574,negativo,,Arctic Shift API
b8b635821048245f,programming,2021-04-03T23:42:58+00:00,0.021,0.877,0.102,0.7964,positivo,,Arctic Shift API
2c43b3ec838782f4,programming,2021-07-19T21:57:20+00:00,0.0,0.858,0.142,0.6486,positivo,,Arctic Shift API
04c44f23e172e72c,cscareerquestions,2024-02-24T23:46:55+00:00,0.035,0.837,0.128,0.5023,positivo,,Arctic Shift API
0a884cbffb8bbacc,programming,2023-04-11T01:25:45+00:00,0.185,0.705,0.11,-0.7981,negativo,,Arctic Shift API
f1d45c53bf0c39dd,devops,2024-05-14T05:56:21+00:00,0.0,0.809,0.191,0.8338,positivo,,Arctic Shift API
735162f6903b17fb,cscareerquestions,2023-10-21T23:12:54+00:00,0.0,0.925,0.075,0.5187,positivo,,Arctic Shift API
be471afbc251fa09,devops,2022-02-08T10:00:10+00:00,0.071,0.883,0.046,0.1248,positivo,,Arctic Shift API
2f71dd86826cbb0b,devops,2023-04-28T02:14:19+00:00,0.0,0.769,0.231,0.4019,positivo,,Arctic Shift API
df07198c2318c1a4,cscareerquestions,2021-04-08T00:50:01+00:00,0.088,0.65,0.262,0.4621,positivo,,Arctic Shift API
20414afba1dcc802,cscareerquestions,2021-06-27T00:05:19+00:00,0.0,0.791,0.209,0.578,positivo,,Arctic Shift API
ee6831233ef6404e,cscareerquestions,2023-04-16T00:16:43+00:00,0.072,0.793,0.135,0.552,positivo,,Arctic Shift API
189b4f65f93cec0f,programming,2023-12-13T23:02:23+00:00,0.234,0.644,0.122,-0.4855,negativo,,Arctic Shift API
8fcd69afbba2a0cb,devops,2024-03-04T22:32:50+00:00,0.103,0.764,0.133,0.0772,positivo,,Arctic Shift API
1dabefebae3ccb23,devops,2021-10-25T21:35:10+00:00,0.02,0.924,0.056,0.5719,positivo,drained,Arctic Shift API
59bd0d717f203adc,programming,2023-01-26T00:38:23+00:00,0.13,0.58,0.29,0.5106,positivo,,Arctic Shift API
678bbbf40b3fbfbf,cscareerquestions,2024-03-09T23:54:21+00:00,0.069,0.899,0.032,-0.2523,negativo,,Arctic Shift API
540e9edcacaad588,cscareerquestions,2021-04-29T00:11:59+00:00,0.0,0.856,0.144,0.9325,positivo,,Arctic Shift API
f3ecb69a82b52e35,devops,2024-02-02T05:52:52+00:00,0.0,0.904,0.096,0.4215,positivo,,Arctic Shift API
3db1fc9afdee4734,devops,2021-08-23T22:57:29+00:00,0.209,0.791,0.0,-0.5719,negativo,,Arctic Shift API
f4986820f8227f3b,devops,2021-01-23T13:21:38+00:00,0.0,0.882,0.118,0.6239,positivo,,Arctic Shift API
5a7b95bdf1967b6c,programming,2023-07-15T20:52:03+00:00,0.0,0.978,0.022,0.0382,neutro,,Arctic Shift API
a087d595e165ffa4,programming,2023-12-27T23:36:50+00:00,0.134,0.787,0.079,-0.3658,negativo,,Arctic Shift API
6a855260c3f7f867,programming,2024-01-19T02:44:08+00:00,0.155,0.739,0.106,-0.2648,negativo,,Arctic Shift API
1c73f5e779a3d786,devops,2024-05-10T00:35:36+00:00,0.175,0.825,0.0,-0.7783,negativo,workload,Arctic Shift API
e064b468dbfb3e83,programming,2024-04-14T00:58:51+00:00,0.0,1.0,0.0,0.0,neutro,,Arctic Shift API
1aa90da2a6628a01,devops,2022-01-03T11:59:46+00:00,0.0,0.772,0.228,0.7902,positivo,,Arctic Shift API
6f82660cb4d8da0e,cscareerquestions,2022-08-20T23:08:40+00:00,0.075,0.925,0.0,-0.296,negativo,,Arctic Shift API
67a126d9ac1fd077,programming,2023-01-10T00:55:15+00:00,0.0,0.698,0.302,0.6369,positivo,,Arctic Shift API
0bdf9139f868311a,devops,2022-06-09T01:55:30+00:00,0.0,0.933,0.067,0.2382,positivo,,Arctic Shift API
28d44453c7a10383,cscareerquestions,2023-02-18T23:41:43+00:00,0.042,0.87,0.088,0.5574,positivo,,Arctic Shift API
9fb091b6c05612ca,devops,2023-02-23T03:07:30+00:00,0.0,0.81,0.19,0.7906,positivo,,Arctic Shift API
96acb8821ec6d8f1,cscareerquestions,2021-11-14T00:03:25+00:00,0.0,0.798,0.202,0.4199,positivo,,Arctic Shift API
1b2f62478b5f498d,programming,2023-05-05T02:02:19+00:00,0.0,1.0,0.0,0.0,neutro,,Arctic Shift API
ab6d0610fc06031b,cscareerquestions,2022-10-16T01:09:42+00:00,0.0,0.769,0.231,0.6369,positivo,,Arctic Shift API
0e5664566db12571,programming,2023-08-08T05:09:23+00:00,0.0,0.808,0.192,0.6124,positivo,,Arctic Shift API
a91f3213dafac547,devops,2023-06-27T15:11:02+00:00,0.019,0.926,0.056,0.5499,positivo,,Arctic Shift API
0dccb5ad9ccb7ffd,cscareerquestions,2023-03-29T23:33:16+00:00,0.058,0.826,0.116,0.3506,positivo,,Arctic Shift API
d60739abc3d3b8d4,programming,2022-04-07T01:10:24+00:00,0.0,0.791,0.209,0.4404,positivo,,Arctic Shift API
d4caa3af65271bae,cscareerquestions,2024-10-30T23:33:27+00:00,0.051,0.856,0.093,0.3612,positivo,,Arctic Shift API
ceb20215dfff8bd7,programming,2022-07-05T03:04:58+00:00,0.0,0.785,0.215,0.6956,positivo,,Arctic Shift API
16b2480958b8bf84,devops,2024-07-26T07:05:40+00:00,0.0,1.0,0.0,0.0,neutro,,Arctic Shift API
0509bdeeb069f3d0,cscareerquestions,2024-12-04T22:35:25+00:00,0.151,0.776,0.073,-0.9834,negativo,,Arctic Shift API
0cf78a0c290a211a,cscareerquestions,2021-10-02T23:00:04+00:00,0.147,0.789,0.064,-0.7363,negativo,,Arctic Shift API
253fa581601cb1e9,programming,2023-11-27T22:19:24+00:00,0.0,1.0,0.0,0.0,neutro,,Arctic Shift API
db189b3c9d4adce4,programming,2021-09-29T22:35:07+00:00,0.0,0.769,0.231,0.4019,positivo,,Arctic Shift API
8fc392fc9914cd05,devops,2024-08-09T02:25:39+00:00,0.026,0.84,0.134,0.8832,positivo,,Arctic Shift API
b37af8d52796eae0,devops,2021-07-09T09:53:27+00:00,0.017,0.905,0.078,0.782,positivo,,Arctic Shift API
6df35cbcf660c09b,cscareerquestions,2022-04-20T23:16:52+00:00,0.066,0.891,0.043,-0.8153,negativo,,Arctic Shift API
f623659783d9e380,cscareerquestions,2023-09-23T23:27:40+00:00,0.0,0.886,0.114,0.4019,positivo,,Arctic Shift API
4b674559a6a70d17,cscareerquestions,2023-10-31T00:24:53+00:00,0.097,0.903,0.0,-0.7783,negativo,,Arctic Shift API
82e5594913f2e14d,cscareerquestions,2024-04-13T23:16:16+00:00,0.0,0.816,0.184,0.4019,positivo,,Arctic Shift API
03606cf5edb844bf,programming,2024-01-29T22:31:33+00:00,0.153,0.658,0.189,0.0772,positivo,tired,Arctic Shift API
18d2e8defd90dede,devops,2021-02-03T14:57:47+00:00,0.051,0.822,0.127,0.5978,positivo,,Arctic Shift API
2c30f714b3379d1e,devops,2024-04-18T03:11:13+00:00,0.0,0.925,0.075,0.2732,positivo,,Arctic Shift API
c38f4612d0596d18,programming,2021-11-29T22:17:20+00:00,0.0,0.931,0.069,0.5859,positivo,,Arctic Shift API
5451351978fb4d55,programming,2023-01-14T21:00:59+00:00,0.0,0.87,0.13,0.2732,positivo,,Arctic Shift API
878cded7ca380215,devops,2022-02-12T20:16:52+00:00,0.04,0.879,0.081,0.3134,positivo,,Arctic Shift API
740543e037ea1266,cscareerquestions,2024-01-09T00:00:17+00:00,0.042,0.87,0.088,0.5574,positivo,,Arctic Shift API
9ded90db4b3ad3b6,programming,2022-06-19T01:45:38+00:00,0.0,0.901,0.099,0.4754,positivo,,Arctic Shift API
92013b2cb4c81ec8,cscareerquestions,2021-12-21T00:33:56+00:00,0.0,1.0,0.0,0.0,neutro,,Arctic Shift API
869212d37443e574,cscareerquestions,2023-08-27T00:42:06+00:00,0.064,0.798,0.138,0.946,positivo,,Arctic Shift API
fffe15ea4f8999c6,programming,2024-06-19T22:26:17+00:00,0.0,0.75,0.25,0.6124,positivo,,Arctic Shift API
25c7d9c2a78a5d1f,programming,2022-07-09T23:58:50+00:00,0.0,0.822,0.178,0.6479,positivo,,Arctic Shift API
ea02b590dfb7134f,programming,2022-01-25T00:55:38+00:00,0.0,1.0,0.0,0.0,neutro,,Arctic Shift API
65e98ee7cc7f7445,programming,2023-03-01T21:19:19+00:00,0.0,0.816,0.184,0.6486,positivo,,Arctic Shift API
a49550a92ad74063,cscareerquestions,2023-05-04T00:40:09+00:00,0.047,0.734,0.219,0.7064,positivo,,Arctic Shift API
946369ba8db99177,cscareerquestions,2021-01-21T00:10:12+00:00,0.0,0.867,0.133,0.7698,positivo,,Arctic Shift API
a8b9d14fde560293,programming,2021-09-29T22:12:00+00:00,0.0,0.342,0.658,0.8625,positivo,,Arctic Shift API
065d4eedc04b1527,cscareerquestions,2021-09-29T23:47:05+00:00,0.025,0.93,0.045,0.555,positivo,,Arctic Shift API
d649c9521c3d5e38,cscareerquestions,2022-05-17T00:06:24+00:00,0.129,0.595,0.275,0.7269,positivo,,Arctic Shift API
2bf6f784c7dbf861,cscareerquestions,2023-07-23T00:17:13+00:00,0.046,0.856,0.098,0.9804,positivo,overload,Arctic Shift API
ed8014779cd11e1b,devops,2022-01-31T16:57:52+00:00,0.089,0.846,0.065,-0.2144,negativo,,Arctic Shift API
9f9c8593a1feb055,devops,2021-11-10T20:34:23+00:00,0.0,0.898,0.102,0.4512,positivo,,Arctic Shift API
77a9ef97e033c58d,cscareerquestions,2023-01-31T00:14:14+00:00,0.026,0.849,0.126,0.8516,positivo,,Arctic Shift API
bb45f8f7f485a832,devops,2024-01-25T00:34:02+00:00,0.064,0.901,0.035,-0.5699,negativo,,Arctic Shift API
9604b35f4f0303cf,devops,2022-08-09T06:10:09+00:00,0.0,0.582,0.418,0.6956,positivo,,Arctic Shift API
dacd5568f6ae6ee1,cscareerquestions,2023-09-07T00:54:31+00:00,0.0,0.621,0.379,0.6705,positivo,,Arctic Shift API
5bef12989880a1c6,devops,2021-03-13T09:41:45+00:00,0.0,0.951,0.049,0.296,positivo,,Arctic Shift API
87fef8ba101fed0d,cscareerquestions,2023-09-21T00:25:05+00:00,0.0,1.0,0.0,0.0,neutro,,Arctic Shift API
fa28c38b925b2a6e,devops,2023-02-28T03:28:31+00:00,0.097,0.699,0.204,0.6133,positivo,,Arctic Shift API
4de8f498f29de079,cscareerquestions,2024-08-17T23:13:06+00:00,0.032,0.823,0.145,0.9588,positivo,,Arctic Shift API
835ef54b8a0f40fe,devops,2023-04-10T18:36:52+00:00,0.011,0.845,0.145,0.9696,positivo,,Arctic Shift API
08b615380c851859,devops,2021-01-28T05:07:57+00:00,0.0,0.741,0.259,0.2732,positivo,,Arctic Shift API
36bd7cb28dbabb27,cscareerquestions,2023-01-26T00:45:52+00:00,0.0,0.895,0.105,0.3008,positivo,,Arctic Shift API
871abbcb80d9c98c,cscareerquestions,2023-05-11T00:53:02+00:00,0.018,0.904,0.079,0.8068,positivo,,Arctic Shift API
b5d6afa23ef6d07b,devops,2023-10-16T21:33:44+00:00,0.0,0.909,0.091,0.4215,positivo,,Arctic Shift API
330ea097800ae070,cscareerquestions,2022-09-21T23:49:07+00:00,0.0,0.887,0.113,0.6397,positivo,,Arctic Shift API
bed1d5ceba512d3b,devops,2023-02-03T04:54:38+00:00,0.0,0.702,0.298,0.8176,positivo,,Arctic Shift API
4ff7de657b79df20,programming,2022-02-26T21:51:37+00:00,0.324,0.532,0.144,-0.7003,negativo,,Arctic Shift API
d2cac0cc0b8f21b6,devops,2022-04-21T02:15:03+00:00,0.059,0.892,0.049,-0.0864,negativo,,Arctic Shift API
495a8f28b3520955,programming,2021-04-30T00:37:09+00:00,0.206,0.688,0.106,-0.3612,negativo,,Arctic Shift API
e7f5e1aa08294f18,cscareerquestions,2021-07-02T00:24:30+00:00,0.064,0.88,0.056,-0.3562,negativo,,Arctic Shift API
acf06868254fbd9a,cscareerquestions,2023-07-07T00:20:32+00:00,0.035,0.873,0.092,0.6249,positivo,,Arctic Shift API
14457d861c9a56c9,programming,2024-06-08T18:38:06+00:00,0.083,0.852,0.065,-0.2582,negativo,,Arctic Shift API
f34cd1ea26536425,devops,2021-04-11T19:37:53+00:00,0.039,0.648,0.313,0.8237,positivo,,Arctic Shift API
80474f3b778ae0e6,devops,2022-04-28T09:03:16+00:00,0.062,0.88,0.058,-0.0516,negativo,,Arctic Shift API
571c58e32df8174d,devops,2022-11-11T02:04:30+00:00,0.074,0.842,0.084,0.0772,positivo,,Arctic Shift API
f11488a739edda62,programming,2021-04-22T00:07:04+00:00,0.079,0.865,0.055,0.212,positivo,,Arctic Shift API
844e27514e2581b8,cscareerquestions,2022-03-08T00:08:57+00:00,0.0,1.0,0.0,0.0,neutro,,Arctic Shift API
8f668c8765b32249,programming,2022-05-05T00:40:04+00:00,0.032,0.874,0.094,0.8034,positivo,,Arctic Shift API
8904af265846c85b,devops,2022-06-19T04:46:49+00:00,0.0,0.934,0.066,0.6531,positivo,,Arctic Shift API
b1144faf9e64d268,cscareerquestions,2021-04-01T00:28:44+00:00,0.041,0.874,0.084,0.3834,positivo,,Arctic Shift API
0a7229a5a266d756,cscareerquestions,2024-07-11T00:41:03+00:00,0.042,0.87,0.088,0.5574,positivo,,Arctic Shift API
cd26af8b54ae9262,devops,2024-07-16T06:31:45+00:00,0.0,0.748,0.252,0.6588,positivo,,Arctic Shift API
1e835b42c863b4fb,programming,2024-01-15T23:09:27+00:00,0.116,0.69,0.194,0.2023,positivo,,Arctic Shift API
3d7fc4fc0354c3bb,cscareerquestions,2021-08-14T23:05:59+00:00,0.0,1.0,0.0,0.0,neutro,,Arctic Shift API
cbc49feb642289d2,devops,2022-09-25T08:16:21+00:00,0.056,0.802,0.142,0.577,positivo,,Arctic Shift API
6be8f89236c217ee,programming,2023-03-04T23:55:32+00:00,0.04,0.738,0.221,0.7814,positivo,,Arctic Shift API
e31f1c039997fe5b,cscareerquestions,2023-04-17T23:28:35+00:00,0.147,0.794,0.058,-0.8562,negativo,,Arctic Shift API
69c77d78feac0191,cscareerquestions,2021-11-10T23:21:49+00:00,0.0,0.846,0.154,0.7096,positivo,,Arctic Shift API
9f175b14a0ed3c27,programming,2022-08-22T23:38:10+00:00,0.0,0.885,0.115,0.0772,positivo,,Arctic Shift API
fb033cbe9f371d81,devops,2023-01-02T18:20:07+00:00,0.077,0.863,0.06,-0.1759,negativo,,Arctic Shift API
fe0537fcbfc0e2ec,cscareerquestions,2023-12-16T22:44:27+00:00,0.0,0.634,0.366,0.7469,positivo,,Arctic Shift API
a31c5fba761cd70b,programming,2024-01-26T02:26:41+00:00,0.114,0.821,0.065,-0.5267,negativo,,Arctic Shift API
989448408b3186aa,programming,2023-07-22T21:24:22+00:00,0.07,0.837,0.093,0.1531,positivo,,Arctic Shift API
df77763dba1fc8eb,devops,2021-03-30T20:15:52+00:00,0.0,0.905,0.095,0.4588,positivo,,Arctic Shift API
8e91a893df319665,devops,2024-05-09T02:42:01+00:00,0.0,1.0,0.0,0.0,neutro,,Arctic Shift API
001198c56b2fee99,devops,2023-07-29T16:29:11+00:00,0.0,0.808,0.192,0.4215,positivo,,Arctic Shift API
a99e694dc85917a3,cscareerquestions,2023-08-29T00:14:33+00:00,0.0,1.0,0.0,0.0,neutro,,Arctic Shift API
ea7d646fc78b2264,cscareerquestions,2023-08-09T23:37:33+00:00,0.102,0.815,0.083,-0.3843,negativo,,Arctic Shift API
eb4ddea88cb7e727,cscareerquestions,2023-09-11T23:03:43+00:00,0.0,0.721,0.279,0.8294,positivo,,Arctic Shift API
50fce921f832568f,cscareerquestions,2022-02-02T23:43:56+00:00,0.028,0.874,0.098,0.5106,positivo,,Arctic Shift API
0b80494ba98c8b94,programming,2022-12-08T01:15:10+00:00,0.023,0.952,0.025,0.0387,neutro,,Arctic Shift API
b1fd238079e1020b,devops,2021-03-29T14:34:05+00:00,0.097,0.903,0.0,-0.4019,negativo,,Arctic Shift API
69273e5dadcb117a,programming,2024-11-06T23:15:02+00:00,0.08,0.87,0.05,-0.1811,negativo,,Arctic Shift API
1000eb88e0735650,programming,2024-08-01T01:50:40+00:00,0.151,0.708,0.141,-0.4588,negativo,,Arctic Shift API
16b166201b49beb1,devops,2024-04-25T01:45:23+00:00,0.066,0.638,0.296,0.631,positivo,,Arctic Shift API
9c9ce4e21da98fa2,cscareerquestions,2023-03-20T23:07:27+00:00,0.084,0.838,0.078,-0.0516,negativo,,Arctic Shift API
f8f23e53651387ee,devops,2024-11-22T02:59:43+00:00,0.0,0.889,0.111,0.3612,positivo,,Arctic Shift API
56ec6f78e81f0e45,devops,2023-09-08T00:36:39+00:00,0.048,0.952,0.0,-0.296,negativo,,Arctic Shift API
99b28e5bb83a1b1c,programming,2021-06-30T23:44:49+00:00,0.0,1.0,0.0,0.0,neutro,,Arctic Shift API
5d0fcebdadebf62e,devops,2021-01-17T17:01:25+00:00,0.026,0.84,0.134,0.743,positivo,,Arctic Shift API
0c0fefd3ac8df797,cscareerquestions,2021-07-30T00:12:18+00:00,0.076,0.782,0.142,0.699,positivo,,Arctic Shift API
aa438a84081e62d9,cscareerquestions,2023-02-26T00:01:12+00:00,0.14,0.812,0.049,-0.4215,negativo,,Arctic Shift API
d81d905be2634ecd,devops,2022-08-04T02:26:27+00:00,0.0,1.0,0.0,0.0,neutro,,Arctic Shift API
78f729673688a39a,devops,2023-01-11T18:04:05+00:00,0.0,1.0,0.0,0.0,neutro,,Arctic Shift API
c99dcb9a89c74613,cscareerquestions,2022-07-07T00:04:55+00:00,0.098,0.749,0.153,0.2382,positivo,,Arctic Shift API
d5d64ead93861ddf,cscareerquestions,2023-05-25T00:30:38+00:00,0.0,0.837,0.163,0.5719,positivo,,Arctic Shift API
44d9a5b83bc36c48,programming,2023-12-24T01:15:54+00:00,0.0,0.657,0.343,0.5719,positivo,,Arctic Shift API
735bc0a40a88133d,devops,2024-04-20T20:00:01+00:00,0.0,1.0,0.0,0.0,neutro,,Arctic Shift API
0d5df7242c4c2b3a,programming,2024-02-24T19:44:07+00:00,0.047,0.922,0.031,-0.101,negativo,,Arctic Shift API
c718fd7a429c11ec,programming,2021-01-20T22:41:14+00:00,0.143,0.785,0.072,-0.3696,negativo,,Arctic Shift API
377cfc6d295d37fd,cscareerquestions,2023-12-14T00:09:40+00:00,0.0,1.0,0.0,0.0,neutro,,Arctic Shift API
5d40cbc676522ce6,programming,2022-06-16T01:08:33+00:00,0.024,0.876,0.099,0.8625,positivo,,Arctic Shift API
66e7aa30df1ea52e,cscareerquestions,2024-02-24T23:57:44+00:00,0.082,0.807,0.111,0.8014,positivo,,Arctic Shift API
74bed875060faef3,cscareerquestions,2021-07-07T23:46:02+00:00,0.202,0.657,0.141,-0.7958,negativo,tired,Arctic Shift API
88176b69a9225e9b,devops,2021-09-07T11:44:12+00:00,0.0,0.95,0.05,0.4588,positivo,,Arctic Shift API
c451265f52b2560e,cscareerquestions,2023-08-08T00:25:07+00:00,0.13,0.75,0.12,-0.3492,negativo,,Arctic Shift API
c6487653e7b859bb,cscareerquestions,2023-05-06T23:55:56+00:00,0.024,0.881,0.095,0.8523,positivo,,Arctic Shift API
6fc32d2fd9eb1c70,programming,2023-01-01T00:33:17+00:00,0.0,1.0,0.0,0.0,neutro,,Arctic Shift API
664d8fd60abc022c,programming,2024-09-22T00:31:10+00:00,0.165,0.835,0.0,-0.6935,negativo,,Arctic Shift API
008a69e4530255a7,cscareerquestions,2023-07-21T00:25:30+00:00,0.0,0.83,0.17,0.9062,positivo,bug,Arctic Shift API
1eed2d523f076180,devops,2022-04-13T22:12:30+00:00,0.0,0.722,0.278,0.6124,positivo,,Arctic Shift API
b11b32618d21137a,devops,2023-03-28T02:39:45+00:00,0.055,0.793,0.152,0.8986,positivo,,Arctic Shift API
a0f51bd1b56c2dbd,cscareerquestions,2023-04-30T00:24:37+00:00,0.0,0.872,0.128,0.3612,positivo,,Arctic Shift API
7ce1b18b898d2dfb,devops,2021-02-03T18:36:46+00:00,0.0,0.878,0.122,0.6597,positivo,,Arctic Shift API
ac8d519db3540d26,cscareerquestions,2024-06-08T23:14:39+00:00,0.213,0.787,0.0,-0.4019,negativo,,Arctic Shift API
86768c3f82532f75,programming,2023-07-15T21:39:20+00:00,0.0,0.851,0.149,0.6705,positivo,,Arctic Shift API
fb5429b47c42ec1b,programming,2021-06-23T22:54:12+00:00,0.186,0.707,0.107,-0.8916,negativo,,Arctic Shift API
a2faf403b9854b22,devops,2024-09-18T20:32:03+00:00,0.0,0.856,0.144,0.2144,positivo,,Arctic Shift API
64d20e4bfb7e4f25,cscareerquestions,2023-06-22T00:41:21+00:00,0.075,0.817,0.108,0.128,positivo,,Arctic Shift API
c50c1e9169c94d51,devops,2023-08-21T17:07:59+00:00,0.0,0.921,0.079,0.3612,positivo,,Arctic Shift API
797dddd4680610dd,devops,2024-08-23T04:38:00+00:00,0.0,0.934,0.066,0.7964,positivo,,Arctic Shift API
4a68586f0e41a57f,cscareerquestions,2023-05-04T00:24:59+00:00,0.076,0.847,0.077,0.0258,neutro,,Arctic Shift API
581a02c358d25f5f,devops,2024-08-16T08:54:52+00:00,0.0,0.896,0.104,0.4939,positivo,,Arctic Shift API
f9c99da381a33ad5,programming,2024-10-17T04:04:11+00:00,0.422,0.578,0.0,-0.8299,negativo,,Arctic Shift API
f9a1fddd526729d8,cscareerquestions,2022-12-18T00:31:18+00:00,0.042,0.87,0.088,0.5574,positivo,,Arctic Shift API
150a1d880a0a5389,programming,2023-01-09T21:34:47+00:00,0.0,0.596,0.404,0.8316,positivo,,Arctic Shift API
1a72aa950894f316,programming,2023-10-26T01:50:48+00:00,0.029,0.832,0.139,0.7717,positivo,,Arctic Shift API
2fc54d2262fbddb0,programming,2023-09-22T00:09:11+00:00,0.0,0.887,0.113,0.8515,positivo,,Arctic Shift API
3f18823e7b429cc3,cscareerquestions,2021-03-02T00:55:10+00:00,0.008,0.852,0.14,0.9927,positivo,,Arctic Shift API
2d9fda9a5fbbf263,cscareerquestions,2024-02-24T23:45:59+00:00,0.0,0.966,0.034,0.431,positivo,bug,Arctic Shift API
e65415ffb2e577e6,programming,2024-06-29T22:19:24+00:00,0.055,0.906,0.039,-0.2437,negativo,,Arctic Shift API
9eacd5fb2b5ebe91,devops,2023-09-11T22:15:42+00:00,0.0,1.0,0.0,0.0,neutro,,Arctic Shift API
63884450f7be9256,programming,2024-07-06T20:48:18+00:00,0.034,0.811,0.155,0.9571,positivo,,Arctic Shift API
9973012472c709e3,cscareerquestions,2024-07-05T00:02:57+00:00,0.082,0.746,0.172,0.7783,positivo,,Arctic Shift API
30d9918596f3646b,cscareerquestions,2024-06-29T23:12:21+00:00,0.119,0.71,0.171,0.5267,positivo,,Arctic Shift API
9cbf3995c09d6409,devops,2022-08-10T23:00:18+00:00,0.078,0.781,0.141,0.972,positivo,,Arctic Shift API
74f2b7fee61ccdb9,cscareerquestions,2024-07-06T23:03:51+00:00,0.0,1.0,0.0,0.0,neutro,,Arctic Shift API
c93e58911a01f4e2,cscareerquestions,2021-04-18T00:58:50+00:00,0.018,0.9,0.081,0.5499,positivo,,Arctic Shift API
fdd4c9f2c74cd35e,devops,2024-04-27T18:08:01+00:00,0.0,1.0,0.0,0.0,neutro,,Arctic Shift API
60b589c6c06e9ea4,programming,2024-01-22T23:05:45+00:00,0.0,0.969,0.031,0.1901,positivo,,Arctic Shift API
1c005c4ce3fe0bf8,devops,2021-09-17T00:07:42+00:00,0.124,0.876,0.0,-0.34,negativo,,Arctic Shift API
aded9f93204f316e,programming,2024-07-17T23:13:22+00:00,0.0,0.756,0.244,0.7003,positivo,,Arctic Shift API
6f07e5a95031e8ce,programming,2021-03-18T00:11:37+00:00,0.0,0.905,0.095,0.4497,positivo,,Arctic Shift API
64c51fd22c6a095a,devops,2024-02-20T00:39:43+00:00,0.062,0.762,0.176,0.7608,positivo,,Arctic Shift API
9ff228b4cfc7de08,programming,2023-03-31T02:35:59+00:00,0.0,0.85,0.15,0.4588,positivo,,Arctic Shift API
1b891ecf9ddd77d5,cscareerquestions,2023-07-31T23:37:30+00:00,0.019,0.816,0.165,0.8689,positivo,,Arctic Shift API
bf7eb4a6bc2c5035,programming,2024-12-29T07:21:17+00:00,0.182,0.527,0.29,0.3506,positivo,,Arctic Shift API
97616e32b0ec0771,cscareerquestions,2024-08-29T00:00:02+00:00,0.148,0.738,0.114,-0.3818,negativo,,Arctic Shift API
178c90b2b54a6930,programming,2024-12-09T21:22:32+00:00,0.029,0.771,0.2,0.802,positivo,,Arctic Shift API
29473394f997c936,devops,2022-06-23T17:26:55+00:00,0.0,0.871,0.129,0.8805,positivo,,Arctic Shift API
c58bc1eefb3b0be3,cscareerquestions,2021-05-18T00:23:30+00:00,0.06,0.94,0.0,-0.3412,negativo,,Arctic Shift API
af65ce01de1fa332,devops,2024-06-22T22:45:33+00:00,0.0,0.896,0.104,0.2732,positivo,,Arctic Shift API
d186e0e505caea24,programming,2021-03-08T22:09:08+00:00,0.089,0.725,0.185,0.705,positivo,,Arctic Shift API
c2b8eac9f700dd4c,cscareerquestions,2024-12-16T23:29:24+00:00,0.085,0.87,0.046,-0.3832,negativo,,Arctic Shift API
997643319cf3fae8,programming,2024-08-07T23:47:45+00:00,0.0,0.553,0.447,0.8061,positivo,,Arctic Shift API
a313a74f0b359c21,programming,2024-02-15T01:34:34+00:00,0.15,0.315,0.535,0.7088,positivo,,Arctic Shift API
cb269c362ce29f9e,cscareerquestions,2024-02-24T23:39:50+00:00,0.038,0.851,0.111,0.8713,positivo,,Arctic Shift API
60ddf68f75f92f03,programming,2024-02-15T01:30:24+00:00,0.066,0.765,0.169,0.7842,positivo,,Arctic Shift API
d68bb8c2094634fc,cscareerquestions,2024-07-17T23:15:49+00:00,0.089,0.772,0.139,0.7937,positivo,,Arctic Shift API
4aa2b68ec1350539,devops,2024-03-23T22:18:43+00:00,0.056,0.884,0.061,0.0516,positivo,,Arctic Shift API
62472007c2782763,programming,2024-02-08T02:32:27+00:00,0.143,0.717,0.14,-0.0352,neutro,,Arctic Shift API
a87f973376747dea,cscareerquestions,2022-06-12T00:53:27+00:00,0.192,0.745,0.062,-0.8649,negativo,,Arctic Shift API
6cabb99625852eea,programming,2023-01-09T22:27:31+00:00,0.0,0.925,0.075,0.34,positivo,,Arctic Shift API
86fee7f01e3d4c34,cscareerquestions,2024-08-18T00:06:57+00:00,0.157,0.843,0.0,-0.4215,negativo,,Arctic Shift API
a4eac424b9b7711a,cscareerquestions,2021-06-22T01:54:01+00:00,0.0,1.0,0.0,0.0,neutro,,Arctic Shift API
f6cf0377faef44e0,cscareerquestions,2024-04-20T23:17:47+00:00,0.091,0.554,0.356,0.7712,positivo,,Arctic Shift API
f21cb006feb33d3e,devops,2022-08-22T18:53:47+00:00,0.0,0.853,0.147,0.7351,positivo,,Arctic Shift API
9497787033f80528,devops,2021-05-06T09:48:37+00:00,0.0,1.0,0.0,0.0,neutro,,Arctic Shift API
798477500b9abcf1,devops,2022-09-04T11:20:35+00:00,0.19,0.81,0.0,-0.7893,negativo,,Arctic Shift API
7cb0869dbe8787df,cscareerquestions,2024-12-18T23:16:36+00:00,0.042,0.87,0.088,0.5574,positivo,,Arctic Shift API
b64f6cf8bfe60bc9,programming,2021-10-03T00:32:51+00:00,0.0,0.919,0.081,0.296,positivo,tired,Arctic Shift API
45a8586326a2869c,programming,2024-04-08T23:25:16+00:00,0.129,0.871,0.0,-0.7096,negativo,,Arctic Shift API
fe9c56d7e70b3b41,devops,2024-06-09T13:26:13+00:00,0.0,0.888,0.112,0.9365,positivo,,Arctic Shift API
0add3c5a6c6c2a97,programming,2021-12-14T02:23:55+00:00,0.175,0.769,0.056,-0.642,negativo,,Arctic Shift API
1da5f2bebf138659,programming,2023-07-20T03:41:29+00:00,0.0,0.875,0.125,0.4588,positivo,,Arctic Shift API
d756e4cd46d3e34b,programming,2024-01-02T03:17:31+00:00,0.0,0.851,0.149,0.7906,positivo,,Arctic Shift API
eb11c3fc4ffb2274,programming,2023-08-19T22:47:28+00:00,0.029,0.859,0.112,0.4939,positivo,,Arctic Shift API
6a89ad72880df138,cscareerquestions,2023-12-12T00:40:18+00:00,0.0,1.0,0.0,0.0,neutro,,Arctic Shift API
050565333009d4cc,cscareerquestions,2023-07-15T23:48:28+00:00,0.0,0.877,0.123,0.4215,positivo,,Arctic Shift API
1631a083811cb0a4,programming,2021-01-17T00:29:32+00:00,0.0,0.891,0.109,0.4633,positivo,,Arctic Shift API
61176103c14467ca,devops,2023-11-09T05:47:24+00:00,0.118,0.829,0.053,-0.7487,negativo,,Arctic Shift API
9a2a4841d9bed2db,devops,2021-02-21T16:30:14+00:00,0.192,0.545,0.263,0.1999,positivo,,Arctic Shift API
52469be01b9b95e0,cscareerquestions,2022-08-31T23:42:49+00:00,0.0,0.846,0.154,0.9393,positivo,,Arctic Shift API
efc6ab5838e56748,cscareerquestions,2021-09-12T00:13:57+00:00,0.025,0.812,0.163,0.928,positivo,,Arctic Shift API
b382ab01c1ffa0e4,devops,2022-03-24T07:54:27+00:00,0.114,0.772,0.114,-0.3551,negativo,,Arctic Shift API
51c6b7aa7ddcc989,devops,2022-02-24T00:19:13+00:00,0.1,0.645,0.255,0.4857,positivo,,Arctic Shift API
7b2ff80d8ec221a0,cscareerquestions,2024-01-06T22:40:53+00:00,0.0,0.885,0.115,0.3252,positivo,,Arctic Shift API
ad3c528b8d8d2727,devops,2022-09-09T09:33:53+00:00,0.0,0.723,0.277,0.694,positivo,,Arctic Shift API
e88ec86bbade18cc,devops,2021-01-23T03:15:37+00:00,0.0,0.896,0.104,0.5994,positivo,,Arctic Shift API
c5f0c8f6838483e0,programming,2021-06-26T21:40:18+00:00,0.044,0.876,0.079,0.8098,positivo,,Arctic Shift API
1e96a4d1c689f81b,devops,2023-10-21T16:33:47+00:00,0.092,0.878,0.03,-0.6902,negativo,,Arctic Shift API
78e039a691455577,cscareerquestions,2024-05-28T00:00:09+00:00,0.203,0.726,0.07,-0.898,negativo,,Arctic Shift API
1e5f0d09dc96bf94,cscareerquestions,2022-08-08T23:29:17+00:00,0.0,0.948,0.052,0.2023,positivo,,Arctic Shift API
43ec998a2092fea6,programming,2021-11-05T01:28:01+00:00,0.161,0.839,0.0,-0.7845,negativo,,Arctic Shift API
3d3a99f4207ef10c,cscareerquestions,2021-06-17T00:36:24+00:00,0.039,0.914,0.047,0.0772,positivo,anxiety,Arctic Shift API
3d105a964cc60011,cscareerquestions,2022-01-10T23:19:40+00:00,0.0,0.879,0.121,0.7181,positivo,,Arctic Shift API
2590eb1ea1344b85,cscareerquestions,2024-03-26T00:29:16+00:00,0.098,0.712,0.19,0.5314,positivo,,Arctic Shift API
dd2a644334bf9c1e,devops,2023-05-29T18:00:26+00:00,0.0,0.961,0.039,0.3094,positivo,,Arctic Shift API
46276f2e73ce8907,cscareerquestions,2024-10-26T22:23:14+00:00,0.164,0.836,0.0,-0.628,negativo,,Arctic Shift API
7374acb340ffea11,cscareerquestions,2023-08-05T23:25:32+00:00,0.0,1.0,0.0,0.0,neutro,,Arctic Shift API
873febe90efcf925,devops,2024-05-26T11:56:52+00:00,0.076,0.844,0.08,0.0249,neutro,,Arctic Shift API
fa5a8eeca748cef2,cscareerquestions,2023-08-20T00:25:54+00:00,0.042,0.87,0.088,0.5574,positivo,,Arctic Shift API
5d96a7f77b2abac6,programming,2023-05-28T00:32:38+00:00,0.048,0.882,0.07,0.2212,positivo,,Arctic Shift API
6174fa73a8f7bb6a,cscareerquestions,2021-11-27T23:19:42+00:00,0.024,0.839,0.137,0.9516,positivo,,Arctic Shift API
c8ad89a8848a54cd,cscareerquestions,2024-06-14T00:13:38+00:00,0.0,1.0,0.0,0.0,neutro,,Arctic Shift API
ca05d6942771405e,cscareerquestions,2023-04-19T23:35:55+00:00,0.0,1.0,0.0,0.0,neutro,,Arctic Shift API
354bdec35a6306a4,cscareerquestions,2022-11-05T23:17:03+00:00,0.07,0.905,0.025,-0.4588,negativo,,Arctic Shift API
957ed036f7a4a1f5,programming,2021-09-08T21:55:57+00:00,0.112,0.641,0.248,0.631,positivo,,Arctic Shift API
d56f7aa4ecd3018f,cscareerquestions,2022-08-14T01:13:40+00:00,0.023,0.882,0.094,0.6896,positivo,,Arctic Shift API
122b77f990b52847,cscareerquestions,2024-01-23T00:15:11+00:00,0.0,1.0,0.0,0.0,neutro,,Arctic Shift API
01d0e38b8c0265ca,cscareerquestions,2022-11-10T00:17:24+00:00,0.205,0.696,0.099,-0.3967,negativo,,Arctic Shift API
cdf9ddb1134a5d76,programming,2022-03-13T00:57:30+00:00,0.0,0.718,0.282,0.9286,positivo,,Arctic Shift API
d94ed7738401d4bf,programming,2022-11-10T01:12:19+00:00,0.082,0.629,0.289,0.5106,positivo,,Arctic Shift API
cf981a0b6213d617,programming,2021-10-18T22:30:00+00:00,0.0,1.0,0.0,0.0,neutro,,Arctic Shift API
ee6e1d9f3f483db5,devops,2021-03-17T13:40:24+00:00,0.024,0.932,0.044,0.4512,positivo,,Arctic Shift API
ab84489c3f7adc10,devops,2024-10-28T17:58:57+00:00,0.128,0.872,0.0,-0.3919,negativo,,Arctic Shift API
0a184b176773003e,devops,2024-08-11T11:31:54+00:00,0.0,0.915,0.085,0.34,positivo,,Arctic Shift API
921afc9e9de9b290,cscareerquestions,2022-01-07T00:30:57+00:00,0.0,1.0,0.0,0.0,neutro,,Arctic Shift API
f1114fee1d9de3a1,devops,2022-03-26T22:47:31+00:00,0.123,0.877,0.0,-0.4215,negativo,,Arctic Shift API
9b5c3dee52517f63,cscareerquestions,2022-08-05T00:20:20+00:00,0.081,0.891,0.028,-0.4492,negativo,,Arctic Shift API
34aaab7a963cd04b,devops,2021-08-06T13:39:52+00:00,0.0,0.898,0.102,0.5994,positivo,,Arctic Shift API
6148710b3bf5286b,programming,2024-12-02T23:29:36+00:00,0.218,0.68,0.102,-0.7003,negativo,,Arctic Shift API
b767ab958fbbe9ab,cscareerquestions,2023-04-12T22:50:31+00:00,0.076,0.794,0.131,0.6272,positivo,pressure,Arctic Shift API
76eb0a7444ecfb89,cscareerquestions,2021-05-12T23:45:36+00:00,0.05,0.892,0.057,0.0772,positivo,,Arctic Shift API
74844af7ca230051,devops,2021-01-16T20:09:49+00:00,0.0,1.0,0.0,0.0,neutro,,Arctic Shift API
6d7f8665a243e0fa,cscareerquestions,2024-01-06T23:42:48+00:00,0.268,0.61,0.122,-0.4767,negativo,,Arctic Shift API
9e16364b658b1816,devops,2022-11-24T04:51:59+00:00,0.215,0.785,0.0,-0.6964,negativo,,Arctic Shift API
593eedddbfd8b87f,programming,2024-04-28T05:53:51+00:00,0.0,0.739,0.261,0.7935,positivo,,Arctic Shift API
786e967bc48c6c07,programming,2024-10-01T05:32:23+00:00,0.0,1.0,0.0,0.0,neutro,,Arctic Shift API
2e3c2ddb4ad6a816,devops,2024-10-12T18:32:26+00:00,0.123,0.739,0.138,-0.1362,negativo,,Arctic Shift API
1e176d0007968a4d,cscareerquestions,2022-03-08T00:07:52+00:00,0.0,0.817,0.183,0.8074,positivo,,Arctic Shift API
7468d889f8d6c11d,cscareerquestions,2021-07-04T01:21:07+00:00,0.0,0.662,0.338,0.4767,positivo,,Arctic Shift API
accc08e166fe5249,devops,2022-07-26T10:32:10+00:00,0.0,0.835,0.165,0.6299,positivo,,Arctic Shift API
ef3b5f5780906147,programming,2023-04-15T21:06:16+00:00,0.125,0.875,0.0,-0.4588,negativo,,Arctic Shift API
3b13916abb2dd56f,cscareerquestions,2023-07-21T00:34:35+00:00,0.0,0.83,0.17,0.8765,positivo,,Arctic Shift API
e0e6263294dca8b7,cscareerquestions,2023-02-20T23:55:20+00:00,0.0,1.0,0.0,0.0,neutro,,Arctic Shift API
5b41c0732f92b457,programming,2021-07-10T22:40:12+00:00,0.087,0.769,0.144,0.2023,positivo,,Arctic Shift API
c35d19431668198e,devops,2022-09-16T02:59:39+00:00,0.255,0.745,0.0,-0.802,negativo,,Arctic Shift API
c63f2e393b12a145,cscareerquestions,2023-08-24T00:31:19+00:00,0.144,0.7,0.156,0.0772,positivo,,Arctic Shift API
50c0d80d80a11998,cscareerquestions,2022-08-18T00:13:48+00:00,0.116,0.884,0.0,-0.7678,negativo,,Arctic Shift API
50eed84a77007e56,programming,2023-09-02T23:04:46+00:00,0.013,0.876,0.111,0.9313,positivo,,Arctic Shift API
ddf5b25d6cb2009d,programming,2024-03-26T03:38:03+00:00,0.0,0.712,0.288,0.8658,positivo,,Arctic Shift API
dc2b8e11df98aee3,devops,2023-07-06T12:23:30+00:00,0.0,0.89,0.11,0.7506,positivo,,Arctic Shift API
4457ef04a2cb0703,cscareerquestions,2022-06-28T00:07:04+00:00,0.031,0.776,0.193,0.8984,positivo,anxiety,Arctic Shift API
3433f1f29b46db2b,programming,2023-07-17T23:14:27+00:00,0.104,0.738,0.157,0.5346,positivo,,Arctic Shift API
970fe47ade26326f,cscareerquestions,2021-11-19T00:21:17+00:00,0.128,0.872,0.0,-0.296,negativo,,Arctic Shift API
2fd3bfafeb953b32,cscareerquestions,2022-09-22T00:02:04+00:00,0.022,0.817,0.161,0.7175,positivo,,Arctic Shift API
1c7b252a51a79edb,cscareerquestions,2024-04-25T00:38:41+00:00,0.068,0.833,0.099,0.4588,positivo,incident,Arctic Shift API
140f8b860fd441df,programming,2022-06-18T22:33:14+00:00,0.1,0.819,0.081,-0.3818,negativo,,Arctic Shift API
278d13d918033a01,cscareerquestions,2024-09-19T00:38:42+00:00,0.0,1.0,0.0,0.0,neutro,,Arctic Shift API
d3eb00236bcfc00b,devops,2024-10-19T20:55:11+00:00,0.164,0.725,0.111,-0.1027,negativo,,Arctic Shift API
2b2050a6ad0d7c3a,cscareerquestions,2023-04-28T00:14:44+00:00,0.051,0.819,0.129,0.7687,positivo,,Arctic Shift API
5b246db363eeba4d,programming,2021-09-15T21:21:38+00:00,0.025,0.842,0.132,0.8399,positivo,,Arctic Shift API
4247f909f4691f95,cscareerquestions,2023-12-20T23:27:38+00:00,0.102,0.732,0.166,0.2298,positivo,,Arctic Shift API
c6c166b74af95e16,programming,2022-01-06T02:09:04+00:00,0.176,0.824,0.0,-0.4588,negativo,,Arctic Shift API
c78959f5a9c7bfa9,programming,2022-06-28T00:33:13+00:00,0.0,1.0,0.0,0.0,neutro,,Arctic Shift API
f55175ad81f5fbb4,devops,2021-03-11T00:37:13+00:00,0.067,0.703,0.23,0.7861,positivo,,Arctic Shift API
f0236dbfffd029e3,programming,2021-03-15T23:49:58+00:00,0.0,0.504,0.496,0.7096,positivo,,Arctic Shift API
f78f0325ebaeee34,devops,2023-04-16T03:21:50+00:00,0.046,0.812,0.142,0.9592,positivo,,Arctic Shift API
3a973b09771761b5,programming,2024-03-23T21:35:31+00:00,0.437,0.563,0.0,-0.4767,negativo,,Arctic Shift API
76c9d00630ad6b83,devops,2023-03-05T06:13:05+00:00,0.217,0.783,0.0,-0.5574,negativo,,Arctic Shift API
5e6b92b792c4f894,devops,2021-06-25T02:23:12+00:00,0.052,0.948,0.0,-0.296,negativo,,Arctic Shift API
982d74be55fecbb6,cscareerquestions,2021-03-27T23:06:08+00:00,0.074,0.872,0.053,-0.0498,neutro,,Arctic Shift API
3f2c6b3c5f57912e,programming,2024-09-18T22:05:21+00:00,0.221,0.659,0.12,-0.5558,negativo,,Arctic Shift API
70e9724cd9ebb0bf,cscareerquestions,2024-07-11T00:27:46+00:00,0.063,0.887,0.05,-0.1901,negativo,,Arctic Shift API
9af9733d9ab00f2d,cscareerquestions,2023-05-30T01:03:18+00:00,0.3,0.7,0.0,-0.7178,negativo,,Arctic Shift API
d73f96f9f47556b1,programming,2021-01-27T23:31:48+00:00,0.0,1.0,0.0,0.0,neutro,,Arctic Shift API
1531f5b139b4693f,cscareerquestions,2024-11-23T23:42:21+00:00,0.0,0.75,0.25,0.7698,positivo,,Arctic Shift API
4966f96086c1f740,programming,2024-12-23T20:18:13+00:00,0.039,0.883,0.078,0.6967,positivo,,Arctic Shift API
b84403585ee78e7b,devops,2022-12-20T03:08:49+00:00,0.17,0.731,0.099,-0.25,negativo,,Arctic Shift API
0633067d1ab18d3f,programming,2022-07-16T21:57:16+00:00,0.0,0.778,0.222,0.6908,positivo,,Arctic Shift API
8a55365d85afa680,cscareerquestions,2021-06-03T00:17:54+00:00,0.0,0.925,0.075,0.0772,positivo,,Arctic Shift API
a587dd04eaaf229c,cscareerquestions,2022-11-01T00:00:42+00:00,0.0,0.839,0.161,0.7717,positivo,,Arctic Shift API
375db24a9e97a37e,cscareerquestions,2024-01-05T01:08:30+00:00,0.085,0.746,0.168,0.9651,positivo,,Arctic Shift API
b6c5f99393277b02,cscareerquestions,2024-12-16T23:25:21+00:00,0.183,0.734,0.083,-0.9936,negativo,,Arctic Shift API
16541690dbcec1e5,devops,2022-04-25T15:50:20+00:00,0.0,0.919,0.081,0.5994,positivo,,Arctic Shift API
7b66bbf93d383bde,programming,2022-04-02T21:03:48+00:00,0.06,0.795,0.145,0.4795,positivo,,Arctic Shift API
dd5025d645f53c19,cscareerquestions,2021-05-31T23:56:28+00:00,0.05,0.839,0.111,0.7726,positivo,,Arctic Shift API
a87521f95edd4a79,cscareerquestions,2021-06-14T23:03:52+00:00,0.0,1.0,0.0,0.0,neutro,,Arctic Shift API
3b0c3f5bba621fae,devops,2023-06-24T15:06:06+00:00,0.0,0.742,0.258,0.743,positivo,,Arctic Shift API
e80ac7e438112371,cscareerquestions,2021-11-07T00:09:14+00:00,0.0,1.0,0.0,0.0,neutro,,Arctic Shift API
860e66e7e517a889,programming,2022-04-16T23:12:27+00:00,0.0,0.824,0.176,0.7708,positivo,,Arctic Shift API
9fb7a498a5fbcbc0,cscareerquestions,2024-02-07T23:38:22+00:00,0.297,0.637,0.066,-0.8872,negativo,,Arctic Shift API
06023f19a41a4f11,programming,2021-12-22T23:04:58+00:00,0.0,1.0,0.0,0.0,neutro,,Arctic Shift API
d8a955f5a4610503,cscareerquestions,2021-04-20T00:50:52+00:00,0.0,1.0,0.0,0.0,neutro,,Arctic Shift API
7eb66bac0d99654c,programming,2023-10-18T21:49:11+00:00,0.0,1.0,0.0,0.0,neutro,,Arctic Shift API
a0f84e1f6b284ee3,devops,2024-02-13T00:12:37+00:00,0.0,0.894,0.106,0.8126,positivo,,Arctic Shift API
86ad7096a89f354f,devops,2021-03-09T15:41:24+00:00,0.075,0.897,0.028,-0.684,negativo,,Arctic Shift API
c839efd15e03f58d,devops,2022-10-24T14:59:40+00:00,0.0,1.0,0.0,0.0,neutro,,Arctic Shift API
d0fc124e9b8513f6,devops,2023-09-29T09:38:52+00:00,0.0,1.0,0.0,0.0,neutro,,Arctic Shift API
6ce91862887f0de4,programming,2021-01-02T23:47:20+00:00,0.0,1.0,0.0,0.0,neutro,,Arctic Shift API
046d9f15861fdd20,programming,2022-06-30T00:16:49+00:00,0.0,0.791,0.209,0.5719,positivo,,Arctic Shift API
cc96bbf4e484160d,programming,2021-06-07T23:33:03+00:00,0.0,0.769,0.231,0.6597,positivo,,Arctic Shift API
e727d6bd3acfa079,devops,2024-01-09T00:21:48+00:00,0.408,0.592,0.0,-0.7351,negativo,,Arctic Shift API
7d676b8b22ec9b9b,devops,2022-07-22T03:14:20+00:00,0.031,0.868,0.101,0.7457,positivo,,Arctic Shift API
d0cd9e7cc313852b,programming,2023-03-13T22:34:04+00:00,0.034,0.923,0.044,0.1531,positivo,,Arctic Shift API
6627236292f51ade,devops,2021-08-20T01:50:31+00:00,0.0,0.824,0.176,0.9294,positivo,,Arctic Shift API
ecdb4aa47d7c9e9f,cscareerquestions,2023-05-05T00:39:41+00:00,0.0,0.965,0.035,0.4404,positivo,,Arctic Shift API
6381fba6a583aee8,devops,2024-12-05T10:22:31+00:00,0.032,0.693,0.275,0.9801,positivo,,Arctic Shift API
d6e2e91ba977b344,programming,2024-11-29T04:45:04+00:00,0.245,0.755,0.0,-0.705,negativo,,Arctic Shift API
2640dcd3feab65fc,cscareerquestions,2022-11-13T01:14:20+00:00,0.145,0.617,0.237,0.4574,positivo,,Arctic Shift API
df57f513e9014fd0,programming,2024-04-11T03:12:46+00:00,0.152,0.692,0.157,-0.2121,negativo,,Arctic Shift API
8dcf957fd0bb7c86,devops,2023-01-18T23:31:32+00:00,0.244,0.664,0.092,-0.4526,negativo,,Arctic Shift API
000949f0f8e4945d,devops,2022-09-22T05:37:53+00:00,0.172,0.767,0.06,-0.8158,negativo,,Arctic Shift API
a73585c02c593014,programming,2022-12-25T03:14:17+00:00,0.0,0.744,0.256,0.8074,positivo,,Arctic Shift API
989dda4787bbd74a,devops,2024-12-24T08:01:28+00:00,0.292,0.5,0.208,-0.25,negativo,,Arctic Shift API
b705bba4c8fa8ac1,cscareerquestions,2021-04-06T00:08:42+00:00,0.235,0.735,0.031,-0.9404,negativo,,Arctic Shift API
271778f6269a8a6a,cscareerquestions,2021-05-02T00:33:10+00:00,0.152,0.648,0.199,0.9158,positivo,anxious,Arctic Shift API
c4236727e420434e,programming,2021-12-06T23:17:30+00:00,0.172,0.772,0.056,-0.6873,negativo,,Arctic Shift API
a439e12701607417,devops,2024-11-14T06:58:17+00:00,0.189,0.704,0.107,-0.5346,negativo,,Arctic Shift API
6c74430a57d8537a,cscareerquestions,2021-12-23T00:15:40+00:00,0.22,0.707,0.073,-0.6812,negativo,,Arctic Shift API
5ca66ae8ae97430f,devops,2023-10-29T11:05:31+00:00,0.0,0.792,0.208,0.9217,positivo,,Arctic Shift API
ebb8cb44df00ddc1,cscareerquestions,2021-01-09T22:57:08+00:00,0.0,0.839,0.161,0.3182,positivo,,Arctic Shift API
88b1eee4c49644d9,devops,2022-05-09T19:34:25+00:00,0.0,0.963,0.037,0.4404,positivo,,Arctic Shift API
fc9cf5ab9dc11abc,devops,2023-01-30T23:55:18+00:00,0.219,0.631,0.15,-0.3182,negativo,,Arctic Shift API
a2fac9f84e59f8b9,cscareerquestions,2022-12-17T23:42:45+00:00,0.0,0.896,0.104,0.7218,positivo,,Arctic Shift API
c49cd7ac31d0b25e,cscareerquestions,2024-10-15T01:03:21+00:00,0.0,1.0,0.0,0.0,neutro,,Arctic Shift API
291198ee2533bec4,programming,2021-02-25T00:38:59+00:00,0.0,0.574,0.426,0.6355,positivo,,Arctic Shift API
cb14be355543ea2c,cscareerquestions,2024-07-03T23:54:58+00:00,0.0,1.0,0.0,0.0,neutro,,Arctic Shift API
9b49c797995ba4ad,cscareerquestions,2024-03-03T00:06:27+00:00,0.033,0.967,0.0,-0.1926,negativo,,Arctic Shift API
836de0196cffa49c,cscareerquestions,2023-09-26T00:11:09+00:00,0.097,0.903,0.0,-0.4019,negativo,,Arctic Shift API
40cdfb918317aaea,cscareerquestions,2021-10-18T23:55:14+00:00,0.126,0.874,0.0,-0.6336,negativo,,Arctic Shift API
f7dc6b16d0851124,programming,2023-09-08T02:45:20+00:00,0.065,0.645,0.29,0.7096,positivo,,Arctic Shift API
fab3643937fbda58,devops,2021-02-06T17:17:33+00:00,0.056,0.944,0.0,-0.2235,negativo,,Arctic Shift API
84a1c1228b7ea194,devops,2024-11-21T09:20:32+00:00,0.0,0.902,0.098,0.0772,positivo,,Arctic Shift API
1a6799112f97078c,cscareerquestions,2022-03-05T23:33:57+00:00,0.0,0.885,0.115,0.7684,positivo,,Arctic Shift API
08e36a7ae06a64f7,cscareerquestions,2023-08-23T23:02:20+00:00,0.106,0.787,0.106,-0.0,neutro,,Arctic Shift API
2421fc092c40700e,programming,2023-02-13T23:07:12+00:00,0.2,0.722,0.078,-0.6597,negativo,,Arctic Shift API
456450dc9ff83429,cscareerquestions,2023-12-09T23:30:14+00:00,0.015,0.866,0.119,0.8655,positivo,,Arctic Shift API
367d5b2b83cd322e,cscareerquestions,2023-06-24T23:26:08+00:00,0.11,0.756,0.134,0.0754,positivo,,Arctic Shift API
70620e2dc728be69,programming,2021-04-12T23:08:25+00:00,0.0,0.972,0.028,0.1027,positivo,bug,Arctic Shift API
f5c2037a03f9c475,cscareerquestions,2022-09-03T23:09:35+00:00,0.206,0.794,0.0,-0.7783,negativo,,Arctic Shift API
0563ac1f3c0c9122,programming,2023-06-02T01:05:17+00:00,0.129,0.717,0.154,0.7175,positivo,,Arctic Shift API
0d7140bc07c84c39,programming,2021-07-25T02:42:12+00:00,0.0,0.931,0.069,0.2828,positivo,,Arctic Shift API
bd48b7382f43979f,cscareerquestions,2023-06-29T00:37:45+00:00,0.0,1.0,0.0,0.0,neutro,,Arctic Shift API
e0c82e6a8d49d16a,cscareerquestions,2021-09-24T00:47:03+00:00,0.047,0.869,0.084,0.6124,positivo,,Arctic Shift API
15194ed80dea9658,cscareerquestions,2022-03-11T00:22:17+00:00,0.0,0.956,0.044,0.0772,positivo,,Arctic Shift API
cd5ba2dec7c2af01,programming,2022-09-25T02:09:00+00:00,0.0,0.909,0.091,0.3612,positivo,,Arctic Shift API
f4e3217a055248bc,devops,2023-08-19T23:35:21+00:00,0.035,0.772,0.192,0.9831,positivo,,Arctic Shift API
06b141e1a9042168,devops,2021-12-25T03:41:34+00:00,0.353,0.647,0.0,-0.7184,negativo,,Arctic Shift API
5c61b6d0ae629f14,programming,2022-05-19T01:20:58+00:00,0.071,0.862,0.067,-0.033,neutro,,Arctic Shift API
f4166d5d240bc557,programming,2021-08-01T06:00:39+00:00,0.106,0.894,0.0,-0.0772,negativo,,Arctic Shift API
bdbac3d1f63946c0,programming,2021-06-23T23:35:04+00:00,0.0,0.895,0.105,0.4466,positivo,,Arctic Shift API
50a6e0b9a94307ea,programming,2024-06-01T20:45:52+00:00,0.153,0.847,0.0,-0.7364,negativo,,Arctic Shift API
861a81cb362c5b26,devops,2021-06-09T15:10:55+00:00,0.106,0.894,0.0,-0.8481,negativo,,Arctic Shift API
3b441a8cf0c3defb,devops,2021-09-07T14:08:53+00:00,0.0,0.77,0.23,0.85,positivo,,Arctic Shift API
8485e7f4191a8d8f,programming,2024-12-22T05:51:09+00:00,0.157,0.7,0.142,-0.1121,negativo,,Arctic Shift API
fd90563f68d8925a,devops,2023-02-28T08:34:51+00:00,0.021,0.921,0.057,0.5091,positivo,,Arctic Shift API
cd0c1111d89133f8,devops,2022-06-14T04:28:58+00:00,0.0,1.0,0.0,0.0,neutro,,Arctic Shift API
a0aa658273f6c540,programming,2021-06-28T23:56:18+00:00,0.201,0.723,0.076,-0.9438,negativo,,Arctic Shift API
69546411f116053a,cscareerquestions,2021-09-15T23:37:08+00:00,0.0,0.725,0.275,0.3438,positivo,,Arctic Shift API
98b96a756733bda5,programming,2024-01-14T00:19:55+00:00,0.08,0.769,0.152,0.9694,positivo,,Arctic Shift API
6ec746aa6611986b,cscareerquestions,2022-02-04T00:23:41+00:00,0.0,0.923,0.077,0.5927,positivo,,Arctic Shift API
a2b60c1da5e6a1bc,devops,2021-08-11T20:02:20+00:00,0.022,0.895,0.083,0.6124,positivo,,Arctic Shift API
d300f57925fb0ec3,devops,2023-07-25T04:22:16+00:00,0.073,0.594,0.333,0.6573,positivo,,Arctic Shift API
dc6ad3608963f23b,cscareerquestions,2024-08-10T22:56:53+00:00,0.048,0.879,0.073,0.2263,positivo,,Arctic Shift API
8874c533b1bb8c41,devops,2024-02-21T19:54:58+00:00,0.0,0.841,0.159,0.8402,positivo,,Arctic Shift API
751f6aaaace045f9,programming,2021-04-16T01:00:53+00:00,0.053,0.863,0.084,-0.1571,negativo,,Arctic Shift API
0052363af5bd9e10,cscareerquestions,2023-10-30T23:27:16+00:00,0.0,0.903,0.097,0.5267,positivo,,Arctic Shift API
a18414b93ef44bea,programming,2022-04-19T01:55:25+00:00,0.016,0.984,0.0,-0.1027,negativo,,Arctic Shift API
c53f1de59e53ae51,programming,2024-10-15T00:57:57+00:00,0.0,0.881,0.119,0.4019,positivo,,Arctic Shift API
6f6a2523bc3c9876,devops,2021-10-08T06:22:45+00:00,0.105,0.869,0.026,-0.7112,negativo,,Arctic Shift API
44dcf6510567f947,cscareerquestions,2021-12-24T00:31:25+00:00,0.0,0.748,0.252,0.7966,positivo,,Arctic Shift API
e93d70abd96b08a3,cscareerquestions,2022-08-23T00:06:16+00:00,0.0,0.756,0.244,0.4404,positivo,,Arctic Shift API
6dfc42c9546abf4e,devops,2022-08-17T18:56:54+00:00,0.0,0.769,0.231,0.5574,positivo,,Arctic Shift API
a509e7631302ac0a,programming,2023-02-17T02:22:27+00:00,0.055,0.763,0.182,0.9536,positivo,,Arctic Shift API
8103d2f7822a672c,programming,2023-03-26T04:50:32+00:00,0.016,0.984,0.0,-0.1531,negativo,,Arctic Shift API
edc58632bbffaffe,cscareerquestions,2023-08-01T00:08:08+00:00,0.038,0.79,0.171,0.7088,positivo,,Arctic Shift API
72461017239f2221,cscareerquestions,2022-02-19T23:56:33+00:00,0.016,0.846,0.138,0.9766,positivo,,Arctic Shift API
e1e11fee4a49fe43,cscareerquestions,2021-01-13T23:59:15+00:00,0.0,0.841,0.159,0.6705,positivo,,Arctic Shift API
611e3728c0042013,cscareerquestions,2024-05-17T00:00:45+00:00,0.087,0.865,0.049,-0.1772,negativo,,Arctic Shift API
d1cf928fa5cf4898,programming,2023-07-13T02:04:52+00:00,0.588,0.412,0.0,-0.875,negativo,,Arctic Shift API
7cc1125233099622,cscareerquestions,2021-05-27T00:23:06+00:00,0.0,0.851,0.149,0.7514,positivo,,Arctic Shift API
ab5bf4a3e4d30fa0,devops,2021-04-29T08:13:39+00:00,0.15,0.85,0.0,-0.4574,negativo,,Arctic Shift API
368d108479ee107e,devops,2024-12-23T20:14:15+00:00,0.0,0.88,0.12,0.81,positivo,,Arctic Shift API
886f2bf1be8724cb,programming,2022-10-05T21:42:56+00:00,0.337,0.46,0.203,-0.7814,negativo,,Arctic Shift API
6182e137ba3e263a,cscareerquestions,2022-08-28T00:15:50+00:00,0.221,0.741,0.038,-0.902,negativo,,Arctic Shift API
2278625ef0a8e973,devops,2023-12-10T02:46:29+00:00,0.0,1.0,0.0,0.0,neutro,incident,Arctic Shift API
f97357099318efde,programming,2023-10-28T23:20:01+00:00,0.0,1.0,0.0,0.0,neutro,,Arctic Shift API
a940706532f23c3e,programming,2024-12-16T18:17:56+00:00,0.076,0.834,0.089,0.3963,positivo,on call,Arctic Shift API
04e22714cbbdf935,cscareerquestions,2023-11-28T00:27:48+00:00,0.045,0.875,0.08,0.5423,positivo,,Arctic Shift API
7c37f1b65c413dba,devops,2023-12-16T22:53:13+00:00,0.096,0.816,0.089,-0.0516,negativo,,Arctic Shift API
35148f1ce348c62c,cscareerquestions,2023-10-08T00:01:28+00:00,0.0,0.494,0.506,0.7304,positivo,,Arctic Shift API
cece060b84687413,programming,2021-07-24T22:39:50+00:00,0.0,0.844,0.156,0.34,positivo,,Arctic Shift API
7bb00c1ebd76ab6d,programming,2022-11-21T21:52:42+00:00,0.084,0.839,0.077,-0.1793,negativo,,Arctic Shift API
218ea42e4d33f5e8,devops,2022-06-05T14:52:04+00:00,0.17,0.712,0.118,-0.7643,negativo,,Arctic Shift API
92ebfbe6591e7571,cscareerquestions,2024-10-12T23:17:23+00:00,0.0,0.833,0.167,0.2023,positivo,,Arctic Shift API
75a0f76cc7f67180,devops,2023-06-22T01:40:11+00:00,0.0,0.646,0.354,0.5081,positivo,,Arctic Shift API
3f8a6826ee57df52,devops,2023-08-25T02:42:30+00:00,0.0,1.0,0.0,0.0,neutro,,Arctic Shift API
6df1c562b443c740,programming,2022-09-30T01:50:34+00:00,0.028,0.764,0.207,0.9544,positivo,,Arctic Shift API
b503fc17c839a711,devops,2022-10-07T09:29:54+00:00,0.021,0.853,0.126,0.9497,positivo,,Arctic Shift API
b08a47037b8609c0,cscareerquestions,2023-10-23T23:02:05+00:00,0.475,0.454,0.071,-0.9218,negativo,,Arctic Shift API
619ad0002f3cf118,cscareerquestions,2023-10-10T00:21:14+00:00,0.042,0.87,0.088,0.5574,positivo,,Arctic Shift API
bcd70ba61e730aa6,programming,2021-03-25T00:37:51+00:00,0.153,0.556,0.292,0.4588,positivo,,Arctic Shift API
1f812514b840d8f5,cscareerquestions,2024-10-17T00:03:29+00:00,0.106,0.77,0.124,0.7585,positivo,,Arctic Shift API
34f4c9fa694faaf4,devops,2021-12-19T03:28:46+00:00,0.124,0.723,0.153,-0.0,neutro,,Arctic Shift API
53a4a6656621a00e,programming,2021-01-24T01:59:38+00:00,0.0,0.737,0.263,0.3612,positivo,,Arctic Shift API
6d6f6e3fe9a29f36,cscareerquestions,2023-09-14T01:07:38+00:00,0.107,0.7,0.194,0.4336,positivo,,Arctic Shift API
76f5ff0d94ff0e25,programming,2024-08-29T02:40:23+00:00,0.0,1.0,0.0,0.0,neutro,bug,Arctic Shift API
40a14efe37b5314b,devops,2021-10-05T15:05:03+00:00,0.0,1.0,0.0,0.0,neutro,,Arctic Shift API
2f5730d1988006c8,programming,2021-07-17T22:02:37+00:00,0.176,0.706,0.118,-0.2887,negativo,,Arctic Shift API
f0b11f4602039d3d,cscareerquestions,2022-12-03T23:03:17+00:00,0.246,0.629,0.125,-0.3288,negativo,,Arctic Shift API
0808d06dcdbc6e57,devops,2024-06-26T22:03:41+00:00,0.289,0.711,0.0,-0.431,negativo,,Arctic Shift API
0a4bb27e81cb5c43,devops,2023-12-10T04:05:53+00:00,0.231,0.579,0.19,-0.128,negativo,,Arctic Shift API
b78b0b321bb7823e,cscareerquestions,2024-05-23T00:20:57+00:00,0.0,1.0,0.0,0.0,neutro,,Arctic Shift API
23069a5c104744fd,cscareerquestions,2022-03-28T23:12:49+00:00,0.05,0.84,0.11,0.296,positivo,,Arctic Shift API
4369b9f006790743,programming,2021-03-02T02:28:07+00:00,0.056,0.885,0.059,0.0364,neutro,,Arctic Shift API
3f63ccacbd22af8b,programming,2023-02-20T23:59:06+00:00,0.0,0.69,0.31,0.2023,positivo,,Arctic Shift API
9db4866743d6b041,programming,2021-08-03T00:50:47+00:00,0.0,0.847,0.153,0.2023,positivo,,Arctic Shift API
f881330486e5e292,devops,2022-05-16T17:28:59+00:00,0.0,1.0,0.0,0.0,neutro,,Arctic Shift API
fc90eb23f481afd3,devops,2021-09-21T02:01:20+00:00,0.0,1.0,0.0,0.0,neutro,,Arctic Shift API
86e4dfb32ef04f6b,programming,2022-06-05T02:29:26+00:00,0.273,0.379,0.347,0.2444,positivo,,Arctic Shift API
2db78f846fd3b900,programming,2023-10-16T22:03:08+00:00,0.078,0.719,0.203,0.6908,positivo,,Arctic Shift API
2d8e0263f797e177,cscareerquestions,2024-11-07T00:10:21+00:00,0.087,0.591,0.322,0.7469,positivo,,Arctic Shift API
f2bf009f0abfbd2d,programming,2022-11-08T00:38:27+00:00,0.0,1.0,0.0,0.0,neutro,,Arctic Shift API
cdf8c30c14096725,programming,2021-03-20T22:15:48+00:00,0.0,1.0,0.0,0.0,neutro,,Arctic Shift API
418e61ef17823c63,programming,2024-03-23T21:52:22+00:00,0.0,0.811,0.189,0.975,positivo,,Arctic Shift API
b227c7db6b8381aa,programming,2021-09-03T00:06:17+00:00,0.039,0.871,0.09,0.4404,positivo,,Arctic Shift API
32a4008b351b2e6f,programming,2021-02-16T00:47:09+00:00,0.054,0.82,0.126,0.3716,positivo,,Arctic Shift API
5d9619cccb69bc16,devops,2024-01-27T19:38:53+00:00,0.0,0.847,0.153,0.6801,positivo,,Arctic Shift API
40a6727a27985102,cscareerquestions,2023-10-18T23:36:36+00:00,0.0,0.798,0.202,0.872,positivo,,Arctic Shift API
cce990b685e72be9,devops,2022-03-11T04:40:14+00:00,0.013,0.94,0.047,0.5023,positivo,,Arctic Shift API
e383e50dbeded37d,devops,2022-10-23T07:09:52+00:00,0.0,0.901,0.099,0.4939,positivo,,Arctic Shift API
4522a4d3dc075a97,programming,2024-02-03T22:03:30+00:00,0.0,0.885,0.115,0.7184,positivo,,Arctic Shift API
c68942b32fa4a95f,cscareerquestions,2024-07-02T01:22:03+00:00,0.0,1.0,0.0,0.0,neutro,,Arctic Shift API
3ea790778a537e66,cscareerquestions,2024-01-10T23:27:53+00:00,0.0,0.827,0.173,0.4824,positivo,,Arctic Shift API
e3d65ed1a2fd3310,devops,2023-04-20T03:15:45+00:00,0.0,0.819,0.181,0.8001,positivo,,Arctic Shift API
566ec15e02ae74d5,programming,2023-09-12T01:34:21+00:00,0.014,0.867,0.119,0.8963,positivo,bug,Arctic Shift API
17fbc3ebc45e18b8,devops,2022-02-23T21:54:14+00:00,0.0,0.797,0.203,0.7311,positivo,,Arctic Shift API
09ab5d26d48528eb,devops,2024-07-03T21:31:01+00:00,0.0,0.901,0.099,0.3182,positivo,,Arctic Shift API
177530ab64f1e38f,programming,2023-09-17T02:04:29+00:00,0.035,0.965,0.0,-0.2617,negativo,,Arctic Shift API
d8129d42bb45ab6b,programming,2021-04-04T01:30:33+00:00,0.0,0.925,0.075,0.296,positivo,,Arctic Shift API
30ccafec0abefe93,programming,2022-04-14T00:33:10+00:00,0.011,0.963,0.026,0.4124,positivo,,Arctic Shift API
ccf75c989ea49ab6,cscareerquestions,2024-11-29T01:01:47+00:00,0.0,0.685,0.315,0.9875,positivo,,Arctic Shift API
4ffe983ec08b68bb,devops,2022-09-28T20:25:34+00:00,0.0,0.625,0.375,0.6369,positivo,,Arctic Shift API
e5a67e1d46478bb9,devops,2021-10-01T11:44:11+00:00,0.0,0.937,0.063,0.891,positivo,,Arctic Shift API
2438c1bbc52d40c2,devops,2021-10-11T15:45:53+00:00,0.0,0.29,0.71,0.8687,positivo,,Arctic Shift API
4d75aee4ac747304,devops,2024-11-01T07:47:53+00:00,0.067,0.862,0.07,0.1625,positivo,,Arctic Shift API
de78f2959beb784e,programming,2024-06-06T00:38:02+00:00,0.149,0.718,0.133,-0.0772,negativo,,Arctic Shift API
8c020bf97bd4b0c5,programming,2024-04-26T02:10:27+00:00,0.077,0.856,0.067,-0.0946,negativo,,Arctic Shift API
40bee7818a684c18,programming,2024-04-25T03:19:45+00:00,0.0,0.833,0.167,0.4215,positivo,,Arctic Shift API
c6ab1ab6dcd87a4f,devops,2021-11-13T15:58:27+00:00,0.162,0.838,0.0,-0.4767,negativo,,Arctic Shift API
598436f8a1a4ded4,programming,2022-08-01T19:01:52+00:00,0.0,0.878,0.122,0.3612,positivo,,Arctic Shift API
43dad2692d21c40a,devops,2024-10-30T23:34:49+00:00,0.078,0.806,0.117,0.1027,positivo,,Arctic Shift API
eafd02b51146690a,devops,2021-08-03T03:07:50+00:00,0.062,0.872,0.067,-0.1779,negativo,,Arctic Shift API
ff233e9e71b56fc2,devops,2023-02-16T03:49:25+00:00,0.084,0.916,0.0,-0.6908,negativo,,Arctic Shift API
f99f4fc9f8356013,programming,2021-06-09T23:12:14+00:00,0.115,0.768,0.117,0.0164,neutro,,Arctic Shift API
c5e89cc5f517c033,programming,2021-12-13T22:13:47+00:00,0.056,0.823,0.121,0.9774,positivo,,Arctic Shift API
37fdc649d34fb3cd,cscareerquestions,2021-06-07T23:09:51+00:00,0.322,0.678,0.0,-0.8576,negativo,,Arctic Shift API
13447eb7167ebd1b,cscareerquestions,2021-08-20T00:44:52+00:00,0.082,0.871,0.047,-0.7447,negativo,,Arctic Shift API
2c22a4b591f1970d,devops,2021-07-23T12:24:00+00:00,0.0,0.917,0.083,0.5023,positivo,,Arctic Shift API
78e35e3336a5aa00,cscareerquestions,2022-07-14T00:31:31+00:00,0.021,0.866,0.113,0.6808,positivo,,Arctic Shift API
810eae2c53030745,cscareerquestions,2023-06-22T00:45:23+00:00,0.057,0.828,0.115,0.6808,positivo,bug,Arctic Shift API
49eff5e27191b766,programming,2024-03-10T01:45:47+00:00,0.0,1.0,0.0,0.0,neutro,,Arctic Shift API
9715998fcf58d6a8,cscareerquestions,2021-09-02T00:19:06+00:00,0.194,0.806,0.0,-0.6486,negativo,deadline; deadlines,Arctic Shift API
05d45d2386359e03,cscareerquestions,2024-12-04T23:55:45+00:00,0.042,0.87,0.088,0.5574,positivo,,Arctic Shift API
1364b19955a74d0b,devops,2023-05-23T02:11:21+00:00,0.0,1.0,0.0,0.0,neutro,,Arctic Shift API
ddd6e943c4de5860,cscareerquestions,2024-09-12T00:02:27+00:00,0.284,0.716,0.0,-0.6072,negativo,,Arctic Shift API
74575ba0a97e6d01,devops,2022-04-27T23:16:14+00:00,0.045,0.862,0.093,0.2732,positivo,,Arctic Shift API
cc76c0d047b700c6,cscareerquestions,2021-05-25T00:14:27+00:00,0.102,0.685,0.213,0.8783,positivo,pressure,Arctic Shift API
50f44e1b9e85d7e5,cscareerquestions,2022-06-19T00:16:59+00:00,0.138,0.692,0.169,-0.0516,negativo,,Arctic Shift API
e1abebfd5b6c5ce9,devops,2022-11-06T07:08:11+00:00,0.0,0.884,0.116,0.4404,positivo,,Arctic Shift API
e823a183514315db,programming,2024-08-05T23:06:17+00:00,0.039,0.868,0.093,0.9644,positivo,stress; stressful,Arctic Shift API
5e37751feda83c84,devops,2023-04-21T10:47:34+00:00,0.087,0.913,0.0,-0.4522,negativo,,Arctic Shift API
f707759482551d1e,cscareerquestions,2022-09-29T00:18:38+00:00,0.064,0.857,0.079,-0.0772,negativo,,Arctic Shift API
6f114be38f87d124,devops,2021-02-01T20:05:20+00:00,0.0,0.852,0.148,0.6597,positivo,,Arctic Shift API
4caac4b9ed47f0f5,devops,2021-06-20T02:35:34+00:00,0.049,0.871,0.08,0.0754,positivo,,Arctic Shift API
cf116e135ce70dad,programming,2021-04-21T23:54:37+00:00,0.098,0.831,0.071,-0.2263,negativo,,Arctic Shift API
c76c0a90a9fc2c13,programming,2023-06-06T00:39:02+00:00,0.0,1.0,0.0,0.0,neutro,,Arctic Shift API
c981dc03402ff3ca,cscareerquestions,2021-12-11T23:12:14+00:00,0.034,0.924,0.042,0.079,positivo,,Arctic Shift API
bbde3c78e8c2f132,programming,2023-12-14T02:42:06+00:00,0.0,0.716,0.284,0.5542,positivo,,Arctic Shift API
9b5aad9c31f7de14,devops,2024-01-27T20:50:13+00:00,0.0,1.0,0.0,0.0,neutro,,Arctic Shift API
36441d544611bda0,cscareerquestions,2022-03-28T23:02:57+00:00,0.092,0.722,0.186,0.5106,positivo,,Arctic Shift API
ec356bb5486e772c,devops,2024-12-14T18:20:19+00:00,0.164,0.723,0.112,-0.0772,negativo,,Arctic Shift API
232f5c908c88921f,programming,2022-05-10T02:26:02+00:00,0.0,1.0,0.0,0.0,neutro,,Arctic Shift API
0c9013ca63c129e1,cscareerquestions,2022-07-04T23:28:44+00:00,0.036,0.931,0.033,-0.0356,neutro,,Arctic Shift API
1aee4ccfaf61759a,devops,2021-04-25T00:21:03+00:00,0.0,0.922,0.078,0.7506,positivo,on-call; incident; outage,Arctic Shift API
c648b00e9e90e197,devops,2022-02-04T08:30:44+00:00,0.0,0.968,0.032,0.6498,positivo,,Arctic Shift API
1d0fd779043e8527,programming,2023-05-01T23:24:59+00:00,0.0,0.393,0.607,0.8508,positivo,,Arctic Shift API
835e7ad6cfa589a9,cscareerquestions,2024-11-25T23:17:38+00:00,0.042,0.87,0.088,0.5574,positivo,,Arctic Shift API
05103ea98f0694cb,cscareerquestions,2021-12-04T23:57:28+00:00,0.0,0.86,0.14,0.9258,positivo,,Arctic Shift API
e4d47815162ea792,devops,2023-05-07T08:06:56+00:00,0.034,0.857,0.109,0.905,positivo,,Arctic Shift API
641139d221c09ff1,devops,2024-08-04T02:54:05+00:00,0.151,0.849,0.0,-0.43,negativo,,Arctic Shift API
04fa7c06c83b09e9,devops,2024-10-28T21:16:03+00:00,0.0,1.0,0.0,0.0,neutro,,Arctic Shift API
8d5d7938a1615b8a,devops,2024-03-21T08:11:50+00:00,0.079,0.81,0.111,0.0996,positivo,,Arctic Shift API
939214c4e870a6d2,programming,2024-04-10T22:20:47+00:00,0.268,0.732,0.0,-0.6597,negativo,,Arctic Shift API
fce1156e782ed73d,programming,2023-12-21T04:43:44+00:00,0.056,0.846,0.097,0.1531,positivo,,Arctic Shift API
be5a2423f0374d20,devops,2021-03-07T16:52:04+00:00,0.0,0.75,0.25,0.9876,positivo,,Arctic Shift API
b22c90b19f096457,devops,2023-08-24T01:42:17+00:00,0.157,0.843,0.0,-0.0772,negativo,,Arctic Shift API
5dcb2c020a8b6b4b,programming,2022-06-19T03:23:01+00:00,0.0,0.776,0.224,0.7964,positivo,,Arctic Shift API
c2fc2f18eb08f86d,cscareerquestions,2024-12-19T00:34:00+00:00,0.105,0.632,0.263,0.5766,positivo,,Arctic Shift API
15f54a3496de46f2,cscareerquestions,2024-09-18T23:16:53+00:00,0.022,0.905,0.073,0.4293,positivo,,Arctic Shift API
16a6e2d262a9cc25,programming,2024-11-18T23:42:04+00:00,0.0,1.0,0.0,0.0,neutro,,Arctic Shift API
1968197a61d7661b,devops,2024-08-24T20:50:00+00:00,0.053,0.708,0.239,0.8583,positivo,,Arctic Shift API
0af0beb65d0da8c8,cscareerquestions,2022-04-27T23:10:03+00:00,0.021,0.866,0.113,0.6808,positivo,,Arctic Shift API
0d8d76116c96e638,programming,2022-11-22T01:17:50+00:00,0.168,0.759,0.073,-0.8284,negativo,,Arctic Shift API
a9a294a35e258565,cscareerquestions,2024-12-27T00:11:29+00:00,0.0,0.908,0.092,0.7096,positivo,,Arctic Shift API
29093e32788ca311,programming,2022-01-02T00:09:01+00:00,0.059,0.801,0.14,0.6674,positivo,,Arctic Shift API
b6c41069f52dc839,devops,2023-01-20T03:31:43+00:00,0.053,0.877,0.07,0.4667,positivo,,Arctic Shift API
105f8ef61df91e1d,programming,2022-12-11T01:00:53+00:00,0.116,0.841,0.043,-0.5431,negativo,,Arctic Shift API
99ca406a59d43e53,cscareerquestions,2023-12-09T23:26:17+00:00,0.053,0.803,0.145,0.8452,positivo,,Arctic Shift API
cf3819be6224cf63,programming,2023-04-27T01:04:22+00:00,0.026,0.917,0.057,0.4235,positivo,,Arctic Shift API
bf913e9493d2e1da,devops,2022-03-16T21:49:00+00:00,0.0,1.0,0.0,0.0,neutro,,Arctic Shift API
a668a38c1828730e,devops,2022-12-11T08:21:53+00:00,0.0,0.884,0.116,0.3612,positivo,,Arctic Shift API
dde801b7d5b9ed51,devops,2024-03-22T00:58:40+00:00,0.146,0.666,0.188,0.0041,neutro,,Arctic Shift API
3b07078fa541e541,programming,2024-05-24T03:23:43+00:00,0.0,0.745,0.255,0.5859,positivo,,Arctic Shift API
53e1e1c7bd239d9d,cscareerquestions,2021-11-02T00:24:38+00:00,0.0,0.529,0.471,0.7906,positivo,,Arctic Shift API
7d54f5199979476e,programming,2024-05-02T01:20:51+00:00,0.0,1.0,0.0,0.0,neutro,,Arctic Shift API
daa9090d4223e209,cscareerquestions,2023-02-28T00:10:15+00:00,0.117,0.524,0.359,0.9652,positivo,,Arctic Shift API
9bb34cac779a47b1,programming,2023-08-29T03:28:36+00:00,0.0,1.0,0.0,0.0,neutro,,Arctic Shift API
caea9c6a73dec35e,devops,2022-03-13T07:51:05+00:00,0.011,0.846,0.144,0.9485,positivo,,Arctic Shift API
de9a73355fc56754,devops,2022-06-26T09:43:08+00:00,0.0,0.858,0.142,0.6264,positivo,,Arctic Shift API
d5c4a528f9b4da13,programming,2024-03-19T01:40:39+00:00,0.0,1.0,0.0,0.0,neutro,,Arctic Shift API
4706296d037328cf,devops,2021-01-29T10:19:35+00:00,0.133,0.867,0.0,-0.6662,negativo,,Arctic Shift API
ba237eca9985c475,cscareerquestions,2021-10-22T00:05:49+00:00,0.077,0.771,0.152,0.624,positivo,,Arctic Shift API
7a80c93791b0b139,programming,2021-05-03T23:30:00+00:00,0.322,0.586,0.092,-0.7579,negativo,,Arctic Shift API
3e36251d4967753d,cscareerquestions,2023-03-06T23:47:59+00:00,0.033,0.677,0.289,0.8839,positivo,,Arctic Shift API
7de62525b39ddbbe,cscareerquestions,2024-11-27T22:44:06+00:00,0.042,0.87,0.088,0.5574,positivo,,Arctic Shift API
8e82c371ac65e9ac,cscareerquestions,2024-02-29T00:18:05+00:00,0.042,0.87,0.088,0.5574,positivo,,Arctic Shift API
c71c37ba844b22e8,programming,2024-11-22T01:17:09+00:00,0.057,0.761,0.182,0.8191,positivo,,Arctic Shift API
f4622d93cb614862,cscareerquestions,2022-11-04T00:17:32+00:00,0.521,0.479,0.0,-0.8225,negativo,,Arctic Shift API
919e8ea680d166a4,devops,2023-03-15T18:58:06+00:00,0.092,0.719,0.19,0.3612,positivo,,Arctic Shift API
5df6159be1678719,devops,2022-05-06T09:56:15+00:00,0.0,0.8,0.2,0.8744,positivo,,Arctic Shift API
cf1cb9183b59bb56,programming,2024-03-05T00:54:39+00:00,0.116,0.705,0.179,0.5849,positivo,,Arctic Shift API
ddabb80ea050057b,cscareerquestions,2024-08-07T23:36:54+00:00,0.0,0.789,0.211,0.4939,positivo,,Arctic Shift API
7de941634f477aba,devops,2023-08-15T10:20:15+00:00,0.058,0.771,0.171,0.9319,positivo,,Arctic Shift API
15bb60630e83468b,cscareerquestions,2022-06-22T23:33:32+00:00,0.0,1.0,0.0,0.0,neutro,,Arctic Shift API
5738da2a701d57d9,devops,2021-09-24T02:05:12+00:00,0.0,1.0,0.0,0.0,neutro,,Arctic Shift API
b56ab858d0c13cd6,devops,2021-01-20T23:34:57+00:00,0.0,1.0,0.0,0.0,neutro,,Arctic Shift API
970b6a10d2c07d30,programming,2021-04-16T00:17:54+00:00,0.0,0.858,0.142,0.6239,positivo,,Arctic Shift API
3d0484b3aa91ec83,programming,2024-06-24T21:38:37+00:00,0.017,0.869,0.113,0.9254,positivo,,Arctic Shift API
f6e1e0ee79a9ba82,devops,2022-01-03T22:52:29+00:00,0.145,0.815,0.04,-0.9451,negativo,,Arctic Shift API
12b214b261aa7952,devops,2024-03-23T21:47:45+00:00,0.062,0.81,0.128,0.4767,positivo,,Arctic Shift API
cc1fdcdae4b31eaf,programming,2021-05-27T02:03:34+00:00,0.064,0.936,0.0,-0.296,negativo,,Arctic Shift API
fbe05e45d70a96f7,devops,2024-11-10T00:55:47+00:00,0.017,0.912,0.071,0.7067,positivo,,Arctic Shift API
e8b58b341ba8dbfd,devops,2022-06-09T09:18:27+00:00,0.116,0.812,0.071,-0.4141,negativo,,Arctic Shift API
26bad062e1f0a00c,cscareerquestions,2024-03-24T00:35:56+00:00,0.0,0.714,0.286,0.4215,positivo,,Arctic Shift API
2308179662dfa3ae,cscareerquestions,2023-11-03T00:34:03+00:00,0.042,0.87,0.088,0.5574,positivo,,Arctic Shift API
daf68469399b9880,devops,2022-11-23T17:31:17+00:00,0.14,0.698,0.163,0.3818,positivo,,Arctic Shift API
4a14b65e459b8ef8,programming,2021-02-01T21:38:07+00:00,0.07,0.893,0.038,-0.6482,negativo,outage,Arctic Shift API
f2712a4e3efad3ed,programming,2022-05-30T23:33:52+00:00,0.039,0.853,0.108,0.4364,positivo,,Arctic Shift API
8ab02b9af9292c85,devops,2021-08-06T13:58:36+00:00,0.0,1.0,0.0,0.0,neutro,,Arctic Shift API
935ab060d551f052,devops,2023-09-20T21:52:53+00:00,0.13,0.355,0.515,0.6705,positivo,,Arctic Shift API
b82c277c9fdceda8,programming,2024-02-25T03:48:34+00:00,0.061,0.845,0.095,0.25,positivo,,Arctic Shift API
70bf236ca8a27fe5,cscareerquestions,2023-10-25T23:07:27+00:00,0.0,0.932,0.068,0.3612,positivo,,Arctic Shift API
709fc08bd19ccc6c,programming,2022-10-14T03:01:31+00:00,0.0,0.898,0.102,0.1511,positivo,,Arctic Shift API
3a12398a22f0eefb,programming,2022-08-23T00:52:01+00:00,0.065,0.534,0.401,0.8834,positivo,,Arctic Shift API
7245f8a2c125ebf0,cscareerquestions,2022-10-06T00:06:25+00:00,0.239,0.55,0.211,-0.0772,negativo,,Arctic Shift API
aac25718b0d57012,devops,2023-07-03T19:21:17+00:00,0.0,0.867,0.133,0.3182,positivo,,Arctic Shift API
6d5476887dedbbfd,programming,2024-11-02T19:37:33+00:00,0.115,0.722,0.163,0.1877,positivo,,Arctic Shift API
b517896f7d84304e,programming,2022-02-14T22:23:22+00:00,0.06,0.88,0.06,-0.0138,neutro,,Arctic Shift API
80cbd5a3aeba57f9,devops,2024-04-02T00:15:06+00:00,0.0,1.0,0.0,0.0,neutro,,Arctic Shift API
65e253bc7e56c7b8,devops,2022-05-26T04:16:13+00:00,0.078,0.858,0.064,-0.0897,negativo,,Arctic Shift API
e23df25570b11387,devops,2023-01-31T00:00:35+00:00,0.0,0.759,0.241,0.4329,positivo,,Arctic Shift API
5baea53d3dcb1144,devops,2024-09-07T21:41:51+00:00,0.0,0.9,0.1,0.2263,positivo,,Arctic Shift API
98ad3302b9af3819,programming,2024-05-09T02:28:22+00:00,0.0,1.0,0.0,0.0,neutro,,Arctic Shift API
b07355d0ad9693f7,cscareerquestions,2024-04-11T00:23:54+00:00,0.0,0.76,0.24,0.9289,positivo,,Arctic Shift API
18338297429bd714,devops,2022-06-18T19:21:02+00:00,0.095,0.774,0.131,0.7026,positivo,,Arctic Shift API
59046e5d7369c991,devops,2023-06-07T19:21:23+00:00,0.165,0.74,0.095,-0.5719,negativo,,Arctic Shift API
d118d2a301a9218b,programming,2022-11-02T23:58:32+00:00,0.081,0.839,0.08,-0.0202,neutro,,Arctic Shift API
403e0968181bbeb5,cscareerquestions,2022-06-14T00:13:20+00:00,0.05,0.828,0.123,0.9918,positivo,,Arctic Shift API
028b2a92227b62f2,programming,2024-10-27T06:14:53+00:00,0.034,0.832,0.133,0.7579,positivo,,Arctic Shift API
3782a9292d7ac6cb,devops,2023-01-22T06:17:16+00:00,0.0,0.751,0.249,0.7678,positivo,,Arctic Shift API
a43660da5d6e02b7,cscareerquestions,2024-11-21T00:14:14+00:00,0.051,0.91,0.039,-0.4219,negativo,tired,Arctic Shift API
9c181874a1f00e1f,cscareerquestions,2023-07-22T23:17:33+00:00,0.037,0.806,0.157,0.7351,positivo,,Arctic Shift API
121390cba9159229,devops,2021-03-03T12:03:54+00:00,0.095,0.475,0.43,0.8168,positivo,,Arctic Shift API
00a0b116c93d7ebd,programming,2022-03-03T03:15:15+00:00,0.019,0.897,0.084,0.8589,positivo,bug,Arctic Shift API
969f0aeaec4e2936,programming,2023-09-20T22:09:19+00:00,0.043,0.957,0.0,-0.4067,negativo,,Arctic Shift API
8daa7823b632b16f,cscareerquestions,2021-04-02T01:55:10+00:00,0.094,0.804,0.102,0.1803,positivo,,Arctic Shift API
50697cfa5ef2d5b5,cscareerquestions,2023-06-20T19:58:09+00:00,0.042,0.87,0.088,0.5574,positivo,,Arctic Shift API
73bc5b1a56218532,programming,2021-10-17T01:03:03+00:00,0.19,0.641,0.169,0.1625,positivo,,Arctic Shift API
a90682f5eef16306,cscareerquestions,2023-07-24T23:35:25+00:00,0.0,0.922,0.078,0.1531,positivo,,Arctic Shift API
8cae0697acedf5f3,devops,2021-03-26T11:01:56+00:00,0.077,0.772,0.151,0.4588,positivo,,Arctic Shift API
1821b7ea6b2f7dfe,cscareerquestions,2022-02-25T00:28:46+00:00,0.022,0.859,0.119,0.6808,positivo,,Arctic Shift API
41b33e10a3ae74f5,devops,2024-11-08T06:56:00+00:00,0.0,1.0,0.0,0.0,neutro,,Arctic Shift API
2622ae82bf3010d3,cscareerquestions,2021-09-19T00:30:15+00:00,0.047,0.831,0.122,0.8779,positivo,,Arctic Shift API
9195ba2eb8282d87,devops,2023-03-16T02:26:10+00:00,0.088,0.787,0.126,0.4118,positivo,,Arctic Shift API
f00c00b0f72099a7,cscareerquestions,2022-07-29T00:07:31+00:00,0.079,0.921,0.0,-0.4767,negativo,,Arctic Shift API
5ac67543d1343ef4,programming,2023-11-11T22:49:15+00:00,0.041,0.9,0.059,0.1926,positivo,,Arctic Shift API
ab6b6d68151c2b6d,devops,2023-03-15T22:22:40+00:00,0.075,0.854,0.071,-0.0743,negativo,stress; stressful; exhausted; drained,Arctic Shift API
a7bb833799f8de19,programming,2022-04-05T00:38:36+00:00,0.0,1.0,0.0,0.0,neutro,,Arctic Shift API
b6adef9ec7e87161,cscareerquestions,2021-11-06T23:58:28+00:00,0.0,1.0,0.0,0.0,neutro,,Arctic Shift API
6fc4469bf6ee2140,programming,2023-02-06T23:23:16+00:00,0.137,0.683,0.18,0.1779,positivo,,Arctic Shift API
67e76c870d61c502,devops,2023-09-04T17:12:30+00:00,0.083,0.757,0.16,0.3182,positivo,,Arctic Shift API
c665e22349e7c590,cscareerquestions,2022-08-20T23:07:26+00:00,0.0,0.698,0.302,0.9182,positivo,,Arctic Shift API
88031481536ca814,cscareerquestions,2024-09-13T00:08:26+00:00,0.0,1.0,0.0,0.0,neutro,,Arctic Shift API
7cadf268cdbcd804,devops,2021-09-24T02:56:27+00:00,0.117,0.883,0.0,-0.3071,negativo,,Arctic Shift API
8827af20c7ec72a5,devops,2021-09-03T15:23:49+00:00,0.0,0.633,0.367,0.4404,positivo,,Arctic Shift API
28bb2fb2138ff8f1,devops,2024-03-16T21:19:30+00:00,0.0,0.813,0.187,0.3182,positivo,,Arctic Shift API
a7e6e6ec1bb08f9a,cscareerquestions,2022-07-05T00:33:50+00:00,0.119,0.831,0.05,-0.3204,negativo,,Arctic Shift API
df30613ddebdf301,programming,2023-12-18T22:12:15+00:00,0.047,0.953,0.0,-0.5859,negativo,,Arctic Shift API
2a8e0c5063806100,programming,2023-03-12T01:02:56+00:00,0.135,0.865,0.0,-0.2201,negativo,,Arctic Shift API
b3e1556af0da7a5b,cscareerquestions,2021-05-09T00:35:27+00:00,0.0,0.704,0.296,0.6369,positivo,,Arctic Shift API
db9405e945c29f9f,programming,2024-07-11T01:45:14+00:00,0.0,0.827,0.173,0.3182,positivo,,Arctic Shift API
43f2d5b3dc6a050e,devops,2021-09-30T17:21:21+00:00,0.0,0.828,0.172,0.3612,positivo,,Arctic Shift API
60f516224f982f3a,cscareerquestions,2021-01-08T00:38:18+00:00,0.0,1.0,0.0,0.0,neutro,,Arctic Shift API
fa12ea069cc27a0f,devops,2023-02-28T01:08:38+00:00,0.089,0.81,0.101,0.0836,positivo,outage,Arctic Shift API
c381667f99871e51,programming,2023-02-06T23:28:28+00:00,0.0,0.849,0.151,0.431,positivo,,Arctic Shift API
d13cc45a00deb5b7,devops,2024-03-02T21:51:43+00:00,0.0,0.945,0.055,0.7003,positivo,,Arctic Shift API
dc5deb6c1067d38a,cscareerquestions,2022-06-09T00:42:47+00:00,0.026,0.818,0.156,0.7579,positivo,,Arctic Shift API
4cdcf254d9b14786,programming,2024-06-18T01:13:40+00:00,0.0,1.0,0.0,0.0,neutro,,Arctic Shift API
6656a87aaac172ef,devops,2024-01-01T20:06:39+00:00,0.0,0.865,0.135,0.3612,positivo,,Arctic Shift API
13f152f615d20b11,cscareerquestions,2022-09-22T00:39:54+00:00,0.228,0.594,0.178,0.0207,neutro,,Arctic Shift API
86b832126107097c,programming,2022-03-31T00:08:10+00:00,0.0,0.916,0.084,0.8151,positivo,,Arctic Shift API
42d959e0502a017d,cscareerquestions,2023-07-15T23:39:15+00:00,0.042,0.87,0.088,0.5574,positivo,,Arctic Shift API
19aa1c2809b8f434,devops,2023-12-11T21:50:22+00:00,0.036,0.895,0.069,0.3182,positivo,,Arctic Shift API
f40d0c4ee183cea7,devops,2021-11-11T07:30:17+00:00,0.06,0.778,0.161,0.8402,positivo,,Arctic Shift API
09a4f07ca1ee3afe,cscareerquestions,2023-04-27T00:19:48+00:00,0.0,0.851,0.149,0.4939,positivo,,Arctic Shift API
e5a70729a68d135d,devops,2024-04-21T02:17:17+00:00,0.034,0.932,0.034,0.0,neutro,,Arctic Shift API
50a2be7217ef9583,cscareerquestions,2023-01-20T01:01:06+00:00,0.0,0.758,0.242,0.9684,positivo,,Arctic Shift API
cdc1c2232fb10559,devops,2024-08-06T02:40:53+00:00,0.0,1.0,0.0,0.0,neutro,,Arctic Shift API
bc65d089eb0fc7b3,programming,2023-01-09T23:07:45+00:00,0.0,0.77,0.23,0.4574,positivo,,Arctic Shift API
4cdd7346772c2f65,cscareerquestions,2021-12-06T23:40:39+00:00,0.239,0.761,0.0,-0.7152,negativo,,Arctic Shift API
d071415258fcca51,programming,2023-06-06T00:38:00+00:00,0.056,0.833,0.11,0.34,positivo,,Arctic Shift API
4889aa3c40cb7f8f,devops,2024-06-07T10:07:03+00:00,0.114,0.783,0.104,-0.6037,negativo,,Arctic Shift API
79f4b5be21070e1c,devops,2024-08-03T20:20:19+00:00,0.102,0.898,0.0,-0.2617,negativo,,Arctic Shift API
510c479a0a3d2033,cscareerquestions,2024-07-07T00:51:50+00:00,0.064,0.743,0.193,0.6245,positivo,,Arctic Shift API
5dc873b236bba986,devops,2021-07-15T00:39:22+00:00,0.0,0.91,0.09,0.4098,positivo,,Arctic Shift API
d8ed0808fb67bc4e,programming,2024-04-29T23:09:41+00:00,0.153,0.412,0.436,0.7017,positivo,,Arctic Shift API
6e80c96f99458048,cscareerquestions,2023-10-20T00:28:18+00:00,0.0,0.865,0.135,0.6997,positivo,,Arctic Shift API
e6c2b45a12826e7e,programming,2022-03-31T00:11:17+00:00,0.0,1.0,0.0,0.0,neutro,,Arctic Shift API
8a6e936b0b8e8b07,devops,2024-01-18T00:32:10+00:00,0.0,0.903,0.097,0.5927,positivo,,Arctic Shift API
ce40d4e4e2010057,programming,2021-01-25T21:47:12+00:00,0.0,1.0,0.0,0.0,neutro,,Arctic Shift API
c10a5eae57ec2ded,programming,2022-06-30T00:21:38+00:00,0.0,1.0,0.0,0.0,neutro,,Arctic Shift API
78601b511f36cb74,programming,2024-04-04T00:05:49+00:00,0.071,0.929,0.0,-0.0572,negativo,,Arctic Shift API
e1eac2e5907381c8,devops,2021-10-20T19:45:22+00:00,0.085,0.915,0.0,-0.4019,negativo,,Arctic Shift API
f58ecf0e936fd414,cscareerquestions,2024-01-26T00:00:57+00:00,0.0,0.709,0.291,0.5719,positivo,,Arctic Shift API
b17dfc6e6721ab5a,programming,2024-03-15T00:04:55+00:00,0.176,0.824,0.0,-0.6012,negativo,,Arctic Shift API
e3d0121de42721c5,cscareerquestions,2022-03-04T00:34:25+00:00,0.0,1.0,0.0,0.0,neutro,,Arctic Shift API
0a9696e214dc37fc,cscareerquestions,2021-09-04T23:09:30+00:00,0.0,0.765,0.235,0.5106,positivo,,Arctic Shift API
28848fa1293bd5f4,programming,2023-02-06T23:30:54+00:00,0.035,0.857,0.108,0.5994,positivo,,Arctic Shift API
53f22920ca34d39f,programming,2021-03-04T00:38:27+00:00,0.0,0.948,0.052,0.3612,positivo,,Arctic Shift API
82d4407c992cce3f,programming,2022-12-02T01:57:18+00:00,0.029,0.818,0.153,0.8915,positivo,,Arctic Shift API
a49e6894a089206c,cscareerquestions,2023-10-03T00:25:21+00:00,0.0,0.842,0.158,0.93,positivo,,Arctic Shift API
53e224ab9971e762,cscareerquestions,2024-08-19T23:37:38+00:00,0.069,0.859,0.072,0.3145,positivo,,Arctic Shift API
58ed4e3cce88a7e0,cscareerquestions,2023-02-06T23:57:49+00:00,0.079,0.81,0.111,0.1749,positivo,,Arctic Shift API
3885dac90a107c1b,devops,2021-01-03T10:27:10+00:00,0.097,0.903,0.0,-0.7506,negativo,,Arctic Shift API
19e720ab536e3532,cscareerquestions,2022-11-29T00:15:16+00:00,0.0,0.825,0.175,0.1779,positivo,,Arctic Shift API
44a2861d64731685,programming,2024-09-26T01:45:04+00:00,0.035,0.881,0.083,0.4588,positivo,incident,Arctic Shift API
2e3c345d28a1dd17,programming,2022-11-06T01:43:52+00:00,0.176,0.657,0.167,-0.1761,negativo,,Arctic Shift API
ddeec9e8c8ef058e,devops,2024-06-11T08:24:57+00:00,0.0,1.0,0.0,0.0,neutro,,Arctic Shift API
5bea44092624b793,programming,2021-06-09T22:24:50+00:00,0.129,0.839,0.032,-0.8555,negativo,outage; bug; crash,Arctic Shift API
1f1389cdbbb6fe7b,devops,2022-07-16T22:30:50+00:00,0.0,0.864,0.136,0.4291,positivo,,Arctic Shift API
70e959769e79a56c,cscareerquestions,2023-12-04T23:53:28+00:00,0.138,0.566,0.296,0.3612,positivo,,Arctic Shift API
6f489ecb3029755c,programming,2022-03-12T22:08:47+00:00,0.205,0.795,0.0,-0.4767,negativo,,Arctic Shift API
d34dd8de2017b58f,programming,2022-08-05T00:03:44+00:00,0.593,0.407,0.0,-0.9274,negativo,,Arctic Shift API
0f67234747248adb,programming,2024-02-03T23:56:51+00:00,0.0,0.771,0.229,0.9273,positivo,,Arctic Shift API
5f07122953710885,cscareerquestions,2024-10-18T00:05:56+00:00,0.264,0.736,0.0,-0.5563,negativo,,Arctic Shift API
38fd97cf47022d47,programming,2022-07-24T02:10:34+00:00,0.0,0.785,0.215,0.6249,positivo,,Arctic Shift API
1fcee7149a1fc506,programming,2022-11-16T23:25:45+00:00,0.073,0.84,0.086,0.2263,positivo,,Arctic Shift API
9035048cf662d681,cscareerquestions,2021-04-01T00:12:54+00:00,0.081,0.832,0.087,0.2896,positivo,,Arctic Shift API
1f1b16d38b2ffede,cscareerquestions,2023-09-25T23:38:50+00:00,0.0,0.657,0.343,0.5719,positivo,,Arctic Shift API
84a5c04ad6e49c2d,programming,2022-08-18T00:26:55+00:00,0.07,0.93,0.0,-0.4019,negativo,,Arctic Shift API
0b2cbfbb1c6b8d87,cscareerquestions,2023-09-26T00:01:54+00:00,0.0,1.0,0.0,0.0,neutro,,Arctic Shift API
77ed7ed994399669,programming,2022-05-10T02:32:11+00:00,0.0,0.74,0.26,0.4877,positivo,,Arctic Shift API
d62bed0c1e9b2fb6,devops,2022-09-20T07:39:52+00:00,0.114,0.829,0.057,-0.25,negativo,,Arctic Shift API
9578883948456201,cscareerquestions,2024-10-05T23:57:26+00:00,0.049,0.795,0.156,0.56,positivo,,Arctic Shift API
19cd4d8f8d0044f5,cscareerquestions,2023-09-19T00:17:01+00:00,0.07,0.93,0.0,-0.3612,negativo,,Arctic Shift API
4fe95df8d641d8d7,programming,2022-03-06T02:05:01+00:00,0.0,0.836,0.164,0.4497,positivo,,Arctic Shift API
f1f3f524e2fbfaa0,cscareerquestions,2023-01-27T00:04:57+00:00,0.0,0.613,0.387,0.6901,positivo,,Arctic Shift API
d7411acb98e775f6,programming,2022-01-23T01:58:29+00:00,0.11,0.686,0.204,0.6808,positivo,,Arctic Shift API
c62a4fece2854d97,devops,2023-04-17T20:21:31+00:00,0.06,0.872,0.068,0.0954,positivo,,Arctic Shift API
6b95043eebeadc7c,cscareerquestions,2024-07-08T22:38:08+00:00,0.0,1.0,0.0,0.0,neutro,,Arctic Shift API
3117dc0e50649534,cscareerquestions,2021-03-18T00:38:20+00:00,0.0,0.859,0.141,0.8966,positivo,,Arctic Shift API
747adc4b008c6261,programming,2021-12-25T22:05:27+00:00,0.0,1.0,0.0,0.0,neutro,,Arctic Shift API
4681cd7f789c8193,programming,2022-11-04T01:06:51+00:00,0.162,0.555,0.283,0.6444,positivo,,Arctic Shift API
47817f65a6b4176a,programming,2024-08-06T02:46:50+00:00,0.052,0.755,0.192,0.8931,positivo,,Arctic Shift API
f29febab1350f4a3,programming,2021-12-30T00:19:14+00:00,0.0,0.862,0.138,0.8658,positivo,,Arctic Shift API
636c79b61b219976,programming,2022-06-18T20:29:16+00:00,0.047,0.807,0.146,0.8953,positivo,,Arctic Shift API
0087f10fc49fa30a,cscareerquestions,2021-12-19T00:46:04+00:00,0.101,0.827,0.072,-0.1761,negativo,,Arctic Shift API
c3ef0fd03c47e680,devops,2022-10-21T06:35:40+00:00,0.0,0.669,0.331,0.7845,positivo,,Arctic Shift API
edb895368830ad61,devops,2023-09-24T01:29:24+00:00,0.031,0.91,0.059,0.4588,positivo,,Arctic Shift API
2685e60b1c60327b,cscareerquestions,2022-12-16T00:07:21+00:00,0.0,0.9,0.1,0.3506,positivo,,Arctic Shift API
34636d3ad76239fc,devops,2021-05-18T08:47:02+00:00,0.016,0.831,0.153,0.9319,positivo,,Arctic Shift API
3cb51ecfd9c0c7ea,cscareerquestions,2023-03-21T01:09:43+00:00,0.0,0.809,0.191,0.9201,positivo,,Arctic Shift API
62d94dbcd58e39d0,programming,2023-01-04T23:15:20+00:00,0.187,0.766,0.047,-0.6128,negativo,,Arctic Shift API
2cc59cb8c94b6ca9,devops,2024-04-08T21:23:26+00:00,0.0,1.0,0.0,0.0,neutro,,Arctic Shift API
3df12da5e0d22765,programming,2024-04-01T22:44:18+00:00,0.199,0.632,0.169,-0.3859,negativo,,Arctic Shift API
5e883bbc650edadc,programming,2021-08-02T23:22:20+00:00,0.028,0.796,0.176,0.946,positivo,,Arctic Shift API
b29c1ad32beb695b,cscareerquestions,2021-04-14T23:45:08+00:00,0.184,0.816,0.0,-0.4019,negativo,,Arctic Shift API
790136b570f43303,cscareerquestions,2023-05-04T00:15:08+00:00,0.155,0.845,0.0,-0.296,negativo,,Arctic Shift API
1dc92503aacca9cf,programming,2023-01-05T02:17:35+00:00,0.0,0.736,0.264,0.8201,positivo,,Arctic Shift API
e17f7e82bb8eea0f,cscareerquestions,2021-09-13T23:38:22+00:00,0.0,1.0,0.0,0.0,neutro,,Arctic Shift API
18529a670023d68a,cscareerquestions,2024-05-21T00:12:46+00:00,0.042,0.87,0.088,0.5574,positivo,,Arctic Shift API
f210dac2000df720,programming,2024-05-16T04:41:52+00:00,0.035,0.816,0.148,0.9953,positivo,,Arctic Shift API
10ebdccc2a9fe1f2,devops,2021-03-29T21:02:27+00:00,0.186,0.779,0.036,-0.8173,negativo,,Arctic Shift API
1154c2d7833dcdd8,programming,2021-03-23T01:54:18+00:00,0.224,0.71,0.066,-0.9536,negativo,,Arctic Shift API
3bf8b6d57c366843,cscareerquestions,2023-06-23T00:06:43+00:00,0.0,0.825,0.175,0.9674,positivo,,Arctic Shift API
47a9e0fc6fb3529c,devops,2022-03-09T23:39:53+00:00,0.009,0.876,0.114,0.9365,positivo,,Arctic Shift API
1f7576eb16b63528,devops,2022-08-08T21:37:19+00:00,0.0,0.741,0.259,0.2732,positivo,,Arctic Shift API
44cc250e6c34f9c4,devops,2022-05-28T21:39:59+00:00,0.205,0.795,0.0,-0.4767,negativo,,Arctic Shift API
ea48770e3137ccde,cscareerquestions,2024-02-19T23:47:43+00:00,0.0,1.0,0.0,0.0,neutro,,Arctic Shift API
dc985419b2593c81,devops,2022-01-08T21:31:20+00:00,0.0,1.0,0.0,0.0,neutro,,Arctic Shift API
d183f3d9c3ff63b8,cscareerquestions,2023-07-27T00:32:10+00:00,0.023,0.977,0.0,-0.1027,negativo,,Arctic Shift API
cbc71b92d399f81c,devops,2024-09-22T06:45:22+00:00,0.031,0.931,0.038,0.2475,positivo,,Arctic Shift API
71436383348ee5a3,cscareerquestions,2023-09-02T23:20:03+00:00,0.127,0.734,0.139,0.3788,positivo,,Arctic Shift API
fe340800ebc5ed71,programming,2022-11-13T00:18:49+00:00,0.024,0.858,0.118,0.862,positivo,,Arctic Shift API
77a5fd6413921156,devops,2024-09-16T19:19:44+00:00,0.014,0.853,0.133,0.9921,positivo,workload,Arctic Shift API
9dd8445fb2b7570a,programming,2024-12-03T00:13:34+00:00,0.108,0.774,0.117,0.1179,positivo,,Arctic Shift API
f918643396bca43a,programming,2022-06-21T01:05:19+00:00,0.286,0.714,0.0,-0.4215,negativo,,Arctic Shift API
0e3a5387dd81e9cf,programming,2023-06-07T23:21:02+00:00,0.07,0.871,0.059,-0.2144,negativo,,Arctic Shift API
c427b47711b41540,devops,2022-01-02T03:28:21+00:00,0.0,0.859,0.141,0.4215,positivo,,Arctic Shift API
8ce885f14fc99711,devops,2023-02-14T06:46:13+00:00,0.087,0.913,0.0,-0.296,negativo,,Arctic Shift API
1b2b655e3e225e38,devops,2021-03-01T16:17:30+00:00,0.0,0.87,0.13,0.7506,positivo,,Arctic Shift API
6bb99b1894f1fb51,cscareerquestions,2022-07-10T00:33:31+00:00,0.0,0.846,0.154,0.4767,positivo,,Arctic Shift API
ec2cde3d3b1070f5,programming,2023-03-10T00:53:46+00:00,0.165,0.688,0.147,0.05,positivo,,Arctic Shift API
9cee9e2e5e8e421c,cscareerquestions,2024-09-22T00:48:47+00:00,0.212,0.687,0.101,-0.7572,negativo,,Arctic Shift API
0b35ae2e410a5246,devops,2024-10-14T20:45:20+00:00,0.07,0.809,0.12,0.2263,positivo,,Arctic Shift API
01fc03d89acb3be2,programming,2024-03-02T21:26:04+00:00,0.174,0.727,0.1,-0.8061,negativo,,Arctic Shift API
bda403c7fd5f0a9e,cscareerquestions,2024-11-25T22:54:40+00:00,0.052,0.77,0.178,0.6813,positivo,,Arctic Shift API
c96e561bf7b6e018,programming,2021-12-19T00:20:56+00:00,0.146,0.819,0.035,-0.7841,negativo,,Arctic Shift API
7e355a14faee99cc,programming,2024-09-10T01:40:00+00:00,0.035,0.842,0.124,0.6065,positivo,,Arctic Shift API
23a1c3e38cea5b77,devops,2021-09-18T18:07:03+00:00,0.091,0.685,0.223,0.5122,positivo,,Arctic Shift API
df9e5a9efc882555,cscareerquestions,2022-10-10T23:53:14+00:00,0.0,0.626,0.374,0.4574,positivo,,Arctic Shift API
b3516797f920c84a,programming,2023-03-30T01:58:41+00:00,0.073,0.833,0.093,-0.0,neutro,stress,Arctic Shift API
9238306fe50055bc,devops,2023-09-13T20:27:58+00:00,0.0,1.0,0.0,0.0,neutro,,Arctic Shift API
a27495d54a8b2e85,programming,2023-07-16T10:40:21+00:00,0.0,0.463,0.537,0.9317,positivo,,Arctic Shift API
677b2bb15bfb126e,devops,2022-03-07T15:39:35+00:00,0.0,1.0,0.0,0.0,neutro,,Arctic Shift API
e4c61630cf18013b,cscareerquestions,2022-04-24T00:57:23+00:00,0.163,0.718,0.119,-0.2846,negativo,,Arctic Shift API
3891df40da1fdfe1,programming,2022-01-18T03:17:22+00:00,0.215,0.785,0.0,-0.8497,negativo,,Arctic Shift API
e585e8c9b82ee5cb,devops,2022-03-26T17:55:19+00:00,0.0,0.879,0.121,0.6249,positivo,,Arctic Shift API
713295bfb78e029a,programming,2024-04-14T03:15:35+00:00,0.0,1.0,0.0,0.0,neutro,,Arctic Shift API
9ce9befbb6cbfdcf,devops,2024-08-13T03:00:10+00:00,0.0,0.649,0.351,0.4019,positivo,,Arctic Shift API
4a27c5ca973493a5,cscareerquestions,2023-02-10T01:03:31+00:00,0.0,1.0,0.0,0.0,neutro,,Arctic Shift API
1b84bb8b7a9984ff,devops,2022-07-16T14:52:36+00:00,0.076,0.808,0.116,0.2939,positivo,,Arctic Shift API
80fd9d6adb07543d,cscareerquestions,2022-01-19T23:40:47+00:00,0.024,0.809,0.167,0.8984,positivo,,Arctic Shift API
f4b5f23847fce2eb,devops,2021-02-11T01:48:02+00:00,0.0,1.0,0.0,0.0,neutro,,Arctic Shift API
7ae68c10341a3d4d,programming,2021-09-30T01:13:50+00:00,0.0,1.0,0.0,0.0,neutro,,Arctic Shift API
b4a33b5c9215f304,devops,2024-02-09T03:57:23+00:00,0.0,0.576,0.424,0.7089,positivo,,Arctic Shift API
4d5c53c112d4699b,devops,2024-10-14T20:47:07+00:00,0.034,0.906,0.06,0.34,positivo,,Arctic Shift API
c90bb4a6cce47810,cscareerquestions,2023-08-17T00:53:47+00:00,0.0,0.838,0.162,0.4404,positivo,,Arctic Shift API
477e1afac32f77ad,programming,2022-05-09T23:22:25+00:00,0.0,0.946,0.054,0.4404,positivo,,Arctic Shift API
294e75fa9f990b8b,cscareerquestions,2022-12-04T00:27:55+00:00,0.2,0.8,0.0,-0.5423,negativo,,Arctic Shift API
75ff291ded65bfc2,cscareerquestions,2021-02-26T00:25:30+00:00,0.0,0.762,0.238,0.6486,positivo,,Arctic Shift API
1baa155083998647,devops,2023-06-06T07:50:56+00:00,0.0,1.0,0.0,0.0,neutro,,Arctic Shift API
0f650282502abd89,cscareerquestions,2021-01-10T00:47:16+00:00,0.199,0.498,0.303,0.1779,positivo,,Arctic Shift API
8d2e38373442ebb8,programming,2023-04-11T04:00:20+00:00,0.185,0.674,0.14,-0.2023,negativo,,Arctic Shift API
f5531919d49254da,devops,2022-05-03T09:42:31+00:00,0.0,0.758,0.242,0.6297,positivo,,Arctic Shift API
37813c6e32bb8fb6,devops,2023-04-17T20:13:37+00:00,0.095,0.81,0.095,-0.0026,neutro,,Arctic Shift API
6e9c8891731c2f23,programming,2021-12-07T00:10:59+00:00,0.079,0.849,0.072,-0.8244,negativo,crash,Arctic Shift API
8e4169adda9a025d,devops,2021-07-26T23:27:34+00:00,0.0,0.848,0.152,0.6746,positivo,,Arctic Shift API
4f769dcd09ed1a1f,cscareerquestions,2021-02-21T00:05:38+00:00,0.05,0.826,0.125,0.8196,positivo,,Arctic Shift API
8ae39d47c27f9394,programming,2023-10-05T00:09:30+00:00,0.0,0.87,0.13,0.6908,positivo,,Arctic Shift API
0163a0c367710ded,cscareerquestions,2023-03-26T00:03:34+00:00,0.0,1.0,0.0,0.0,neutro,,Arctic Shift API
043ca085429e5edc,cscareerquestions,2023-07-22T23:30:08+00:00,0.0,0.919,0.081,0.2144,positivo,,Arctic Shift API
cde82eb971407de5,cscareerquestions,2021-01-12T00:17:43+00:00,0.075,0.699,0.226,0.7143,positivo,,Arctic Shift API
05da8fb9b7d73e16,cscareerquestions,2023-11-13T23:41:08+00:00,0.0,1.0,0.0,0.0,neutro,,Arctic Shift API
088d7297ff885394,cscareerquestions,2021-08-08T00:00:27+00:00,0.0,0.948,0.052,0.3612,positivo,,Arctic Shift API
259e28403a05508a,programming,2022-07-28T03:45:32+00:00,0.035,0.807,0.158,0.9464,positivo,,Arctic Shift API
37f50ad552b16f49,devops,2024-07-12T00:17:46+00:00,0.069,0.886,0.045,-0.4404,negativo,,Arctic Shift API
744bc66ff5c6cc4e,cscareerquestions,2024-11-13T23:18:46+00:00,0.084,0.916,0.0,-0.296,negativo,,Arctic Shift API
039ece296c11f6c2,devops,2022-11-03T05:47:21+00:00,0.0,0.709,0.291,0.6249,positivo,,Arctic Shift API
0f907605b79d8e52,cscareerquestions,2023-03-04T23:23:26+00:00,0.046,0.823,0.131,0.9511,positivo,,Arctic Shift API
f221fb71fdb53a88,cscareerquestions,2024-06-15T22:44:47+00:00,0.0,0.577,0.423,0.8999,positivo,,Arctic Shift API
d5f38fa59dc64e81,cscareerquestions,2022-12-20T00:24:59+00:00,0.042,0.87,0.088,0.5574,positivo,,Arctic Shift API
458da3bd4b274e47,programming,2023-12-21T03:28:22+00:00,0.0,0.833,0.167,0.6369,positivo,,Arctic Shift API
5a7204169a1c6d3b,programming,2023-03-10T00:37:38+00:00,0.0,1.0,0.0,0.0,neutro,,Arctic Shift API
193d3198f521fbf9,cscareerquestions,2021-09-16T00:13:23+00:00,0.076,0.878,0.047,-0.2951,negativo,,Arctic Shift API
6e6b60460ebf06f0,programming,2023-03-07T04:08:00+00:00,0.0,0.656,0.344,0.8748,positivo,,Arctic Shift API
be91ef3a04e1b57d,programming,2022-04-05T04:20:50+00:00,0.0,1.0,0.0,0.0,neutro,on call,Arctic Shift API
bb7cecbcdefeffd8,devops,2023-10-25T20:13:04+00:00,0.0,1.0,0.0,0.0,neutro,,Arctic Shift API
510f33f68c29693a,devops,2024-04-21T00:58:36+00:00,0.072,0.902,0.027,-0.47,negativo,,Arctic Shift API
abbe19425a90b8ff,devops,2024-11-25T21:59:52+00:00,0.133,0.84,0.027,-0.9528,negativo,,Arctic Shift API
71fcce4a5c75c55c,programming,2023-08-15T01:45:54+00:00,0.048,0.821,0.132,0.5984,positivo,,Arctic Shift API
08a0463a74dfe803,devops,2021-03-24T16:54:22+00:00,0.101,0.749,0.15,0.0772,positivo,,Arctic Shift API
a2eb4197deebbce5,programming,2021-12-15T22:55:56+00:00,0.068,0.792,0.14,0.9367,positivo,,Arctic Shift API
58134c600a78d06b,programming,2023-12-15T02:03:57+00:00,0.0,1.0,0.0,0.0,neutro,,Arctic Shift API
380495b3615c2fa7,cscareerquestions,2022-04-13T23:17:32+00:00,0.0,0.905,0.095,0.6249,positivo,,Arctic Shift API
7cc36b325ec9649b,programming,2023-10-26T00:59:03+00:00,0.0,0.699,0.301,0.6948,positivo,,Arctic Shift API
aa4cce3f6c7a4d0c,devops,2021-12-19T02:48:22+00:00,0.0,0.766,0.234,0.6369,positivo,,Arctic Shift API
ac8c140d7feeab32,cscareerquestions,2022-01-04T00:02:14+00:00,0.0,0.435,0.565,0.7574,positivo,,Arctic Shift API
52c2973c2be4cd7d,cscareerquestions,2023-09-06T23:58:13+00:00,0.042,0.87,0.088,0.5574,positivo,,Arctic Shift API
75542344473c3de7,cscareerquestions,2024-06-05T23:59:06+00:00,0.044,0.812,0.144,0.4939,positivo,,Arctic Shift API
e8dfa6c04d4a8e75,cscareerquestions,2021-06-20T00:02:42+00:00,0.0,0.72,0.28,0.7906,positivo,,Arctic Shift API
610c49d1cf9816ff,cscareerquestions,2023-12-12T00:46:42+00:00,0.072,0.88,0.048,-0.4767,negativo,,Arctic Shift API
2496e1ecfbc6013e,cscareerquestions,2021-08-31T00:02:56+00:00,0.0,0.741,0.259,0.4215,positivo,,Arctic Shift API
790fcd54d9254f8e,programming,2021-12-05T02:23:37+00:00,0.184,0.574,0.242,0.34,positivo,,Arctic Shift API
6d9736992bf68498,cscareerquestions,2023-02-14T00:25:12+00:00,0.031,0.853,0.116,0.6249,positivo,,Arctic Shift API
860a100e90fdd711,devops,2024-05-25T19:41:11+00:00,0.0,0.941,0.059,0.5789,positivo,,Arctic Shift API
0609e023bc9c31ce,cscareerquestions,2023-12-19T00:42:33+00:00,0.136,0.773,0.092,-0.8007,negativo,,Arctic Shift API
7ae3da4b4a805b63,devops,2023-04-06T03:22:40+00:00,0.17,0.741,0.089,-0.9004,negativo,,Arctic Shift API
675c885b2c2b66fc,programming,2022-11-15T00:05:59+00:00,0.0,0.959,0.041,0.1027,positivo,,Arctic Shift API
eb93da7be998e571,cscareerquestions,2021-07-11T00:19:47+00:00,0.0,0.741,0.259,0.5994,positivo,,Arctic Shift API
8bc135c6cad35a5a,programming,2022-09-17T22:22:58+00:00,0.31,0.69,0.0,-0.4019,negativo,,Arctic Shift API
ea7acff273750f71,devops,2022-02-05T22:18:50+00:00,0.0,0.863,0.137,0.9194,positivo,,Arctic Shift API
0d969d0d598e8afd,programming,2022-10-30T00:35:31+00:00,0.18,0.648,0.172,0.1779,positivo,,Arctic Shift API
56433ee98523beeb,cscareerquestions,2023-07-16T00:15:46+00:00,0.031,0.776,0.193,0.8984,positivo,anxiety,Arctic Shift API
3f202499dd8a6be6,cscareerquestions,2024-05-19T00:51:32+00:00,0.025,0.808,0.166,0.7964,positivo,,Arctic Shift API
55b9040431e1754c,programming,2022-02-20T02:42:05+00:00,0.113,0.796,0.091,-0.2732,negativo,,Arctic Shift API
82382a7ec727effb,devops,2023-09-28T03:06:31+00:00,0.0,1.0,0.0,0.0,neutro,,Arctic Shift API
b019c58c3f49051b,programming,2022-10-23T02:48:55+00:00,0.326,0.674,0.0,-0.6997,negativo,,Arctic Shift API
e194dfc9f9f0c53c,cscareerquestions,2024-08-27T00:29:57+00:00,0.0,1.0,0.0,0.0,neutro,,Arctic Shift API
2d849809af39bf83,devops,2022-03-08T10:59:11+00:00,0.01,0.958,0.032,0.6249,positivo,,Arctic Shift API
9a5aa25ba45322c0,cscareerquestions,2023-12-17T00:19:45+00:00,0.128,0.815,0.056,-0.8632,negativo,,Arctic Shift API
0b254396654c229e,programming,2022-04-24T01:55:04+00:00,0.161,0.596,0.243,0.2023,positivo,,Arctic Shift API
b3dfbb7373f133ab,devops,2022-12-11T06:34:05+00:00,0.0,0.892,0.108,0.7684,positivo,,Arctic Shift API
dd3f52347f15ae5c,programming,2021-03-19T01:49:38+00:00,0.44,0.56,0.0,-0.8816,negativo,,Arctic Shift API
adfaf3d5fb82f300,programming,2023-12-05T01:09:06+00:00,0.193,0.664,0.142,-0.3832,negativo,,Arctic Shift API
1e3a04b24ed90b5a,devops,2024-09-06T04:01:15+00:00,0.034,0.863,0.102,0.5844,positivo,,Arctic Shift API
50cbf7ba15167dd5,devops,2024-11-24T06:45:01+00:00,0.027,0.822,0.151,0.9859,positivo,,Arctic Shift API
260a94ba3061c122,cscareerquestions,2023-12-13T23:29:55+00:00,0.1,0.651,0.25,0.941,positivo,,Arctic Shift API
e1ac4791ea6c0dce,programming,2022-06-16T01:03:31+00:00,0.091,0.909,0.0,-0.2023,negativo,,Arctic Shift API
223c3777e5cd11fd,devops,2022-12-25T20:14:33+00:00,0.024,0.838,0.138,0.94,positivo,,Arctic Shift API
ca6a4cbe7e118f1d,devops,2024-02-09T04:22:58+00:00,0.136,0.832,0.032,-0.8237,negativo,,Arctic Shift API
1b8f2c97736e5981,cscareerquestions,2024-03-06T22:45:45+00:00,0.175,0.635,0.19,0.3578,positivo,,Arctic Shift API
8202731bed5ac57d,cscareerquestions,2022-12-20T00:11:14+00:00,0.0,1.0,0.0,0.0,neutro,,Arctic Shift API
2354acfc796625ea,programming,2021-11-28T00:09:18+00:00,0.136,0.772,0.092,-0.5174,negativo,,Arctic Shift API
77f6a94990ba09fb,programming,2023-02-08T23:49:21+00:00,0.16,0.75,0.09,-0.3377,negativo,,Arctic Shift API
7fc4bafa10f16b30,devops,2023-03-18T23:19:12+00:00,0.0,0.687,0.313,0.802,positivo,,Arctic Shift API
9437aa60a9464104,programming,2023-10-28T22:44:54+00:00,0.0,0.734,0.266,0.4404,positivo,,Arctic Shift API
e58db1669556ef70,cscareerquestions,2024-02-12T23:57:06+00:00,0.0,0.856,0.144,0.6208,positivo,,Arctic Shift API
13dc35e2c4eb3229,devops,2022-06-21T07:34:17+00:00,0.092,0.908,0.0,-0.2093,negativo,crash,Arctic Shift API
6ef33ff8ca48ee7e,programming,2022-02-14T22:25:27+00:00,0.0,1.0,0.0,0.0,neutro,,Arctic Shift API
6e0aec1a3a7fbfc7,programming,2023-04-29T23:32:11+00:00,0.034,0.859,0.106,0.8346,positivo,,Arctic Shift API
5c6adcb822c547ed,cscareerquestions,2023-10-31T00:41:14+00:00,0.0,1.0,0.0,0.0,neutro,,Arctic Shift API
2cc268819bc3e8b7,cscareerquestions,2022-12-03T23:37:35+00:00,0.095,0.739,0.165,0.9507,positivo,,Arctic Shift API
7cabdce0cc90de23,devops,2021-08-12T01:29:12+00:00,0.0,0.753,0.247,0.3182,positivo,,Arctic Shift API
59c5e4c3345e75f6,cscareerquestions,2022-07-08T00:20:44+00:00,0.246,0.754,0.0,-0.9395,negativo,,Arctic Shift API
e810b229446df73d,devops,2023-04-19T21:01:24+00:00,0.0,0.704,0.296,0.8442,positivo,,Arctic Shift API
2427963989eddd1f,devops,2022-11-23T17:31:14+00:00,0.0,1.0,0.0,0.0,neutro,,Arctic Shift API
5c186ce20da07da8,programming,2021-04-04T01:05:13+00:00,0.0,1.0,0.0,0.0,neutro,,Arctic Shift API
7b0f00b18cd4a545,cscareerquestions,2023-01-02T22:39:27+00:00,0.03,0.93,0.04,0.0,neutro,,Arctic Shift API
59c91228f874d1d8,cscareerquestions,2024-10-09T23:42:39+00:00,0.0,1.0,0.0,0.0,neutro,,Arctic Shift API
c9bf816ca225d832,devops,2022-03-15T02:03:57+00:00,0.0,0.575,0.425,0.9295,positivo,,Arctic Shift API
372e67660b46540d,devops,2021-06-07T13:59:00+00:00,0.0,0.544,0.456,0.8548,positivo,,Arctic Shift API
b0f352a3a90fbc9e,cscareerquestions,2024-04-20T23:04:45+00:00,0.048,0.797,0.155,0.5445,positivo,,Arctic Shift API
104ec030103b221e,programming,2021-03-13T22:06:15+00:00,0.141,0.783,0.077,-0.668,negativo,,Arctic Shift API
d60dad3aaedf3fc7,cscareerquestions,2022-11-28T23:42:30+00:00,0.042,0.87,0.088,0.5574,positivo,,Arctic Shift API
87db178e2dafa7cb,cscareerquestions,2022-06-24T00:43:01+00:00,0.083,0.837,0.079,0.3085,positivo,,Arctic Shift API
a150560ed20bfd77,devops,2022-06-21T02:39:43+00:00,0.0,0.786,0.214,0.8268,positivo,,Arctic Shift API
6a8718b4bdcf653d,devops,2024-12-02T22:17:15+00:00,0.023,0.977,0.0,-0.1531,negativo,,Arctic Shift API
53c2e09f2ae7ae5f,cscareerquestions,2021-06-14T23:43:09+00:00,0.0,0.838,0.162,0.4404,positivo,,Arctic Shift API
1f93914a497220bd,programming,2021-11-11T00:58:23+00:00,0.0,0.64,0.36,0.933,positivo,,Arctic Shift API
b6b1bcbe680e9da7,cscareerquestions,2021-05-30T00:53:21+00:00,0.118,0.636,0.245,0.34,positivo,,Arctic Shift API
815fec0f61a2ae06,cscareerquestions,2023-09-30T23:32:12+00:00,0.126,0.874,0.0,-0.5574,negativo,,Arctic Shift API
46e9e3895e2dd592,devops,2022-07-12T09:49:33+00:00,0.017,0.826,0.157,0.8674,positivo,,Arctic Shift API
7291967003b8411b,programming,2023-08-17T00:54:53+00:00,0.0,1.0,0.0,0.0,neutro,,Arctic Shift API
fd522541ff4082a0,devops,2021-01-26T03:48:22+00:00,0.08,0.797,0.122,0.9653,positivo,,Arctic Shift API
ac38283f363d0881,cscareerquestions,2023-04-29T23:51:58+00:00,0.042,0.87,0.088,0.5574,positivo,,Arctic Shift API
8dd1b1a4835d4746,cscareerquestions,2023-04-03T23:15:48+00:00,0.2,0.72,0.08,-0.5903,negativo,,Arctic Shift API
0ce6461b521bbd60,cscareerquestions,2023-12-19T01:09:53+00:00,0.0,0.92,0.08,0.3802,positivo,,Arctic Shift API
106b8bf0f3cc503f,programming,2021-01-16T23:07:29+00:00,0.053,0.736,0.211,0.9534,positivo,bug,Arctic Shift API
364aa197159609d7,devops,2024-06-09T06:10:51+00:00,0.0,0.588,0.412,0.906,positivo,,Arctic Shift API
573f10cdb52cae4a,cscareerquestions,2021-03-15T23:20:33+00:00,0.0,0.945,0.055,0.3094,positivo,,Arctic Shift API
97e274089b4540cc,devops,2024-07-05T01:09:00+00:00,0.052,0.869,0.079,0.9176,positivo,,Arctic Shift API
3d8ad2bbc7513ed1,cscareerquestions,2021-11-15T23:34:07+00:00,0.0,1.0,0.0,0.0,neutro,,Arctic Shift API
f8620b209b7011a7,programming,2024-11-30T20:34:15+00:00,0.0,0.641,0.359,0.6808,positivo,,Arctic Shift API
83a9d7d139fc082a,programming,2023-04-07T02:57:47+00:00,0.11,0.731,0.16,0.3987,positivo,,Arctic Shift API
df30a89817c5ac84,devops,2024-12-19T03:10:15+00:00,0.0,0.865,0.135,0.5996,positivo,,Arctic Shift API
2708fc0d1b991679,devops,2021-12-31T13:20:00+00:00,0.0,0.911,0.089,0.6239,positivo,,Arctic Shift API
baca1845899389b1,programming,2023-01-19T00:45:31+00:00,0.0,0.837,0.163,0.7661,positivo,,Arctic Shift API
fa134732e04017ac,cscareerquestions,2022-06-28T00:09:33+00:00,0.021,0.866,0.113,0.6808,positivo,,Arctic Shift API
b66d2bd83821b0b3,programming,2022-12-29T00:18:31+00:00,0.198,0.802,0.0,-0.9022,negativo,,Arctic Shift API
e7977830b7e8ac21,programming,2021-08-07T23:00:00+00:00,0.226,0.616,0.158,-0.4588,negativo,,Arctic Shift API
cfe0ded530440e2f,devops,2021-10-12T08:26:34+00:00,0.0,0.943,0.057,0.3197,positivo,,Arctic Shift API
67876b25cf0d0e71,programming,2022-02-11T00:42:29+00:00,0.107,0.707,0.186,0.4986,positivo,,Arctic Shift API
dd26b0ee8fbc92f6,cscareerquestions,2023-11-25T23:25:04+00:00,0.037,0.861,0.102,0.3464,positivo,,Arctic Shift API
5cf822404a0e6664,cscareerquestions,2024-04-16T00:19:56+00:00,0.0,1.0,0.0,0.0,neutro,,Arctic Shift API
a15f5fd95433bfe4,cscareerquestions,2021-08-25T23:36:47+00:00,0.0,0.8,0.2,0.7184,positivo,,Arctic Shift API
2867fb1428a827db,cscareerquestions,2023-07-20T00:28:51+00:00,0.048,0.952,0.0,-0.0572,negativo,,Arctic Shift API
fdb44631933e0212,devops,2023-07-12T22:29:33+00:00,0.05,0.903,0.047,-0.4588,negativo,burnout,Arctic Shift API
3e913274538480b8,devops,2024-03-07T04:03:10+00:00,0.0,0.633,0.367,0.4404,positivo,,Arctic Shift API
fad93bb912bf3ac4,cscareerquestions,2021-01-01T01:11:42+00:00,0.093,0.689,0.219,0.4939,positivo,,Arctic Shift API
b31e571910be0b9e,programming,2021-09-06T23:23:41+00:00,0.0,1.0,0.0,0.0,neutro,,Arctic Shift API
3eacd5e33fc0ec9a,cscareerquestions,2022-04-05T00:15:07+00:00,0.0,0.768,0.232,0.8948,positivo,,Arctic Shift API
16b61b7304dd6813,programming,2022-09-16T01:41:50+00:00,0.147,0.621,0.232,0.2714,positivo,,Arctic Shift API
803c9a664ed2a827,cscareerquestions,2024-05-13T23:42:04+00:00,0.152,0.775,0.073,-0.6965,negativo,,Arctic Shift API
3de519ac28545842,cscareerquestions,2022-02-10T00:54:59+00:00,0.0,0.916,0.084,0.1877,positivo,,Arctic Shift API
3a0784746e81c96b,programming,2022-12-11T00:05:52+00:00,0.08,0.572,0.348,0.69,positivo,,Arctic Shift API
b797882a9d9d0e18,devops,2022-04-10T13:23:41+00:00,0.191,0.739,0.07,-0.4767,negativo,,Arctic Shift API
cd2fe52e636b444b,devops,2024-07-04T08:05:10+00:00,0.0,1.0,0.0,0.0,neutro,bug,Arctic Shift API
89b8666a1d96ea66,devops,2022-09-01T07:57:22+00:00,0.0,0.935,0.065,0.4019,positivo,,Arctic Shift API
80a4e1af4608f771,programming,2024-10-24T03:58:36+00:00,0.0,0.727,0.273,0.4588,positivo,,Arctic Shift API
c50b82b22297b1c3,programming,2021-01-19T00:46:54+00:00,0.0,0.766,0.234,0.7876,positivo,,Arctic Shift API
b4397b2244a47728,cscareerquestions,2024-01-30T00:32:15+00:00,0.0,0.513,0.487,0.7655,positivo,,Arctic Shift API
cabd27c0ed5858eb,cscareerquestions,2023-08-05T23:28:44+00:00,0.06,0.84,0.1,0.475,positivo,,Arctic Shift API
258a3e2777fe9b59,programming,2024-06-04T06:03:34+00:00,0.0,1.0,0.0,0.0,neutro,,Arctic Shift API
cd1eee609a893f42,programming,2021-03-14T06:28:44+00:00,0.0,0.92,0.08,0.4215,positivo,,Arctic Shift API
28beace0856fd1fb,cscareerquestions,2021-05-06T00:10:21+00:00,0.156,0.73,0.113,-0.51,negativo,,Arctic Shift API
4dad6ce4cce63152,cscareerquestions,2023-09-11T23:23:49+00:00,0.042,0.87,0.088,0.5574,positivo,,Arctic Shift API
220ba158f1db3604,devops,2024-09-23T17:55:43+00:00,0.075,0.79,0.134,0.4939,positivo,,Arctic Shift API
6bdd50da2e175326,programming,2021-10-26T01:48:14+00:00,0.341,0.435,0.225,-0.1531,negativo,,Arctic Shift API
733303a055767d33,cscareerquestions,2024-12-24T00:07:29+00:00,0.134,0.647,0.219,0.7992,positivo,anxiety,Arctic Shift API
29438bef0fd9f0d6,cscareerquestions,2024-02-06T00:09:29+00:00,0.042,0.87,0.088,0.5574,positivo,,Arctic Shift API
cce17b5e2ae214c1,cscareerquestions,2024-04-21T01:16:33+00:00,0.018,0.795,0.187,0.8814,positivo,,Arctic Shift API
0061da7adb00b15e,cscareerquestions,2021-07-24T23:20:52+00:00,0.015,0.904,0.082,0.6978,positivo,,Arctic Shift API
3006b7fab8679ccb,programming,2022-02-14T22:52:19+00:00,0.04,0.727,0.233,0.7425,positivo,,Arctic Shift API
51dff5d618fc7f28,cscareerquestions,2022-11-16T23:45:11+00:00,0.107,0.7,0.193,0.2732,positivo,,Arctic Shift API
e69b843d77c39d71,programming,2021-10-10T01:18:45+00:00,0.0,1.0,0.0,0.0,neutro,,Arctic Shift API
5f50577e93325d00,programming,2023-03-01T21:31:12+00:00,0.0,0.821,0.179,0.34,positivo,,Arctic Shift API
fdb0102ae8000a77,devops,2021-12-02T00:24:38+00:00,0.007,0.92,0.073,0.9224,positivo,,Arctic Shift API
73cd92ecf8f10070,cscareerquestions,2023-08-08T00:45:11+00:00,0.099,0.701,0.201,0.6369,positivo,anxiety,Arctic Shift API
6580f2180bac318e,cscareerquestions,2023-12-09T23:38:59+00:00,0.154,0.697,0.149,-0.0772,negativo,on-call,Arctic Shift API
e41300c68d7bfe20,cscareerquestions,2024-11-28T00:10:23+00:00,0.0,1.0,0.0,0.0,neutro,,Arctic Shift API
fb60e199eb487351,programming,2022-01-05T22:42:16+00:00,0.023,0.945,0.032,0.128,positivo,,Arctic Shift API
2a01055930db84dc,cscareerquestions,2022-09-28T23:17:31+00:00,0.042,0.87,0.088,0.5574,positivo,,Arctic Shift API
df28e00416094c4b,devops,2023-11-18T15:56:45+00:00,0.0,0.723,0.277,0.3182,positivo,,Arctic Shift API
da570dd44aef18ae,programming,2024-07-05T03:33:28+00:00,0.618,0.382,0.0,-0.8658,negativo,,Arctic Shift API
25279cc89f63e7f7,programming,2022-12-27T02:56:04+00:00,0.0,0.815,0.185,0.3612,positivo,,Arctic Shift API
ed4d110e639180d4,devops,2024-11-07T03:23:41+00:00,0.0,0.621,0.379,0.9042,positivo,,Arctic Shift API
2aff199ee0555d50,devops,2021-03-18T02:54:09+00:00,0.0,1.0,0.0,0.0,neutro,,Arctic Shift API
251bb193930a2a45,programming,2022-09-13T05:15:17+00:00,0.0,0.677,0.323,0.7713,positivo,,Arctic Shift API
3d043927501a34c6,programming,2021-02-14T00:49:33+00:00,0.057,0.854,0.089,0.2023,positivo,,Arctic Shift API
ccad6ef20ce6f7b7,cscareerquestions,2024-04-23T00:11:32+00:00,0.203,0.553,0.245,0.1867,positivo,,Arctic Shift API
4914659591492753,cscareerquestions,2024-04-05T00:00:13+00:00,0.0,1.0,0.0,0.0,neutro,,Arctic Shift API
37910b07cf97023f,cscareerquestions,2023-10-15T00:23:07+00:00,0.156,0.779,0.065,-0.9421,negativo,exhausting,Arctic Shift API
c51a20eae00bbd78,cscareerquestions,2024-07-21T00:05:40+00:00,0.042,0.87,0.088,0.5574,positivo,,Arctic Shift API
91520a76f78b49fe,devops,2024-01-18T03:08:47+00:00,0.073,0.816,0.11,0.0931,positivo,,Arctic Shift API
1e711e1940da44e4,devops,2022-01-20T07:28:03+00:00,0.0,1.0,0.0,0.0,neutro,,Arctic Shift API
6d027de4bbeecb6e,cscareerquestions,2022-06-28T00:51:25+00:00,0.0,1.0,0.0,0.0,neutro,,Arctic Shift API
ceb6482f38748fcc,programming,2022-11-03T01:11:01+00:00,0.13,0.75,0.12,-0.1571,negativo,,Arctic Shift API
6a4887c86bb879e3,programming,2024-09-10T00:37:13+00:00,0.08,0.784,0.137,0.4387,positivo,,Arctic Shift API
9af00f53a43af8eb,devops,2022-03-14T18:57:33+00:00,0.0,0.86,0.14,0.7184,positivo,,Arctic Shift API
14febd0f7734c935,programming,2024-12-30T19:58:20+00:00,0.065,0.815,0.12,0.6461,positivo,bug,Arctic Shift API
6abd54da61cffd37,programming,2023-04-13T02:05:42+00:00,0.056,0.683,0.26,0.9556,positivo,,Arctic Shift API
68e1dd8326075574,programming,2021-04-15T01:07:08+00:00,0.087,0.817,0.096,0.5499,positivo,,Arctic Shift API
9e5544a2ab4e631b,devops,2022-09-11T11:06:46+00:00,0.0,0.593,0.407,0.8225,positivo,,Arctic Shift API
27b05ce9138fe017,devops,2024-12-20T03:38:19+00:00,0.056,0.843,0.1,0.2732,positivo,,Arctic Shift API
819c84083999c357,devops,2022-11-18T12:06:36+00:00,0.031,0.831,0.137,0.6908,positivo,,Arctic Shift API
fa619e5dc4e4bd40,devops,2024-07-26T06:12:18+00:00,0.064,0.818,0.118,0.6135,positivo,,Arctic Shift API
3e5a0c4360dc0806,cscareerquestions,2023-04-26T23:26:17+00:00,0.125,0.807,0.068,-0.3182,negativo,,Arctic Shift API
243a77e63219d070,cscareerquestions,2021-08-31T00:11:11+00:00,0.263,0.526,0.211,0.0772,positivo,,Arctic Shift API
e7a221b403e08540,programming,2024-05-22T23:17:02+00:00,0.033,0.914,0.052,0.945,positivo,,Arctic Shift API
56f485319ac1257c,cscareerquestions,2024-03-28T00:30:27+00:00,0.0,0.879,0.121,0.9517,positivo,,Arctic Shift API
006dad24b39bc144,cscareerquestions,2023-03-03T00:29:27+00:00,0.109,0.891,0.0,-0.296,negativo,,Arctic Shift API
25fb582d25d32d31,devops,2021-09-10T08:36:50+00:00,0.0,0.872,0.128,0.3612,positivo,,Arctic Shift API
4d462b5941fd55bf,devops,2022-03-26T17:30:19+00:00,0.052,0.757,0.192,0.984,positivo,,Arctic Shift API
2c277ad6bf51a983,programming,2021-11-17T23:26:16+00:00,0.018,0.795,0.187,0.9874,positivo,,Arctic Shift API
0a33c06248a7540f,programming,2023-04-20T01:41:38+00:00,0.051,0.905,0.043,-0.1027,negativo,,Arctic Shift API
118fff9f2a593e4d,cscareerquestions,2022-04-19T00:22:18+00:00,0.0,1.0,0.0,0.0,neutro,,Arctic Shift API
16a0fa7efc767cff,programming,2024-12-15T00:46:54+00:00,0.0,1.0,0.0,0.0,neutro,bug,Arctic Shift API
6e691818a6346ce0,programming,2022-05-06T01:01:31+00:00,0.0,1.0,0.0,0.0,neutro,,Arctic Shift API
6884a2fa99543bc6,cscareerquestions,2023-07-01T23:30:31+00:00,0.1,0.812,0.089,-0.3956,negativo,,Arctic Shift API
b1b0e42b50f2bc89,cscareerquestions,2023-04-02T01:10:03+00:00,0.0,1.0,0.0,0.0,neutro,,Arctic Shift API
34eeb26972cf3bbc,devops,2021-04-21T16:16:24+00:00,0.032,0.777,0.191,0.8481,positivo,,Arctic Shift API
c7527b101827fe3e,cscareerquestions,2022-05-29T00:09:29+00:00,0.078,0.769,0.153,0.7804,positivo,tired,Arctic Shift API
3dc4cac60862a737,devops,2022-05-30T18:48:17+00:00,0.0,0.689,0.311,0.7707,positivo,,Arctic Shift API
d3126de6262bc534,programming,2023-05-19T00:59:41+00:00,0.085,0.876,0.039,-0.1584,negativo,,Arctic Shift API
b00bb1338701ce9f,cscareerquestions,2022-11-30T23:36:50+00:00,0.134,0.866,0.0,-0.594,negativo,,Arctic Shift API
e04f40f100be327e,cscareerquestions,2021-06-06T00:10:01+00:00,0.069,0.828,0.103,0.3291,positivo,,Arctic Shift API
292e903765b8c9e7,devops,2023-12-13T21:24:46+00:00,0.187,0.765,0.048,-0.7657,negativo,,Arctic Shift API
d292c34651ff4c4e,programming,2022-06-14T01:47:55+00:00,0.341,0.659,0.0,-0.7727,negativo,,Arctic Shift API
7a6bf6907b154a23,devops,2022-11-29T12:10:24+00:00,0.0,0.949,0.051,0.3898,positivo,,Arctic Shift API
a2888f72ab76189a,cscareerquestions,2021-04-19T23:16:11+00:00,0.07,0.759,0.171,0.4939,positivo,,Arctic Shift API
92fdc492706823a8,devops,2024-10-17T05:14:26+00:00,0.018,0.841,0.141,0.8655,positivo,,Arctic Shift API
255cc289da14d2d1,programming,2022-11-05T23:48:31+00:00,0.1,0.812,0.089,-0.0772,negativo,,Arctic Shift API
aed0bcaa5ae79e13,devops,2023-08-18T01:49:36+00:00,0.0,0.894,0.106,0.3612,positivo,,Arctic Shift API
f4c8ce8695c67ad2,cscareerquestions,2023-12-19T01:02:11+00:00,0.069,0.788,0.143,0.3612,positivo,,Arctic Shift API
3069ea593495d529,devops,2023-04-21T05:44:49+00:00,0.099,0.901,0.0,-0.296,negativo,,Arctic Shift API
15ce57a8e540f69e,devops,2023-08-13T09:27:17+00:00,0.0,0.773,0.227,0.6124,positivo,,Arctic Shift API
46bcfbc0aba96b9d,cscareerquestions,2021-01-18T22:52:09+00:00,0.0,0.741,0.259,0.6808,positivo,,Arctic Shift API
5179c5fbc699c11f,programming,2021-01-24T02:29:28+00:00,0.0,0.884,0.116,0.4215,positivo,,Arctic Shift API
b502df0838dc223b,cscareerquestions,2022-04-12T00:35:09+00:00,0.019,0.95,0.03,0.2283,positivo,,Arctic Shift API
b22f699a007cb586,devops,2021-03-22T18:33:23+00:00,0.115,0.639,0.246,0.4767,positivo,,Arctic Shift API
91771f9f11f462f4,devops,2022-06-03T00:41:47+00:00,0.0,0.784,0.216,0.8809,positivo,,Arctic Shift API
10889d859ff92ab8,devops,2022-06-18T21:53:28+00:00,0.0,1.0,0.0,0.0,neutro,,Arctic Shift API
58234d97e381dcc5,programming,2023-06-11T00:52:30+00:00,0.034,0.714,0.252,0.9033,positivo,,Arctic Shift API
02fdf4f28905d1d1,devops,2021-10-29T06:39:26+00:00,0.0,0.783,0.217,0.6124,positivo,,Arctic Shift API
fe52c3914b8c08c6,programming,2024-07-14T00:25:34+00:00,0.0,0.766,0.234,0.6705,positivo,,Arctic Shift API
13b0ed6391862578,cscareerquestions,2023-11-25T23:25:49+00:00,0.19,0.709,0.101,-0.3412,negativo,,Arctic Shift API
d8d1a3919f38cfa1,devops,2024-01-15T19:45:52+00:00,0.0,0.928,0.072,0.5499,positivo,,Arctic Shift API
e0b89cacdb277d45,devops,2024-09-09T22:15:34+00:00,0.116,0.814,0.07,-0.507,negativo,,Arctic Shift API
0f7b2abf6dd2a8bb,cscareerquestions,2021-12-12T00:41:16+00:00,0.0,0.897,0.103,0.4767,positivo,,Arctic Shift API
86513324c48c4e6c,devops,2023-05-22T17:43:48+00:00,0.053,0.839,0.108,0.7855,positivo,,Arctic Shift API
8ff3b6125911131f,programming,2024-01-19T02:47:35+00:00,0.039,0.786,0.175,0.9773,positivo,,Arctic Shift API
0f0d7eca32ecce47,devops,2021-03-24T22:00:29+00:00,0.25,0.435,0.315,0.1531,positivo,,Arctic Shift API
6c6b5bf7e58c37a6,programming,2023-03-19T00:19:31+00:00,0.425,0.486,0.089,-0.8834,negativo,,Arctic Shift API
d1d67ee1bab3ae3b,programming,2024-04-25T01:48:17+00:00,0.147,0.598,0.255,0.25,positivo,,Arctic Shift API
391ac74f01cca572,devops,2022-09-01T08:08:27+00:00,0.025,0.866,0.109,0.7351,positivo,,Arctic Shift API
a5aef8282f0693a6,programming,2023-03-14T00:09:07+00:00,0.205,0.694,0.1,-0.9055,negativo,,Arctic Shift API
dd448b3e66a844d8,cscareerquestions,2023-04-17T23:50:57+00:00,0.0,1.0,0.0,0.0,neutro,,Arctic Shift API
7f8a070a131a4a4f,devops,2021-06-08T02:15:17+00:00,0.0,0.804,0.196,0.9042,positivo,,Arctic Shift API
282a585a2c95d826,devops,2024-11-16T15:04:17+00:00,0.0,1.0,0.0,0.0,neutro,,Arctic Shift API
15da120a3b5eb5eb,devops,2021-02-12T16:38:39+00:00,0.06,0.768,0.172,0.8821,positivo,,Arctic Shift API
43bcab762be25cd8,programming,2023-11-17T00:48:25+00:00,0.058,0.804,0.138,0.9391,positivo,,Arctic Shift API
873291e5fafd7f87,programming,2024-10-31T00:21:35+00:00,0.188,0.812,0.0,-0.4588,negativo,,Arctic Shift API
dd561ac47b286c3f,devops,2022-05-12T10:44:58+00:00,0.028,0.907,0.065,0.4404,positivo,,Arctic Shift API
56a6bc377a97fa0a,cscareerquestions,2021-12-18T23:29:08+00:00,0.046,0.876,0.078,0.4019,positivo,,Arctic Shift API
4cfdf171ac0e3caf,devops,2024-03-31T03:56:08+00:00,0.038,0.914,0.048,0.3898,positivo,,Arctic Shift API
900d877357aca8d5,programming,2024-01-18T01:37:25+00:00,0.0,0.909,0.091,0.9159,positivo,bug,Arctic Shift API
b178f31a40eb7ad2,programming,2023-02-21T00:35:25+00:00,0.0,1.0,0.0,0.0,neutro,,Arctic Shift API
52c9d17341902052,programming,2023-11-29T22:19:38+00:00,0.0,0.475,0.525,0.9382,positivo,,Arctic Shift API
96f739dee9fc0d51,cscareerquestions,2021-01-16T23:23:37+00:00,0.134,0.629,0.237,0.0352,neutro,,Arctic Shift API
3b6b9e389b013c1d,programming,2021-02-28T00:51:14+00:00,0.093,0.866,0.041,-0.7106,negativo,,Arctic Shift API
6f43df5f6d30ca17,devops,2023-06-27T08:26:26+00:00,0.223,0.777,0.0,-0.8574,negativo,,Arctic Shift API
f40ccd2f9cc7ea1a,programming,2022-06-27T23:58:22+00:00,0.0,0.769,0.231,0.6249,positivo,,Arctic Shift API
d8fcc199cfd2a20e,programming,2021-04-30T01:38:25+00:00,0.084,0.805,0.111,0.1779,positivo,,Arctic Shift API
9b1d7650dca937b0,programming,2022-06-30T01:40:01+00:00,0.039,0.801,0.16,0.974,positivo,,Arctic Shift API
9ea0a8b916d65400,cscareerquestions,2022-05-06T00:17:48+00:00,0.0,0.816,0.184,0.5423,positivo,,Arctic Shift API
7b9119f8f682d263,programming,2022-01-04T00:42:36+00:00,0.044,0.621,0.334,0.9781,positivo,bug,Arctic Shift API
a74c4fd967a4f7f6,cscareerquestions,2022-08-09T00:15:17+00:00,0.0,0.879,0.121,0.296,positivo,,Arctic Shift API
325e99ed20650766,devops,2023-02-07T06:29:35+00:00,0.0,0.603,0.397,0.8892,positivo,,Arctic Shift API
279e495cc9de2261,devops,2022-05-26T06:27:26+00:00,0.0,0.798,0.202,0.5106,positivo,,Arctic Shift API
0382ff0c2b304dbb,programming,2023-05-25T03:10:26+00:00,0.0,0.847,0.153,0.4404,positivo,,Arctic Shift API
2e8056a677441b43,programming,2023-08-06T03:36:40+00:00,0.0,0.523,0.477,0.802,positivo,,Arctic Shift API
46cd0f0d503def48,cscareerquestions,2022-09-01T00:01:16+00:00,0.042,0.87,0.088,0.5574,positivo,,Arctic Shift API
2ba5fb2f4590e520,cscareerquestions,2022-09-27T00:10:39+00:00,0.11,0.89,0.0,-0.2732,negativo,,Arctic Shift API
736773c5b4c3f7cf,devops,2022-04-05T02:43:12+00:00,0.073,0.821,0.107,0.4968,positivo,,Arctic Shift API
3f7e95b5e124d434,programming,2024-09-03T05:27:55+00:00,0.281,0.719,0.0,-0.5719,negativo,,Arctic Shift API
ecd5e1060c30d297,programming,2021-04-07T23:13:21+00:00,0.0,0.913,0.087,0.3182,positivo,,Arctic Shift API
e5fc79fd3bbadd21,programming,2021-11-16T06:12:47+00:00,0.294,0.706,0.0,-0.3612,negativo,,Arctic Shift API
1eb4ff07b108e656,devops,2022-06-08T23:18:22+00:00,0.031,0.925,0.045,0.4692,positivo,,Arctic Shift API
c9217d0bc5720051,devops,2023-05-29T02:38:15+00:00,0.0,1.0,0.0,0.0,neutro,workload,Arctic Shift API
b5d7bd098e84a2a0,programming,2022-07-23T21:34:42+00:00,0.0,0.741,0.259,0.2732,positivo,,Arctic Shift API
845037a7b4a09c83,devops,2024-07-12T02:47:04+00:00,0.0,1.0,0.0,0.0,neutro,,Arctic Shift API
e86d6a975e935c73,devops,2022-09-06T03:48:27+00:00,0.0,1.0,0.0,0.0,neutro,,Arctic Shift API
3542e664b6a00c17,devops,2024-05-21T03:17:35+00:00,0.28,0.538,0.182,-0.2325,negativo,,Arctic Shift API
e24cf099e6b2b2cd,devops,2023-09-30T21:41:20+00:00,0.066,0.807,0.127,0.8047,positivo,,Arctic Shift API
b39f295b93eed5e4,cscareerquestions,2024-03-05T00:07:50+00:00,0.069,0.812,0.119,0.34,positivo,,Arctic Shift API
f207723ddc2006ea,cscareerquestions,2023-11-16T00:05:30+00:00,0.0,1.0,0.0,0.0,neutro,,Arctic Shift API
8feef3939017d59a,cscareerquestions,2023-02-12T01:19:20+00:00,0.0,1.0,0.0,0.0,neutro,,Arctic Shift API
4093a3e0f51e591e,programming,2023-11-24T00:58:32+00:00,0.053,0.704,0.244,0.9676,positivo,bug,Arctic Shift API
314a808e5b83904c,programming,2022-12-14T22:23:03+00:00,0.1,0.545,0.355,0.8345,positivo,,Arctic Shift API
2a5bfacd5136cd06,devops,2021-08-05T06:50:04+00:00,0.04,0.913,0.047,-0.1154,negativo,,Arctic Shift API
85196821c3096174,cscareerquestions,2024-08-23T00:42:38+00:00,0.028,0.882,0.09,0.743,positivo,,Arctic Shift API
e88e20be1d04ca40,programming,2023-12-23T22:45:01+00:00,0.113,0.714,0.173,0.633,positivo,,Arctic Shift API
d8a59481f549cabc,cscareerquestions,2022-09-02T01:00:30+00:00,0.0,0.826,0.174,0.2732,positivo,,Arctic Shift API
50457f633fc91ca7,programming,2021-11-11T02:47:18+00:00,0.0,0.82,0.18,0.5106,positivo,,Arctic Shift API
960f51492442e0a1,devops,2022-09-30T02:30:40+00:00,0.0,1.0,0.0,0.0,neutro,incident,Arctic Shift API
26497d880cfb69b5,devops,2023-06-24T16:07:44+00:00,0.109,0.693,0.197,0.34,positivo,,Arctic Shift API
c14bbdad39e504b1,devops,2021-07-08T01:13:39+00:00,0.0,0.881,0.119,0.6597,positivo,,Arctic Shift API
65d75bb1911bd565,devops,2024-04-13T22:29:35+00:00,0.019,0.822,0.158,0.8176,positivo,,Arctic Shift API
af4201fb823b6ff1,programming,2022-10-02T00:55:33+00:00,0.0,0.656,0.344,0.6432,positivo,,Arctic Shift API
8055354d849f1308,devops,2022-04-07T14:17:52+00:00,0.0,0.8,0.2,0.4588,positivo,,Arctic Shift API
3d18fdeea173d959,programming,2022-05-17T01:27:15+00:00,0.0,0.87,0.13,0.3716,positivo,,Arctic Shift API
5efe9b171f4b2069,devops,2021-11-21T07:43:24+00:00,0.0,0.768,0.232,0.8873,positivo,,Arctic Shift API
c54bab847a7a2155,programming,2021-05-03T23:01:41+00:00,0.113,0.803,0.084,-0.2023,negativo,,Arctic Shift API
d149477cb9278826,cscareerquestions,2021-05-04T00:17:49+00:00,0.0,1.0,0.0,0.0,neutro,,Arctic Shift API
4ed976fa6c2ca48e,cscareerquestions,2022-03-14T23:21:27+00:00,0.044,0.956,0.0,-0.0772,negativo,,Arctic Shift API
40f90171e3df534d,devops,2024-04-01T21:46:09+00:00,0.0,0.617,0.383,0.6369,positivo,,Arctic Shift API
b9a540146d0ca4ef,cscareerquestions,2023-11-23T00:37:12+00:00,0.0,0.71,0.29,0.8969,positivo,,Arctic Shift API
7fa63656a0606c75,programming,2022-07-24T00:03:38+00:00,0.0,0.835,0.165,0.9617,positivo,,Arctic Shift API
74bf81ed48cfb9a0,cscareerquestions,2023-09-09T23:30:42+00:00,0.0,1.0,0.0,0.0,neutro,,Arctic Shift API
a35aadda0735175c,programming,2024-10-03T01:02:53+00:00,0.072,0.826,0.102,0.3937,positivo,,Arctic Shift API
56a6389e4466c061,devops,2024-12-19T00:46:22+00:00,0.07,0.851,0.08,0.1004,positivo,,Arctic Shift API
c1f76231575a1172,cscareerquestions,2021-02-11T00:12:53+00:00,0.0,0.8,0.2,0.3612,positivo,,Arctic Shift API
b23e57631d45b667,devops,2021-05-21T05:01:05+00:00,0.018,0.925,0.056,0.7503,positivo,,Arctic Shift API
9033bbfd61e9e6fa,programming,2024-12-22T07:14:26+00:00,0.0,1.0,0.0,0.0,neutro,,Arctic Shift API
25bb9e7b34bbd5c5,devops,2022-06-20T18:07:50+00:00,0.075,0.805,0.121,0.1901,positivo,,Arctic Shift API
dff8e456149b1f7f,cscareerquestions,2024-05-18T23:09:07+00:00,0.0,0.885,0.115,0.296,positivo,,Arctic Shift API
e61789c899dc5685,devops,2023-02-12T10:04:09+00:00,0.0,1.0,0.0,0.0,neutro,,Arctic Shift API
4b06586c0312e466,devops,2022-08-03T16:34:33+00:00,0.0,0.87,0.13,0.1655,positivo,,Arctic Shift API
d30eb84ee1eabe1f,devops,2023-09-27T20:11:43+00:00,0.218,0.782,0.0,-0.4596,negativo,,Arctic Shift API
f52ed98dd4ddd021,cscareerquestions,2023-01-03T00:53:23+00:00,0.0,0.759,0.241,0.8934,positivo,,Arctic Shift API
3dc737e2bd91ebcc,devops,2022-06-19T05:11:10+00:00,0.032,0.746,0.222,0.9795,positivo,,Arctic Shift API
31e7a529c0003915,devops,2022-03-22T02:15:33+00:00,0.016,0.871,0.114,0.9393,positivo,,Arctic Shift API
1977d771d96d3adc,programming,2021-11-04T01:40:14+00:00,0.071,0.854,0.075,0.4665,positivo,,Arctic Shift API
16bfa9c5591b5b40,devops,2022-09-13T03:35:46+00:00,0.0,1.0,0.0,0.0,neutro,,Arctic Shift API
a1af25a810492645,programming,2022-02-10T03:03:29+00:00,0.0,0.769,0.231,0.34,positivo,,Arctic Shift API
a956d99f864f2a00,programming,2022-06-09T00:50:41+00:00,0.0,0.494,0.506,0.7311,positivo,,Arctic Shift API
cb980186f616ebfc,devops,2023-06-03T18:07:23+00:00,0.344,0.5,0.156,-0.25,negativo,,Arctic Shift API
34a1458d61dd8600,cscareerquestions,2023-11-18T23:39:02+00:00,0.0,0.861,0.139,0.7876,positivo,,Arctic Shift API
b7d680920ba607e9,cscareerquestions,2021-10-15T00:41:50+00:00,0.027,0.823,0.15,0.8519,positivo,,Arctic Shift API
60ee989921aa0ea6,programming,2023-01-21T21:52:44+00:00,0.0,0.847,0.153,0.5023,positivo,,Arctic Shift API
208f5cd246f210b5,devops,2022-07-22T00:12:18+00:00,0.086,0.804,0.11,0.2575,positivo,,Arctic Shift API
a40ee9edeea77b90,programming,2021-10-29T02:11:29+00:00,0.0,1.0,0.0,0.0,neutro,,Arctic Shift API
c719ccf40b243509,programming,2022-07-17T00:08:49+00:00,0.031,0.928,0.041,0.0,neutro,bug,Arctic Shift API
8926b899a3058dd6,cscareerquestions,2024-04-05T00:29:12+00:00,0.062,0.826,0.112,0.5719,positivo,,Arctic Shift API
f80e2b28f0044bf0,devops,2023-09-26T02:28:35+00:00,0.0,0.565,0.435,0.6597,positivo,,Arctic Shift API
ae9e54827645d552,programming,2023-01-05T00:34:52+00:00,0.02,0.858,0.122,0.948,positivo,,Arctic Shift API
279575dbe8fdc80c,cscareerquestions,2023-06-08T00:14:08+00:00,0.078,0.833,0.089,0.0258,neutro,,Arctic Shift API
7e79dd0b3b0dc087,programming,2022-05-07T22:31:32+00:00,0.024,0.837,0.139,0.9031,positivo,,Arctic Shift API
2b64c4d880f04bb7,programming,2021-04-07T23:37:59+00:00,0.05,0.814,0.137,0.5913,positivo,,Arctic Shift API
eee6d5855f35439b,programming,2024-09-15T00:52:38+00:00,0.0,0.889,0.111,0.5423,positivo,,Arctic Shift API
4e5adba2a4c4b725,cscareerquestions,2021-06-06T00:49:07+00:00,0.043,0.764,0.193,0.99,positivo,,Arctic Shift API
76be78ef5d526a08,programming,2024-06-30T00:34:36+00:00,0.0,0.859,0.141,0.6416,positivo,,Arctic Shift API
b3dbb68622a4d660,cscareerquestions,2021-06-23T22:54:41+00:00,0.0,1.0,0.0,0.0,neutro,,Arctic Shift API
8a034fa6f10d905b,devops,2023-05-20T22:50:11+00:00,0.0,1.0,0.0,0.0,neutro,,Arctic Shift API
282091b419628532,programming,2021-06-08T01:40:54+00:00,0.0,0.953,0.047,0.296,positivo,,Arctic Shift API
c05e944c95a96698,programming,2022-10-18T01:09:51+00:00,0.0,1.0,0.0,0.0,neutro,,Arctic Shift API
e11b1ed8f8e917c9,cscareerquestions,2021-01-22T01:00:03+00:00,0.16,0.7,0.139,0.0252,neutro,,Arctic Shift API
ff1729e296879774,cscareerquestions,2022-06-03T00:40:19+00:00,0.021,0.866,0.113,0.6808,positivo,,Arctic Shift API
8d26b799bb8ba310,programming,2023-11-15T23:01:26+00:00,0.207,0.793,0.0,-0.5719,negativo,,Arctic Shift API
c9ff61b7870d8132,cscareerquestions,2021-12-01T23:51:07+00:00,0.022,0.951,0.027,0.0583,positivo,,Arctic Shift API
95cef5338573b022,devops,2022-08-26T05:31:29+00:00,0.058,0.837,0.105,0.5475,positivo,,Arctic Shift API
43aa52a67b24f046,programming,2021-02-08T23:09:27+00:00,0.191,0.635,0.175,-0.0531,negativo,,Arctic Shift API
b7fe4bda728c959c,programming,2022-08-03T21:24:36+00:00,0.175,0.674,0.152,-0.1511,negativo,,Arctic Shift API
31a3c8eaaa936853,devops,2024-02-05T20:38:12+00:00,0.0,0.869,0.131,0.7269,positivo,,Arctic Shift API
03c38d90b6ecd9e9,devops,2023-01-09T21:54:50+00:00,0.0,1.0,0.0,0.0,neutro,,Arctic Shift API
ede3a69a44e01ee3,devops,2024-03-27T21:25:22+00:00,0.0,0.899,0.101,0.2023,positivo,,Arctic Shift API
e30e082ac61e1609,cscareerquestions,2022-03-08T00:38:25+00:00,0.0,0.758,0.242,0.4939,positivo,,Arctic Shift API
dcf8b6a394eebdf7,cscareerquestions,2023-01-23T23:17:02+00:00,0.149,0.769,0.081,-0.3612,negativo,,Arctic Shift API
a5cf02374d00755a,programming,2024-08-21T22:55:10+00:00,0.131,0.654,0.215,0.2263,positivo,,Arctic Shift API
2c5c5bb094e45ff4,cscareerquestions,2024-04-08T23:45:53+00:00,0.088,0.819,0.093,-0.5313,negativo,,Arctic Shift API
fe74ae6aa49eb1bd,devops,2021-11-01T07:32:01+00:00,0.0,1.0,0.0,0.0,neutro,,Arctic Shift API
bf525124de6c2e63,devops,2021-11-27T21:34:04+00:00,0.0,0.761,0.239,0.7684,positivo,,Arctic Shift API
443582b32979f0e1,devops,2022-12-16T01:42:52+00:00,0.022,0.878,0.1,0.645,positivo,,Arctic Shift API
ba6c861e1b82b7b1,devops,2023-03-06T22:46:11+00:00,0.28,0.72,0.0,-0.6402,negativo,,Arctic Shift API
7a508e233a538c51,cscareerquestions,2024-01-04T00:52:04+00:00,0.058,0.895,0.047,-0.1039,negativo,,Arctic Shift API
258d5ba07bcedb30,devops,2022-11-16T21:00:52+00:00,0.051,0.78,0.168,0.8176,positivo,,Arctic Shift API
8dd7d8fdce6b95f1,programming,2021-11-13T23:10:03+00:00,0.045,0.674,0.281,0.8701,positivo,,Arctic Shift API
f2910dedf976d9c7,cscareerquestions,2021-05-06T00:54:46+00:00,0.061,0.768,0.171,0.9489,positivo,overtime,Arctic Shift API
0f7e97336d24c275,programming,2021-06-19T21:56:33+00:00,0.0,1.0,0.0,0.0,neutro,,Arctic Shift API
a446f829eeb2a913,cscareerquestions,2022-08-13T23:53:07+00:00,0.0,0.863,0.137,0.4215,positivo,,Arctic Shift API
e719edb8aa494acf,programming,2021-06-25T00:04:56+00:00,0.103,0.897,0.0,-0.5499,negativo,,Arctic Shift API
5a1d9a45916a3454,cscareerquestions,2022-05-07T23:34:19+00:00,0.0,1.0,0.0,0.0,neutro,,Arctic Shift API
61330c55519b0edc,cscareerquestions,2024-08-18T00:46:47+00:00,0.049,0.844,0.107,0.3182,positivo,,Arctic Shift API
46736c782e2cedc9,programming,2021-12-12T02:31:52+00:00,0.03,0.925,0.045,0.3535,positivo,,Arctic Shift API
2d759dda3f5cca13,devops,2022-11-29T12:01:26+00:00,0.0,0.963,0.037,0.5994,positivo,,Arctic Shift API
6b8c6a0f0771e3df,cscareerquestions,2021-06-03T00:12:52+00:00,0.0,0.882,0.118,0.9455,positivo,,Arctic Shift API
c491fab87f379d6a,programming,2024-10-11T00:28:59+00:00,0.071,0.824,0.105,0.2924,positivo,incident,Arctic Shift API
3d05c6a25b62332f,cscareerquestions,2023-10-27T01:02:58+00:00,0.141,0.689,0.17,0.0164,neutro,,Arctic Shift API
0486dd107bd16b37,devops,2023-07-10T21:59:56+00:00,0.0,0.697,0.303,0.7269,positivo,,Arctic Shift API
8b00c27f829538f1,devops,2024-01-01T22:02:34+00:00,0.0,1.0,0.0,0.0,neutro,,Arctic Shift API
5bfd071fa528e246,devops,2023-05-27T18:39:20+00:00,0.0,1.0,0.0,0.0,neutro,,Arctic Shift API
e15432d896fbaf53,devops,2021-11-27T19:51:39+00:00,0.0,0.881,0.119,0.4019,positivo,,Arctic Shift API
5f5ef333eb26389b,devops,2022-12-09T03:25:44+00:00,0.0,0.857,0.143,0.3612,positivo,,Arctic Shift API
99299c5da48f2dfe,programming,2021-10-11T23:05:07+00:00,0.217,0.5,0.283,0.0516,positivo,,Arctic Shift API
4d428a373224d3aa,programming,2023-05-28T04:18:13+00:00,0.0,1.0,0.0,0.0,neutro,,Arctic Shift API
1f251b2fa2c10590,programming,2024-10-03T00:10:15+00:00,0.04,0.826,0.134,0.8372,positivo,,Arctic Shift API
8719c5889febb99e,cscareerquestions,2022-01-09T00:19:23+00:00,0.032,0.78,0.189,0.9704,positivo,,Arctic Shift API
3d4d0c99a35d0da4,devops,2024-09-03T00:00:42+00:00,0.0,0.615,0.385,0.3612,positivo,,Arctic Shift API
ad9acc4a28cd55be,programming,2024-07-28T02:01:38+00:00,0.177,0.754,0.069,-0.5106,negativo,,Arctic Shift API
c9e427ed069541a4,cscareerquestions,2023-12-23T23:01:19+00:00,0.189,0.811,0.0,-0.8591,negativo,,Arctic Shift API
eab6f7c997283db9,cscareerquestions,2023-01-30T23:46:28+00:00,0.0,0.9,0.1,0.2732,positivo,,Arctic Shift API
bde288bbe38fb290,programming,2023-01-21T23:01:33+00:00,0.0,0.901,0.099,0.2716,positivo,,Arctic Shift API
e33c00de7468d0ce,devops,2024-08-13T01:42:24+00:00,0.0,0.823,0.177,0.6808,positivo,,Arctic Shift API
9cd31c88fa2a4893,cscareerquestions,2021-08-06T00:01:20+00:00,0.0,0.879,0.121,0.6542,positivo,,Arctic Shift API
d941e7221e88c790,cscareerquestions,2024-09-03T00:32:42+00:00,0.0,1.0,0.0,0.0,neutro,,Arctic Shift API
c4656b2473010074,programming,2023-05-09T02:57:29+00:00,0.0,0.789,0.211,0.1531,positivo,,Arctic Shift API
1ea0de273db75e50,cscareerquestions,2023-06-27T00:16:51+00:00,0.173,0.711,0.117,-0.2732,negativo,,Arctic Shift API
210422fe23e40a0f,cscareerquestions,2021-02-23T00:25:07+00:00,0.289,0.674,0.037,-0.8338,negativo,,Arctic Shift API
1b13a72e2a71be2b,devops,2021-04-01T02:47:30+00:00,0.037,0.906,0.056,0.5165,positivo,,Arctic Shift API
1d85237068fa3a27,programming,2024-09-20T03:49:25+00:00,0.0,0.72,0.28,0.7222,positivo,,Arctic Shift API
102dcacbb4987442,cscareerquestions,2022-06-18T23:51:25+00:00,0.0,0.877,0.123,0.2732,positivo,,Arctic Shift API
1543cd8bc40d20dc,cscareerquestions,2021-01-16T23:36:21+00:00,0.0,1.0,0.0,0.0,neutro,,Arctic Shift API
c182760cbccb4dc5,cscareerquestions,2022-01-26T23:30:05+00:00,0.033,0.849,0.118,0.6757,positivo,,Arctic Shift API
127520e0e0ddd81f,devops,2022-11-22T02:54:43+00:00,0.0,0.763,0.237,0.7088,positivo,,Arctic Shift API
33eaf93d75157823,devops,2024-01-29T19:20:26+00:00,0.069,0.8,0.132,0.6639,positivo,,Arctic Shift API
d4f077ff2b705b18,devops,2023-06-20T23:49:24+00:00,0.438,0.562,0.0,-0.9642,negativo,,Arctic Shift API
b4e59a1f5525c481,programming,2024-06-12T23:23:46+00:00,0.0,0.831,0.169,0.7425,positivo,,Arctic Shift API
3194cf6ffaac9f80,programming,2024-04-16T00:00:01+00:00,0.0,0.791,0.209,0.9371,positivo,,Arctic Shift API
bfd6de5d00fd0c1b,devops,2024-08-24T22:55:21+00:00,0.031,0.891,0.078,0.4588,positivo,,Arctic Shift API
49393cfee2cd26c4,devops,2023-12-23T22:51:37+00:00,0.0,0.855,0.145,0.5994,positivo,,Arctic Shift API
999769d4e7b943dd,cscareerquestions,2021-11-03T23:44:09+00:00,0.109,0.891,0.0,-0.4215,negativo,,Arctic Shift API
fe7bee04e135c371,cscareerquestions,2022-03-24T00:11:32+00:00,0.084,0.827,0.089,-0.1681,negativo,,Arctic Shift API
92801deb5565f715,programming,2024-05-25T21:02:08+00:00,0.0,1.0,0.0,0.0,neutro,,Arctic Shift API
dfd1a218edcd6000,programming,2021-01-27T22:34:44+00:00,0.0,1.0,0.0,0.0,neutro,,Arctic Shift API
22fb2edb8b7a30a6,devops,2023-05-12T07:26:32+00:00,0.0,0.834,0.166,0.8979,positivo,,Arctic Shift API
c9456264e3639147,cscareerquestions,2023-01-08T00:04:02+00:00,0.0,0.942,0.058,0.5187,positivo,,Arctic Shift API
4d1a0b162baba650,devops,2021-01-26T07:58:42+00:00,0.143,0.857,0.0,-0.5664,negativo,,Arctic Shift API
200058474b1c3498,devops,2023-03-15T19:11:41+00:00,0.03,0.884,0.086,0.3284,positivo,,Arctic Shift API
28a7410fac325138,cscareerquestions,2021-04-18T01:11:53+00:00,0.026,0.818,0.156,0.7579,positivo,,Arctic Shift API
d1867426728b5cad,programming,2022-02-24T02:25:41+00:00,0.035,0.935,0.03,-0.0557,negativo,,Arctic Shift API
75256ec858bcc98d,cscareerquestions,2022-10-06T00:17:18+00:00,0.0,0.781,0.219,0.4215,positivo,,Arctic Shift API
664c370456626f9f,programming,2023-06-10T21:25:19+00:00,0.043,0.725,0.232,0.8934,positivo,,Arctic Shift API
ec3a94734960b663,programming,2024-08-10T23:56:52+00:00,0.103,0.814,0.083,-0.1873,negativo,,Arctic Shift API
666ebe8be8f4c949,programming,2024-01-24T22:00:51+00:00,0.0,1.0,0.0,0.0,neutro,,Arctic Shift API
91b452477d01424f,cscareerquestions,2022-12-01T00:46:00+00:00,0.154,0.776,0.07,-0.8254,negativo,,Arctic Shift API
be339ebdb54bad4a,cscareerquestions,2024-09-21T23:40:03+00:00,0.08,0.772,0.148,0.8304,positivo,,Arctic Shift API
dd939c335761bf12,devops,2021-11-05T06:44:32+00:00,0.0,0.863,0.137,0.4019,positivo,,Arctic Shift API
2dae2780e7db0677,programming,2023-12-19T02:11:14+00:00,0.0,0.846,0.154,0.25,positivo,,Arctic Shift API
2bff2c197d218faa,devops,2024-12-15T06:47:13+00:00,0.068,0.847,0.085,0.4043,positivo,,Arctic Shift API
4f51518c2272dd9c,programming,2024-11-22T06:13:46+00:00,0.107,0.648,0.245,0.7124,positivo,,Arctic Shift API
6274464c541f93ae,devops,2023-01-23T22:57:14+00:00,0.0,0.877,0.123,0.4215,positivo,,Arctic Shift API
68ad07c2c7d9e59b,cscareerquestions,2023-06-02T00:14:37+00:00,0.02,0.857,0.123,0.7096,positivo,,Arctic Shift API
dea9881082b7dab2,programming,2023-09-21T04:41:14+00:00,0.041,0.754,0.204,0.7672,positivo,,Arctic Shift API
ea570cc5c51f85a2,programming,2023-11-28T02:51:45+00:00,0.0,0.93,0.07,0.7096,positivo,,Arctic Shift API
c393270ee780f479,devops,2024-07-31T21:33:14+00:00,0.0,1.0,0.0,0.0,neutro,,Arctic Shift API
1d11985e62eabb29,devops,2022-06-29T20:40:50+00:00,0.046,0.894,0.06,0.1779,positivo,,Arctic Shift API
8eafadc51a018988,programming,2021-10-26T00:32:42+00:00,0.0,0.913,0.087,0.533,positivo,,Arctic Shift API
b8ef36683d93fd79,programming,2024-11-27T19:32:54+00:00,0.083,0.776,0.141,0.6444,positivo,overload,Arctic Shift API
3d10e70d9e2b4efe,cscareerquestions,2023-05-21T00:04:21+00:00,0.375,0.625,0.0,-0.5574,negativo,,Arctic Shift API
3e38ef4bbfee87b0,programming,2021-11-09T00:34:04+00:00,0.037,0.963,0.0,-0.1273,negativo,,Arctic Shift API
f6af42b0c961bc3b,devops,2022-04-03T10:07:36+00:00,0.0,1.0,0.0,0.0,neutro,,Arctic Shift API
3de06bd5f64f3be2,devops,2022-02-26T16:20:16+00:00,0.035,0.73,0.236,0.8724,positivo,,Arctic Shift API
cea81a7a8ac87d99,cscareerquestions,2023-09-11T23:49:18+00:00,0.0,0.867,0.133,0.8338,positivo,,Arctic Shift API
e3579cbcbbf515fc,programming,2024-05-26T02:40:25+00:00,0.024,0.963,0.013,-0.3421,negativo,,Arctic Shift API
60c1ffd9cf0ad952,devops,2021-05-29T23:23:07+00:00,0.0,0.952,0.048,0.316,positivo,,Arctic Shift API
57e1cee61b218d51,programming,2024-03-27T23:02:31+00:00,0.0,1.0,0.0,0.0,neutro,,Arctic Shift API
8cb9ea5a5d439b78,cscareerquestions,2024-05-14T00:33:53+00:00,0.0,1.0,0.0,0.0,neutro,,Arctic Shift API
824cc5d1cfce0405,devops,2024-03-21T05:24:08+00:00,0.141,0.773,0.086,-0.4278,negativo,,Arctic Shift API
c5e75c41075da8a3,cscareerquestions,2023-04-13T00:39:01+00:00,0.0,0.831,0.169,0.4696,positivo,,Arctic Shift API
e33ddce631579167,programming,2024-01-16T00:41:38+00:00,0.055,0.65,0.296,0.8508,positivo,,Arctic Shift API
bcb62c60b6d417ed,cscareerquestions,2022-11-19T23:13:01+00:00,0.042,0.87,0.088,0.5574,positivo,,Arctic Shift API
d491ce71a7c3e453,programming,2024-04-12T02:21:49+00:00,0.125,0.625,0.25,0.4926,positivo,,Arctic Shift API
50e379c7ec8e09a9,programming,2023-05-23T00:43:02+00:00,0.0,0.943,0.057,0.7476,positivo,,Arctic Shift API
8a5f7d4d859d4426,devops,2023-07-15T21:21:11+00:00,0.0,1.0,0.0,0.0,neutro,,Arctic Shift API
4f62445376c21272,cscareerquestions,2024-05-05T00:02:26+00:00,0.042,0.87,0.088,0.5574,positivo,,Arctic Shift API
d6e14c84966f3b89,devops,2023-05-06T23:56:34+00:00,0.0,0.914,0.086,0.8462,positivo,,Arctic Shift API
69479de3cbd78034,programming,2024-12-18T23:30:39+00:00,0.27,0.595,0.135,-0.3612,negativo,,Arctic Shift API
ee021d1400c1fdba,programming,2021-02-18T01:16:10+00:00,0.0,0.662,0.338,0.8943,positivo,,Arctic Shift API
0a0e0010d4a1b6c8,devops,2023-01-27T01:38:16+00:00,0.041,0.578,0.381,0.9261,positivo,,Arctic Shift API
2cae3cc299a210ac,programming,2024-02-05T23:10:46+00:00,0.0,0.769,0.231,0.743,positivo,,Arctic Shift API
729620a47b923ee0,programming,2021-03-10T23:54:05+00:00,0.0,0.775,0.225,0.4404,positivo,,Arctic Shift API
1616100218814b7f,devops,2021-10-10T05:19:22+00:00,0.0,0.247,0.753,0.7269,positivo,,Arctic Shift API
e96729355adce102,cscareerquestions,2021-11-30T00:55:49+00:00,0.0,1.0,0.0,0.0,neutro,,Arctic Shift API
718c70b805a9d98e,programming,2023-08-21T20:48:17+00:00,0.088,0.824,0.087,-0.0147,neutro,,Arctic Shift API
0d56a833d279dabe,devops,2021-01-21T01:56:48+00:00,0.146,0.854,0.0,-0.34,negativo,,Arctic Shift API
ecfc8f8c344ec6bb,devops,2021-05-10T17:03:09+00:00,0.0,1.0,0.0,0.0,neutro,,Arctic Shift API
78657caa2da1c6e6,devops,2023-09-15T00:39:09+00:00,0.0,1.0,0.0,0.0,neutro,,Arctic Shift API
d68b0a63dd72e077,cscareerquestions,2024-08-16T00:13:40+00:00,0.064,0.887,0.05,-0.4039,negativo,,Arctic Shift API
007b6e380b70454e,programming,2023-11-17T00:01:26+00:00,0.019,0.782,0.199,0.9531,positivo,,Arctic Shift API
6d909b5f960eb102,cscareerquestions,2024-04-11T00:12:41+00:00,0.042,0.87,0.088,0.5574,positivo,,Arctic Shift API
7c00af3582a0e669,cscareerquestions,2022-06-27T23:27:06+00:00,0.131,0.724,0.145,0.1245,positivo,,Arctic Shift API
4577f609aa8b538a,devops,2021-08-11T19:15:51+00:00,0.119,0.82,0.061,-0.6865,negativo,,Arctic Shift API
5d007d1179268b15,programming,2023-12-15T03:34:19+00:00,0.0,0.712,0.288,0.7684,positivo,,Arctic Shift API
ae6ffc62635a7f2b,devops,2024-02-01T03:25:07+00:00,0.031,0.882,0.087,0.8186,positivo,,Arctic Shift API
e01520fb7670d1c3,devops,2021-12-08T19:17:16+00:00,0.192,0.737,0.071,-0.504,negativo,,Arctic Shift API
1a7d3f894055adac,devops,2022-05-27T04:17:35+00:00,0.0,0.885,0.115,0.9389,positivo,,Arctic Shift API
b652c4c095305981,programming,2022-03-15T02:29:04+00:00,0.068,0.932,0.0,-0.296,negativo,,Arctic Shift API
c6c0c0a9f8e0025d,programming,2023-01-24T02:27:14+00:00,0.156,0.645,0.199,0.1779,positivo,,Arctic Shift API
72a4f4acce21af80,programming,2023-02-25T22:31:58+00:00,0.042,0.842,0.115,0.8767,positivo,,Arctic Shift API
0f824a8a67dd3d4d,devops,2023-11-22T16:42:18+00:00,0.0,0.789,0.211,0.7906,positivo,,Arctic Shift API
4251269ec5e35268,cscareerquestions,2021-04-20T00:20:10+00:00,0.182,0.818,0.0,-0.25,negativo,,Arctic Shift API
1cd8334b2e31eafc,cscareerquestions,2023-01-05T00:09:34+00:00,0.027,0.973,0.0,-0.4178,negativo,,Arctic Shift API
55ccc04793491345,devops,2022-04-12T07:42:12+00:00,0.0,0.371,0.629,0.911,positivo,,Arctic Shift API
afcdbdd2630232a1,cscareerquestions,2023-08-12T23:27:49+00:00,0.0,0.724,0.276,0.7391,positivo,,Arctic Shift API
dda11736b551ce81,cscareerquestions,2023-06-18T07:02:12+00:00,0.0,0.919,0.081,0.3182,positivo,,Arctic Shift API
fe1c6449abcba158,programming,2022-07-26T01:26:21+00:00,0.0,0.929,0.071,0.3182,positivo,,Arctic Shift API
2d96c0e096c29c4d,devops,2021-09-08T23:08:26+00:00,0.0,1.0,0.0,0.0,neutro,,Arctic Shift API
c2c5603fc537c6d7,devops,2022-09-25T01:08:49+00:00,0.129,0.721,0.15,0.0946,positivo,,Arctic Shift API
d6be2b9325657865,programming,2022-02-12T21:40:37+00:00,0.0,0.642,0.358,0.9402,positivo,,Arctic Shift API
70effb9fe52c22b8,cscareerquestions,2023-09-24T00:16:29+00:00,0.051,0.797,0.152,0.5994,positivo,,Arctic Shift API
ec9966e6d1ccd5c2,programming,2024-06-06T01:14:03+00:00,0.0,0.312,0.688,0.296,positivo,,Arctic Shift API
bf071f423f8d49d1,programming,2021-10-16T23:46:13+00:00,0.0,0.654,0.346,0.6418,positivo,,Arctic Shift API
3c45e9431e435bd0,programming,2023-10-31T01:00:50+00:00,0.054,0.887,0.059,0.0516,positivo,,Arctic Shift API
37bae102992db0fe,programming,2023-03-01T22:06:49+00:00,0.0,1.0,0.0,0.0,neutro,,Arctic Shift API
f1d0dc33423b0520,devops,2024-07-23T09:59:50+00:00,0.0,0.859,0.141,0.92,positivo,,Arctic Shift API
1e2acdff8a2a72b1,devops,2021-06-07T22:34:44+00:00,0.079,0.921,0.0,-0.2846,negativo,,Arctic Shift API
efe526caee2d9893,devops,2023-04-06T01:15:09+00:00,0.183,0.73,0.086,-0.9022,negativo,,Arctic Shift API
4eec72cee7a9ec3c,devops,2021-08-07T08:02:55+00:00,0.048,0.776,0.176,0.6615,positivo,,Arctic Shift API
5171e7a9b2c0b28d,cscareerquestions,2022-11-28T23:38:57+00:00,0.064,0.822,0.115,0.8924,positivo,,Arctic Shift API
8ee343408b91a4e6,devops,2023-02-22T20:06:56+00:00,0.0,0.787,0.213,0.2263,positivo,,Arctic Shift API
eedea4eb8fefcccc,devops,2022-12-15T01:20:55+00:00,0.006,0.885,0.109,0.9777,positivo,overtime,Arctic Shift API
c54876c6c806ffa0,programming,2021-04-23T02:41:22+00:00,0.255,0.567,0.177,-0.2732,negativo,,Arctic Shift API
e4e8c9bcdbed0b20,devops,2023-10-05T01:21:58+00:00,0.188,0.812,0.0,-0.8591,negativo,,Arctic Shift API
516e2df941a7e272,devops,2024-02-06T04:38:27+00:00,0.0,0.936,0.064,0.2263,positivo,,Arctic Shift API
661339987ad0fc61,cscareerquestions,2024-07-10T23:39:50+00:00,0.0,1.0,0.0,0.0,neutro,,Arctic Shift API
b71c01582e822354,devops,2024-03-01T01:09:01+00:00,0.0,1.0,0.0,0.0,neutro,,Arctic Shift API
d2a26bc06f80870e,programming,2021-08-23T22:45:37+00:00,0.0,1.0,0.0,0.0,neutro,,Arctic Shift API
0560bea753d2bcd4,programming,2022-10-21T03:25:19+00:00,0.044,0.844,0.112,0.7353,positivo,,Arctic Shift API
58c4b7e7ad3dc5d8,devops,2022-08-11T04:27:18+00:00,0.0,0.579,0.421,0.7906,positivo,,Arctic Shift API
e67f33f78f173ce6,programming,2021-05-27T01:40:56+00:00,0.156,0.741,0.103,-0.0711,negativo,,Arctic Shift API
4437b8c8bd671ddb,devops,2021-10-31T11:10:55+00:00,0.0,0.779,0.221,0.972,positivo,,Arctic Shift API
407cb7524999ef87,devops,2021-09-20T17:57:21+00:00,0.2,0.562,0.238,0.1206,positivo,,Arctic Shift API
f657e9bb5e8534f8,cscareerquestions,2024-09-08T00:35:49+00:00,0.087,0.816,0.098,-0.197,negativo,,Arctic Shift API
65e5c1eeba8e69ad,programming,2021-07-20T02:12:29+00:00,0.0,0.513,0.487,0.6908,positivo,,Arctic Shift API
cc4c131af29882d9,programming,2023-07-07T02:02:06+00:00,0.0,0.561,0.439,0.8989,positivo,,Arctic Shift API
d7dd5c454dd17dc8,programming,2024-09-06T01:01:45+00:00,0.03,0.895,0.075,0.4767,positivo,,Arctic Shift API
769451a6c8a115a1,devops,2021-07-19T21:26:54+00:00,0.163,0.733,0.104,-0.7548,negativo,,Arctic Shift API
cf86560d5e380a5d,devops,2023-07-11T07:51:56+00:00,0.0,1.0,0.0,0.0,neutro,,Arctic Shift API
27dca891f6a9f341,cscareerquestions,2021-02-16T01:34:03+00:00,0.026,0.818,0.156,0.7579,positivo,,Arctic Shift API
a5aa5163ca403a50,programming,2023-07-26T21:39:18+00:00,0.036,0.851,0.113,0.5975,positivo,bug,Arctic Shift API
bf9adaee53f387ba,devops,2023-02-06T16:52:21+00:00,0.0,0.966,0.034,0.3384,positivo,,Arctic Shift API
e8c6e70c2f5c2fa1,programming,2024-12-02T22:53:23+00:00,0.5,0.5,0.0,-0.79,negativo,,Arctic Shift API
2b3e99f8c48c4e99,devops,2022-03-17T00:36:11+00:00,0.0,0.662,0.338,0.8481,positivo,,Arctic Shift API
0013de3e53f91753,devops,2022-05-09T20:36:00+00:00,0.0,0.764,0.236,0.4753,positivo,,Arctic Shift API
164680f99c3df2d6,cscareerquestions,2021-07-31T22:32:18+00:00,0.039,0.868,0.093,0.8834,positivo,,Arctic Shift API
06408c6368fc7f25,cscareerquestions,2023-08-29T00:08:09+00:00,0.0,1.0,0.0,0.0,neutro,,Arctic Shift API
cf0d1d47065c2907,programming,2021-09-03T00:38:45+00:00,0.047,0.79,0.163,0.7684,positivo,,Arctic Shift API
c1af6d9b682ea5b8,programming,2021-01-07T00:08:12+00:00,0.183,0.722,0.095,-0.3182,negativo,,Arctic Shift API
94c6db97fa055d89,cscareerquestions,2021-03-09T00:19:06+00:00,0.052,0.831,0.117,0.7717,positivo,,Arctic Shift API
59f30a8d76966135,programming,2021-02-15T23:06:28+00:00,0.1,0.9,0.0,-0.5984,negativo,,Arctic Shift API
5c854f75e6850aeb,devops,2022-06-16T08:40:47+00:00,0.0,0.532,0.468,0.8316,positivo,,Arctic Shift API
fcd2fd196c6c12a7,cscareerquestions,2023-10-08T00:28:28+00:00,0.042,0.87,0.088,0.5574,positivo,,Arctic Shift API
616c7512514b15f2,programming,2023-11-14T01:20:50+00:00,0.072,0.776,0.152,0.8176,positivo,,Arctic Shift API
97853750482ed5d6,devops,2024-06-20T06:27:27+00:00,0.05,0.916,0.034,-0.2856,negativo,,Arctic Shift API
0498c2afebc4a6dc,devops,2022-04-21T06:21:35+00:00,0.105,0.798,0.097,-0.0516,negativo,,Arctic Shift API
d7f445e13bb6b059,devops,2021-12-03T02:23:27+00:00,0.126,0.782,0.092,-0.4055,negativo,,Arctic Shift API
8b7590300793abf9,cscareerquestions,2022-12-01T00:25:45+00:00,0.142,0.722,0.136,-0.1182,negativo,,Arctic Shift API
0feaeea3d063bbd6,devops,2021-04-23T07:14:44+00:00,0.0,0.83,0.17,0.7456,positivo,,Arctic Shift API
269e13b83a5dd803,programming,2023-04-28T00:06:49+00:00,0.089,0.756,0.156,0.6032,positivo,,Arctic Shift API
0f13ecb9b9ed4e29,devops,2023-08-21T16:13:23+00:00,0.0,0.826,0.174,0.2732,positivo,,Arctic Shift API
a2954f165a57809c,devops,2023-02-13T21:38:27+00:00,0.104,0.743,0.154,0.4404,positivo,incident,Arctic Shift API
c1a939fa44e3e0eb,programming,2023-02-01T23:54:42+00:00,0.049,0.806,0.145,0.6369,positivo,,Arctic Shift API
6fbae8b709332ebd,cscareerquestions,2022-08-17T23:30:15+00:00,0.088,0.811,0.101,0.2042,positivo,bug,Arctic Shift API
a957306515747975,devops,2021-08-01T06:03:34+00:00,0.0,0.682,0.318,0.6808,positivo,,Arctic Shift API
6b0f2eb8715f79d8,devops,2021-07-14T23:02:02+00:00,0.068,0.932,0.0,-0.3094,negativo,,Arctic Shift API
d5b8c1fb67f27ee8,devops,2022-02-01T05:54:06+00:00,0.0,1.0,0.0,0.0,neutro,,Arctic Shift API
b836169c070606fb,devops,2023-12-27T23:43:06+00:00,0.085,0.612,0.303,0.7506,positivo,,Arctic Shift API
1440115248aa3453,devops,2022-10-09T06:27:30+00:00,0.11,0.782,0.108,-0.2732,negativo,,Arctic Shift API
de6b3c636cc1a9d1,devops,2024-08-23T07:34:10+00:00,0.032,0.899,0.068,0.2144,positivo,,Arctic Shift API
506c62de25910600,devops,2022-05-05T07:00:47+00:00,0.0,0.919,0.081,0.3182,positivo,,Arctic Shift API
b818929c07ead9c4,devops,2022-02-22T02:05:35+00:00,0.0,0.667,0.333,0.3612,positivo,,Arctic Shift API
3ac549bf9344279b,devops,2022-09-14T19:33:45+00:00,0.0,1.0,0.0,0.0,neutro,,Arctic Shift API
b15f0839e4749445,cscareerquestions,2022-12-13T00:17:07+00:00,0.0,0.483,0.517,0.8211,positivo,,Arctic Shift API
5f00e99e531b3ade,cscareerquestions,2022-08-04T00:51:39+00:00,0.0,1.0,0.0,0.0,neutro,,Arctic Shift API
e5b6fc982099afa2,cscareerquestions,2023-06-01T00:05:07+00:00,0.0,0.906,0.094,0.4019,positivo,,Arctic Shift API
66b10ebf38162d97,devops,2021-03-13T22:21:01+00:00,0.017,0.797,0.186,0.8906,positivo,,Arctic Shift API
afd34e485eb6d01a,devops,2022-04-20T20:49:58+00:00,0.0,0.814,0.186,0.1531,positivo,,Arctic Shift API
72465944bac85a1c,cscareerquestions,2021-05-13T00:14:17+00:00,0.049,0.888,0.063,0.1752,positivo,,Arctic Shift API
2b8d0dcecabb7642,devops,2021-01-26T05:22:55+00:00,0.034,0.841,0.124,0.9296,positivo,,Arctic Shift API
c587c95918c2d366,cscareerquestions,2022-10-03T23:05:39+00:00,0.144,0.766,0.09,-0.2944,negativo,,Arctic Shift API
958d1c7751d73779,cscareerquestions,2021-05-12T23:04:55+00:00,0.0,0.656,0.344,0.6962,positivo,,Arctic Shift API
c2871d520fca827e,devops,2023-11-14T03:54:38+00:00,0.031,0.829,0.14,0.9899,positivo,,Arctic Shift API
941ec452f9556563,programming,2021-06-25T01:22:28+00:00,0.057,0.763,0.18,0.8402,positivo,,Arctic Shift API
3392eba86ec74129,cscareerquestions,2024-09-10T00:34:15+00:00,0.122,0.7,0.178,0.1477,positivo,,Arctic Shift API
b8c78c9424b5606f,cscareerquestions,2023-08-30T23:16:30+00:00,0.0,0.787,0.213,0.7579,positivo,,Arctic Shift API
ba863e53a9ec5640,devops,2022-12-23T11:53:18+00:00,0.0,0.814,0.186,0.4767,positivo,,Arctic Shift API
110ab6818b9348e3,programming,2024-10-20T05:42:13+00:00,0.162,0.729,0.11,-0.8016,negativo,,Arctic Shift API
49b2b474d1e0a849,programming,2022-03-15T01:52:45+00:00,0.0,1.0,0.0,0.0,neutro,,Arctic Shift API
201b3180ce3929db,programming,2024-07-04T00:58:38+00:00,0.0,0.78,0.22,0.7579,positivo,,Arctic Shift API
cb2870295f851555,cscareerquestions,2022-11-22T00:26:23+00:00,0.0,0.875,0.125,0.3164,positivo,,Arctic Shift API
f906236382ffb5f3,devops,2021-05-01T07:48:23+00:00,0.092,0.836,0.072,-0.7319,negativo,,Arctic Shift API
a512f8810ca6b641,programming,2023-05-20T22:47:34+00:00,0.098,0.696,0.206,0.6753,positivo,,Arctic Shift API
c411d4b4be61d46b,devops,2023-09-04T17:43:20+00:00,0.072,0.841,0.087,0.2617,positivo,,Arctic Shift API
12c580c1dc4e4ab3,devops,2024-01-11T07:24:21+00:00,0.167,0.781,0.053,-0.7033,negativo,,Arctic Shift API
9497dc5060aca979,cscareerquestions,2022-10-28T00:30:01+00:00,0.046,0.814,0.14,0.6866,positivo,,Arctic Shift API
5d128a8e40df985a,devops,2022-08-13T18:07:42+00:00,0.091,0.864,0.045,-0.6962,negativo,,Arctic Shift API
cc93b4e0ee9865c9,cscareerquestions,2022-08-20T23:39:05+00:00,0.0,0.597,0.403,0.8874,positivo,,Arctic Shift API
00e776ade5b8be64,devops,2023-08-25T03:33:39+00:00,0.307,0.544,0.149,-0.5423,negativo,,Arctic Shift API
26bd7ec6e973145a,cscareerquestions,2024-04-23T00:52:32+00:00,0.066,0.603,0.331,0.9631,positivo,,Arctic Shift API
d874e84ec83bd138,devops,2024-09-22T09:56:52+00:00,0.077,0.681,0.242,0.5916,positivo,,Arctic Shift API
9274d2295ca5517f,programming,2022-12-28T20:44:49+00:00,0.032,0.827,0.141,0.9295,positivo,,Arctic Shift API
ca64a2b758330f2d,cscareerquestions,2021-02-01T23:31:50+00:00,0.0,0.894,0.106,0.6369,positivo,,Arctic Shift API
be8d686c301f0f52,cscareerquestions,2022-07-11T23:23:35+00:00,0.129,0.621,0.251,0.6486,positivo,tired,Arctic Shift API
063964e63aa35be7,cscareerquestions,2023-09-20T23:21:14+00:00,0.0,0.936,0.064,0.2263,positivo,,Arctic Shift API
44598b5c74826ae8,devops,2022-05-17T05:42:28+00:00,0.198,0.68,0.122,-0.4815,negativo,,Arctic Shift API
8dde00966574ad40,cscareerquestions,2021-01-11T22:32:59+00:00,0.144,0.856,0.0,-0.8778,negativo,,Arctic Shift API
5c57bcb813f7a7af,cscareerquestions,2022-10-29T23:42:26+00:00,0.0,0.947,0.053,0.3818,positivo,,Arctic Shift API
e9f27ff252b4ea73,programming,2021-04-11T01:15:45+00:00,0.063,0.806,0.13,0.325,positivo,,Arctic Shift API
bfb01f0fa0db6442,programming,2024-04-05T02:07:22+00:00,0.0,1.0,0.0,0.0,neutro,,Arctic Shift API
88b8f1398f9a02bb,devops,2022-07-16T22:38:45+00:00,0.0,0.891,0.109,0.3743,positivo,,Arctic Shift API
1b0387ca90974f99,programming,2022-11-13T01:34:01+00:00,0.0,1.0,0.0,0.0,neutro,,Arctic Shift API
22f2f509c523b52f,cscareerquestions,2022-09-29T00:17:50+00:00,0.161,0.839,0.0,-0.504,negativo,,Arctic Shift API
cd21d58b0e85ad31,cscareerquestions,2022-05-28T23:58:39+00:00,0.052,0.785,0.163,0.5457,positivo,,Arctic Shift API
967bdf2677d235ba,cscareerquestions,2024-11-11T23:04:17+00:00,0.047,0.835,0.118,0.8979,positivo,,Arctic Shift API
908ae9d3710cd1ae,programming,2021-11-01T23:08:47+00:00,0.067,0.847,0.087,0.6071,positivo,,Arctic Shift API
0aa97112dccd621c,cscareerquestions,2021-05-04T00:03:28+00:00,0.047,0.788,0.165,0.7914,positivo,,Arctic Shift API
45318916aec6ddbb,programming,2021-07-22T00:51:41+00:00,0.0,1.0,0.0,0.0,neutro,,Arctic Shift API
f328b22999b51321,devops,2022-04-20T17:40:41+00:00,0.068,0.775,0.157,0.5859,positivo,,Arctic Shift API
6bbb8177405f7258,cscareerquestions,2023-12-08T01:12:28+00:00,0.0,0.949,0.051,0.1687,positivo,,Arctic Shift API
71b9fa533495483b,programming,2022-03-01T06:17:11+00:00,0.0,1.0,0.0,0.0,neutro,,Arctic Shift API
43ca039b3a08ff2a,programming,2021-12-17T02:19:27+00:00,0.0,1.0,0.0,0.0,neutro,,Arctic Shift API
370b5ecf17f38699,cscareerquestions,2021-12-20T23:50:09+00:00,0.0,0.753,0.247,0.3818,positivo,,Arctic Shift API
625f7a5bd68256db,programming,2023-11-12T02:14:05+00:00,0.209,0.704,0.087,-0.9883,negativo,tired,Arctic Shift API
86f7264f80f542b9,devops,2023-12-31T04:29:28+00:00,0.0,0.727,0.273,0.5984,positivo,,Arctic Shift API
490859bd686d9c90,programming,2024-07-09T01:11:41+00:00,0.096,0.904,0.0,-0.2408,negativo,,Arctic Shift API
42df1926452a4816,programming,2021-05-20T00:56:13+00:00,0.124,0.811,0.066,-0.7717,negativo,,Arctic Shift API
2b73a91603d7c198,devops,2022-11-12T21:25:19+00:00,0.077,0.833,0.09,0.2509,positivo,,Arctic Shift API
94f9f65097803f3f,programming,2021-11-29T22:38:54+00:00,0.0,1.0,0.0,0.0,neutro,,Arctic Shift API
86e521d7779aec49,programming,2022-04-23T20:06:33+00:00,0.0,0.826,0.174,0.2263,positivo,,Arctic Shift API
f227efdbb6c5dfb5,cscareerquestions,2021-09-02T00:45:54+00:00,0.0,0.671,0.329,0.8828,positivo,,Arctic Shift API
c289d6424a5a6fbc,programming,2021-11-25T00:37:30+00:00,0.04,0.832,0.128,0.9708,positivo,,Arctic Shift API
4065b5487fa2d53a,devops,2021-03-08T13:57:53+00:00,0.0,0.874,0.126,0.6369,positivo,,Arctic Shift API
f5d8f0410accf78e,cscareerquestions,2022-07-22T00:27:22+00:00,0.117,0.744,0.14,0.0387,neutro,,Arctic Shift API
f5c4acd55b620fc7,programming,2021-01-31T01:23:41+00:00,0.105,0.798,0.097,-0.0516,negativo,,Arctic Shift API
73d47f8ee1951b17,cscareerquestions,2024-03-17T00:08:01+00:00,0.0,1.0,0.0,0.0,neutro,,Arctic Shift API
32d38194aef2f531,cscareerquestions,2024-10-24T00:18:37+00:00,0.234,0.649,0.117,-0.4019,negativo,,Arctic Shift API
3e52854c25f5f3db,devops,2023-04-16T09:02:26+00:00,0.017,0.831,0.152,0.9762,positivo,,Arctic Shift API
f71cb1507a189c88,cscareerquestions,2023-10-01T00:01:39+00:00,0.0,1.0,0.0,0.0,neutro,,Arctic Shift API
ed129a5a30d0b841,programming,2022-03-15T01:02:02+00:00,0.109,0.891,0.0,-0.6966,negativo,,Arctic Shift API
abc4225671bc4476,programming,2023-07-22T21:11:28+00:00,0.0,0.906,0.094,0.7906,positivo,,Arctic Shift API
69f43803f457b353,cscareerquestions,2021-05-03T23:54:20+00:00,0.0,0.847,0.153,0.7579,positivo,,Arctic Shift API
f1f7edf6a46b5b11,programming,2021-12-28T02:49:00+00:00,0.121,0.738,0.14,0.2023,positivo,on call,Arctic Shift API
c12b846f1d6aecad,devops,2024-02-04T02:59:48+00:00,0.023,0.807,0.17,0.9259,positivo,,Arctic Shift API
3303cf3fe92bfddb,programming,2021-05-19T20:36:56+00:00,0.0,0.918,0.082,0.34,positivo,,Arctic Shift API
0f16e90d6d61a60e,cscareerquestions,2024-07-12T00:47:06+00:00,0.0,0.8,0.2,0.5423,positivo,,Arctic Shift API
502b2c969243f74d,devops,2021-08-13T02:57:30+00:00,0.0,0.861,0.139,0.4939,positivo,,Arctic Shift API
bc25614198013ede,cscareerquestions,2023-01-04T23:47:29+00:00,0.091,0.782,0.127,0.8433,positivo,,Arctic Shift API
116c18f0ca0e614d,cscareerquestions,2021-10-31T00:51:51+00:00,0.144,0.796,0.06,-0.5393,negativo,,Arctic Shift API
af395afbfcdfa18a,cscareerquestions,2023-12-18T23:17:01+00:00,0.044,0.831,0.124,0.6096,positivo,,Arctic Shift API
6b9a0114cfcfc7d4,devops,2023-04-11T00:48:32+00:00,0.0,1.0,0.0,0.0,neutro,,Arctic Shift API
a5f39ad7f3daf1ab,cscareerquestions,2022-07-22T00:25:37+00:00,0.086,0.715,0.199,0.4574,positivo,,Arctic Shift API
78fce35c3a03b541,programming,2023-05-05T02:09:02+00:00,0.285,0.715,0.0,-0.4201,negativo,,Arctic Shift API
4803e092bdc6a799,cscareerquestions,2023-04-02T01:08:18+00:00,0.149,0.851,0.0,-0.594,negativo,,Arctic Shift API
0bf919ce8e15f4f3,devops,2022-02-14T21:00:59+00:00,0.085,0.853,0.062,-0.5083,negativo,,Arctic Shift API
f8bbea436121c6a8,cscareerquestions,2022-06-04T23:43:09+00:00,0.0,0.665,0.335,0.6167,positivo,,Arctic Shift API
f2d6fda9958cbe31,devops,2024-01-02T01:34:23+00:00,0.0,1.0,0.0,0.0,neutro,,Arctic Shift API
96aad80948aa448e,programming,2021-10-05T01:33:34+00:00,0.054,0.863,0.083,0.7239,positivo,bug,Arctic Shift API
45413efe54154cd4,cscareerquestions,2024-05-17T00:26:35+00:00,0.0,0.846,0.154,0.9442,positivo,,Arctic Shift API
e67f1de76e5fe635,cscareerquestions,2024-11-05T00:48:57+00:00,0.052,0.803,0.145,0.6705,positivo,,Arctic Shift API
765095436c95db14,devops,2021-06-10T06:33:53+00:00,0.0,0.958,0.042,0.3164,positivo,,Arctic Shift API
a65026d98185d5b8,programming,2021-08-16T22:34:01+00:00,0.042,0.765,0.194,0.9261,positivo,,Arctic Shift API
a746661d89fdcf79,programming,2023-10-20T00:13:08+00:00,0.351,0.649,0.0,-0.4019,negativo,,Arctic Shift API
0ce5655cc6fad240,programming,2021-02-12T00:50:11+00:00,0.0,0.821,0.179,0.8176,positivo,,Arctic Shift API
f9f4f12811824fc8,programming,2024-10-19T22:05:28+00:00,0.0,0.581,0.419,0.7579,positivo,,Arctic Shift API
1d76a0d9c0cbe72a,devops,2023-03-10T04:42:33+00:00,0.011,0.95,0.039,0.6199,positivo,,Arctic Shift API
7db11f67ca5d1d23,cscareerquestions,2022-10-18T01:00:59+00:00,0.02,0.735,0.245,0.9404,positivo,,Arctic Shift API
0c8693a1bb229d76,cscareerquestions,2023-08-10T00:37:07+00:00,0.124,0.876,0.0,-0.5267,negativo,,Arctic Shift API
703717f46d9d3357,devops,2021-04-21T16:36:51+00:00,0.0,0.861,0.139,0.7003,positivo,,Arctic Shift API
73fef707f44bb803,programming,2023-11-25T22:05:21+00:00,0.0,0.887,0.113,0.3716,positivo,,Arctic Shift API
748edaf522162651,cscareerquestions,2024-08-23T00:42:50+00:00,0.058,0.843,0.099,0.6399,positivo,,Arctic Shift API
71d3c1aff9c51317,devops,2024-03-27T20:08:31+00:00,0.089,0.911,0.0,-0.3291,negativo,,Arctic Shift API
b934d644e3622dfd,devops,2023-02-01T22:42:15+00:00,0.0,1.0,0.0,0.0,neutro,,Arctic Shift API
7ecd529b1bc276be,programming,2024-12-27T03:40:06+00:00,0.0,1.0,0.0,0.0,neutro,,Arctic Shift API
96e694cbd9c0554f,devops,2021-12-03T04:56:29+00:00,0.0,1.0,0.0,0.0,neutro,,Arctic Shift API
2de96412b2713baf,programming,2023-06-03T22:40:09+00:00,0.024,0.918,0.058,0.4404,positivo,,Arctic Shift API
47717a8b3a9bea2b,programming,2022-01-04T01:39:10+00:00,0.0,0.919,0.081,0.4404,positivo,,Arctic Shift API
a267e49ab19c6cdd,cscareerquestions,2024-10-10T00:21:38+00:00,0.0,1.0,0.0,0.0,neutro,,Arctic Shift API
50ebf373117e40b5,cscareerquestions,2024-03-02T23:12:42+00:00,0.151,0.713,0.136,-0.0598,negativo,,Arctic Shift API
c8433f13c57da913,programming,2024-12-24T09:04:32+00:00,0.033,0.913,0.054,0.9479,positivo,bug; crash,Arctic Shift API
81b5bef3b68cc15a,cscareerquestions,2024-11-29T01:33:34+00:00,0.214,0.279,0.507,0.7424,positivo,,Arctic Shift API
4b07d0f4070f660e,programming,2021-05-19T20:42:30+00:00,0.089,0.83,0.081,-0.1197,negativo,bug,Arctic Shift API
0530c878659c993d,devops,2021-04-02T01:13:25+00:00,0.0,1.0,0.0,0.0,neutro,,Arctic Shift API
8901ae58180da40b,programming,2023-04-06T02:55:37+00:00,0.0,0.721,0.279,0.4754,positivo,,Arctic Shift API
6fd88600ba886759,cscareerquestions,2024-07-09T01:11:27+00:00,0.0,0.77,0.23,0.5848,positivo,,Arctic Shift API
0887bd7601ede657,devops,2023-07-01T13:54:20+00:00,0.064,0.801,0.135,0.7346,positivo,,Arctic Shift API
ea7c8796b46838c2,devops,2021-09-16T07:27:21+00:00,0.0,0.833,0.167,0.34,positivo,,Arctic Shift API
3c061edfc6bb3e3f,devops,2021-08-03T00:31:29+00:00,0.0,0.883,0.117,0.5106,positivo,,Arctic Shift API
4ee6c08e2b0fe6f2,cscareerquestions,2024-07-10T23:25:27+00:00,0.042,0.87,0.088,0.5574,positivo,,Arctic Shift API
f83678c4bf1020d3,devops,2022-03-10T00:17:43+00:00,0.036,0.835,0.128,0.8504,positivo,,Arctic Shift API
3ca969ba871a966c,devops,2022-03-20T12:05:23+00:00,0.0,0.906,0.094,0.743,positivo,overworked,Arctic Shift API
186e1bdc6825c005,devops,2023-06-03T21:59:00+00:00,0.098,0.902,0.0,-0.34,negativo,,Arctic Shift API
ac2a961e8d28a5fd,cscareerquestions,2021-08-13T00:14:42+00:00,0.222,0.778,0.0,-0.5093,negativo,,Arctic Shift API
cabd1bb7bd306cf4,devops,2021-06-11T03:02:37+00:00,0.037,0.885,0.078,0.3818,positivo,,Arctic Shift API
c046d78a48a9cc89,cscareerquestions,2022-03-19T23:12:47+00:00,0.0,0.718,0.282,0.5413,positivo,,Arctic Shift API
6290b974992b4db0,programming,2022-06-15T23:03:00+00:00,0.079,0.86,0.061,-0.1779,negativo,,Arctic Shift API
528a95d77f1e1c9d,programming,2021-06-13T01:11:56+00:00,0.151,0.808,0.04,-0.7003,negativo,,Arctic Shift API
38ac4bd34266328d,programming,2022-11-19T23:07:20+00:00,0.0,0.939,0.061,0.0762,positivo,,Arctic Shift API
3a5f724d98599bfd,cscareerquestions,2021-06-29T00:16:27+00:00,0.0,0.863,0.137,0.4019,positivo,,Arctic Shift API
8a1790e858d17556,programming,2023-07-09T01:23:15+00:00,0.094,0.416,0.491,0.8879,positivo,,Arctic Shift API
de49bffd0200ccc3,devops,2021-11-24T16:25:00+00:00,0.0,1.0,0.0,0.0,neutro,,Arctic Shift API
42bb6253a1b7852b,cscareerquestions,2024-02-15T00:08:00+00:00,0.0,1.0,0.0,0.0,neutro,,Arctic Shift API
27bc51f9abeb6aec,programming,2023-08-15T01:47:41+00:00,0.067,0.864,0.069,0.0121,neutro,,Arctic Shift API
5b91dbcb1fe0bfd0,cscareerquestions,2023-11-10T00:38:00+00:00,0.128,0.746,0.126,0.1779,positivo,,Arctic Shift API
cac3119c5aea9dd3,programming,2023-06-11T00:08:10+00:00,0.049,0.814,0.138,0.8395,positivo,,Arctic Shift API
219e72424e19b401,cscareerquestions,2021-01-17T01:23:57+00:00,0.162,0.692,0.146,-0.3281,negativo,,Arctic Shift API
a00fbb05ab75fc72,devops,2024-01-23T09:44:21+00:00,0.054,0.737,0.21,0.6705,positivo,,Arctic Shift API
d653fecc409e9f9f,cscareerquestions,2023-09-12T00:15:59+00:00,0.279,0.721,0.0,-0.4767,negativo,,Arctic Shift API
fc645842e733671a,programming,2021-12-04T22:58:39+00:00,0.0,0.885,0.115,0.4095,positivo,,Arctic Shift API
fab10ebc6e4ea745,cscareerquestions,2021-06-29T00:43:49+00:00,0.083,0.735,0.182,0.714,positivo,pressure; bug,Arctic Shift API
08ed81a5c9f7c909,devops,2022-05-03T02:02:19+00:00,0.129,0.871,0.0,-0.5499,negativo,,Arctic Shift API
6b139d17b70ce25c,cscareerquestions,2023-09-26T00:16:31+00:00,0.096,0.854,0.05,-0.4939,negativo,,Arctic Shift API
e447cb1a7076ecd8,cscareerquestions,2024-12-04T22:53:19+00:00,0.018,0.883,0.1,0.8619,positivo,,Arctic Shift API
45ffb5734517eae2,programming,2023-12-10T02:10:29+00:00,0.186,0.814,0.0,-0.7449,negativo,,Arctic Shift API
b6b1f53baf4217e5,cscareerquestions,2023-09-08T00:09:58+00:00,0.077,0.738,0.185,0.8747,positivo,,Arctic Shift API
7d8a01cc86297502,programming,2024-03-08T00:53:05+00:00,0.222,0.778,0.0,-0.7624,negativo,,Arctic Shift API
75262ed33e4f0f8d,cscareerquestions,2023-04-26T23:20:29+00:00,0.0,0.745,0.255,0.802,positivo,,Arctic Shift API
0953a5ec83652153,cscareerquestions,2022-06-08T23:54:52+00:00,0.036,0.802,0.161,0.7882,positivo,,Arctic Shift API
4a6356291df73938,cscareerquestions,2021-07-06T00:18:32+00:00,0.0,0.714,0.286,0.4588,positivo,,Arctic Shift API
a2666695ebf38380,programming,2024-08-20T05:38:05+00:00,0.0,0.728,0.272,0.6808,positivo,,Arctic Shift API
b9159b77c89ff726,programming,2021-01-16T21:32:18+00:00,0.238,0.762,0.0,-0.4228,negativo,,Arctic Shift API
8af9d7df46f8b3e6,programming,2022-06-13T21:32:15+00:00,0.0,0.983,0.017,0.2144,positivo,,Arctic Shift API
7f6d0b4437f90a2c,programming,2023-01-27T00:38:07+00:00,0.0,1.0,0.0,0.0,neutro,,Arctic Shift API
233d217a382e6d05,devops,2021-03-21T16:22:17+00:00,0.022,0.886,0.092,0.6597,positivo,,Arctic Shift API
df6e5e4e6a30e169,devops,2024-05-29T17:35:18+00:00,0.0,1.0,0.0,0.0,neutro,,Arctic Shift API
9fd181238bbccee2,devops,2022-06-17T03:55:42+00:00,0.0,0.761,0.239,0.8176,positivo,,Arctic Shift API
81dd990e20c5c522,programming,2021-05-10T22:38:39+00:00,0.238,0.762,0.0,-0.3612,negativo,,Arctic Shift API
73486508513c4f9c,devops,2023-11-19T01:01:10+00:00,0.0,0.958,0.042,0.0387,neutro,,Arctic Shift API
3d2a3c383e22a386,cscareerquestions,2023-05-26T00:49:46+00:00,0.029,0.629,0.342,0.9313,positivo,,Arctic Shift API
e42cb6278adaaeea,devops,2024-05-03T00:05:16+00:00,0.0,0.814,0.186,0.6908,positivo,,Arctic Shift API
2780a6eca68cef7d,programming,2022-04-07T01:58:13+00:00,0.081,0.783,0.135,0.1923,positivo,,Arctic Shift API
6c3ea6394012e0f6,programming,2024-07-10T21:20:12+00:00,0.043,0.895,0.062,0.25,positivo,,Arctic Shift API
0290fb2a9e2471f7,devops,2022-12-10T17:04:10+00:00,0.121,0.879,0.0,-0.296,negativo,,Arctic Shift API
df202e9d323a4e35,devops,2021-03-02T22:18:24+00:00,0.0,1.0,0.0,0.0,neutro,,Arctic Shift API
0acf8d45aa2a8b5f,programming,2021-02-03T21:11:46+00:00,0.162,0.702,0.136,-0.1702,negativo,,Arctic Shift API
de5214b40ed4927b,devops,2022-04-06T22:31:45+00:00,0.0,1.0,0.0,0.0,neutro,,Arctic Shift API
e5d267d6ec39fbb4,programming,2023-01-13T01:31:09+00:00,0.0,0.756,0.244,0.4404,positivo,,Arctic Shift API
afbc536406d6337b,cscareerquestions,2023-10-02T23:44:20+00:00,0.0,0.846,0.154,0.9726,positivo,,Arctic Shift API
b1e708d0d826c47e,cscareerquestions,2021-08-09T23:03:12+00:00,0.128,0.812,0.06,-0.4998,negativo,,Arctic Shift API
f119ee05a5184a72,devops,2022-11-30T18:18:59+00:00,0.0,1.0,0.0,0.0,neutro,,Arctic Shift API
115cb119358d15da,cscareerquestions,2021-11-10T23:15:40+00:00,0.0,1.0,0.0,0.0,neutro,,Arctic Shift API
9dbeb0e24879acfb,devops,2023-11-23T05:40:43+00:00,0.0,0.516,0.484,0.7579,positivo,,Arctic Shift API
9b29f797c353e00b,programming,2024-04-19T03:57:28+00:00,0.0,0.791,0.209,0.4404,positivo,,Arctic Shift API
6ae0bf4f361ee679,devops,2021-04-22T09:13:19+00:00,0.0,1.0,0.0,0.0,neutro,,Arctic Shift API
9aeac26693a51bd9,devops,2023-08-15T02:38:08+00:00,0.0,1.0,0.0,0.0,neutro,,Arctic Shift API
1462640972e7edc5,programming,2024-11-22T07:51:26+00:00,0.062,0.88,0.058,-0.0387,neutro,bug,Arctic Shift API
e5127380d741381b,programming,2024-02-19T23:32:18+00:00,0.0,0.893,0.107,0.6705,positivo,,Arctic Shift API
1dc9c0a0e1e19dd2,devops,2022-06-28T01:26:23+00:00,0.0,0.86,0.14,0.7906,positivo,,Arctic Shift API
e5b2a4b2453997fe,cscareerquestions,2023-06-28T23:14:17+00:00,0.188,0.681,0.131,-0.2732,negativo,,Arctic Shift API
1324fcb9f613dca2,devops,2024-05-27T19:32:41+00:00,0.046,0.747,0.207,0.9517,positivo,,Arctic Shift API
2a06344fdf2b0e91,cscareerquestions,2021-02-19T00:29:27+00:00,0.149,0.81,0.041,-0.6898,negativo,,Arctic Shift API
7d4846c3a829ab03,programming,2024-06-19T21:18:08+00:00,0.0,0.845,0.155,0.9531,positivo,,Arctic Shift API
59c3d856193f39ba,devops,2021-04-05T21:56:02+00:00,0.062,0.844,0.094,0.3094,positivo,,Arctic Shift API
102efe448a55e67d,programming,2023-01-10T01:44:10+00:00,0.062,0.742,0.196,0.7684,positivo,,Arctic Shift API
a3270fedca644451,cscareerquestions,2021-02-19T00:35:48+00:00,0.0,1.0,0.0,0.0,neutro,,Arctic Shift API
d795f0e26c8bb239,programming,2024-11-02T23:02:32+00:00,0.0,0.781,0.219,0.4754,positivo,,Arctic Shift API
a984273d9f3d0779,cscareerquestions,2021-11-21T00:18:33+00:00,0.092,0.872,0.036,-0.5487,negativo,,Arctic Shift API
2218c19497d1dd88,devops,2021-07-21T23:06:27+00:00,0.048,0.715,0.237,0.7673,positivo,,Arctic Shift API
a086b8043ebdb1eb,cscareerquestions,2024-10-14T23:49:48+00:00,0.0,0.792,0.208,0.9686,positivo,,Arctic Shift API
7058422333be92ff,cscareerquestions,2022-02-05T23:49:50+00:00,0.256,0.651,0.093,-0.5789,negativo,stress,Arctic Shift API
89002f94cfca7e6b,programming,2022-02-24T01:31:14+00:00,0.083,0.825,0.092,0.1531,positivo,,Arctic Shift API
a6a39ae49db097d7,programming,2022-10-26T23:47:39+00:00,0.0,0.823,0.177,0.7684,positivo,,Arctic Shift API
4497ff4eb3fd5594,programming,2023-05-07T00:58:15+00:00,0.037,0.661,0.302,0.98,positivo,,Arctic Shift API
f22630e63cecee88,cscareerquestions,2021-02-09T00:51:19+00:00,0.0,0.762,0.238,0.8275,positivo,,Arctic Shift API
28ef25353ba74f9f,cscareerquestions,2022-06-10T00:02:38+00:00,0.063,0.732,0.205,0.5983,positivo,,Arctic Shift API
fd4b2c12bd563eb2,cscareerquestions,2022-01-21T00:33:49+00:00,0.055,0.843,0.103,0.6109,positivo,,Arctic Shift API
cf98d27bda8bbbbb,cscareerquestions,2021-11-11T00:09:20+00:00,0.0,0.668,0.332,0.6682,positivo,,Arctic Shift API
5c5804b27c59dc8c,programming,2023-02-05T02:16:01+00:00,0.17,0.729,0.101,-0.25,negativo,,Arctic Shift API
85d884931af92b1e,cscareerquestions,2021-04-13T00:43:00+00:00,0.0,1.0,0.0,0.0,neutro,,Arctic Shift API
8242198b2abb95e9,programming,2023-01-09T23:34:36+00:00,0.143,0.799,0.058,-0.5994,negativo,,Arctic Shift API
71f9cd80998a866f,devops,2024-04-27T18:29:36+00:00,0.108,0.708,0.183,0.2023,positivo,,Arctic Shift API
60138d329964971a,programming,2021-03-19T03:00:20+00:00,0.068,0.885,0.047,-0.3612,negativo,,Arctic Shift API
e8bd10aec5d8834f,devops,2023-07-09T06:52:17+00:00,0.057,0.902,0.041,-0.2263,negativo,,Arctic Shift API
b4ac92203c0371f0,programming,2022-03-31T02:35:44+00:00,0.0,0.644,0.356,0.9153,positivo,,Arctic Shift API
7fdc1ea8b00e7952,programming,2024-11-21T06:55:25+00:00,0.028,0.956,0.016,-0.08,negativo,,Arctic Shift API
0a99e17857949d04,programming,2023-03-17T01:54:45+00:00,0.071,0.868,0.061,-0.1027,negativo,,Arctic Shift API
f8fd7394b644fa0b,programming,2024-04-05T01:01:54+00:00,0.0,0.667,0.333,0.4588,positivo,,Arctic Shift API
e8a5bfe15415055a,cscareerquestions,2024-09-13T00:10:09+00:00,0.0,0.842,0.158,0.765,positivo,,Arctic Shift API
9bfef94552f4504a,programming,2023-09-13T22:45:20+00:00,0.0,1.0,0.0,0.0,neutro,,Arctic Shift API
1b89aae29b15b777,programming,2024-12-11T22:04:26+00:00,0.069,0.868,0.062,-0.128,negativo,bug,Arctic Shift API
21588554422eebd0,programming,2021-10-28T02:20:08+00:00,0.623,0.377,0.0,-0.765,negativo,,Arctic Shift API
1c4d2390311fcdf4,cscareerquestions,2024-07-24T23:35:04+00:00,0.058,0.887,0.054,-0.0516,negativo,,Arctic Shift API
990e2936cc061a60,programming,2022-02-01T00:44:51+00:00,0.0,1.0,0.0,0.0,neutro,,Arctic Shift API
1b8641995b4fa536,cscareerquestions,2021-08-09T23:15:07+00:00,0.0,0.648,0.352,0.8271,positivo,,Arctic Shift API
6bab2eae0fe82c9d,programming,2024-05-04T21:21:41+00:00,0.19,0.594,0.216,0.2695,positivo,,Arctic Shift API
c0edb864de081f25,devops,2022-04-16T22:32:05+00:00,0.0,0.816,0.184,0.8156,positivo,,Arctic Shift API
154a7c2e268abbcd,cscareerquestions,2021-11-03T23:14:00+00:00,0.076,0.846,0.078,0.0258,neutro,,Arctic Shift API
be78666765790dce,programming,2023-12-04T22:50:49+00:00,0.0,0.76,0.24,0.6182,positivo,,Arctic Shift API
b4eeb23d9c803398,cscareerquestions,2021-05-14T00:41:35+00:00,0.0,0.875,0.125,0.4019,positivo,,Arctic Shift API
370de8b3a5a88895,devops,2023-02-21T06:22:15+00:00,0.122,0.667,0.212,0.3182,positivo,,Arctic Shift API
486564535538d9e4,devops,2023-08-28T22:34:11+00:00,0.0,0.721,0.279,0.875,positivo,,Arctic Shift API
e88f575294fe75ce,programming,2023-12-22T00:38:36+00:00,0.0,0.557,0.443,0.8387,positivo,,Arctic Shift API
7043989a15c4e617,programming,2021-04-25T03:26:11+00:00,0.0,1.0,0.0,0.0,neutro,,Arctic Shift API
cac3d32c67ac1b8d,programming,2022-11-03T01:05:59+00:00,0.16,0.64,0.2,0.128,positivo,,Arctic Shift API
baebbeb343dfd99c,devops,2024-04-13T18:42:03+00:00,0.0,0.778,0.222,0.6901,positivo,,Arctic Shift API
c32fb7a53100d6a2,programming,2021-11-10T23:17:25+00:00,0.201,0.679,0.121,-0.4033,negativo,,Arctic Shift API
659ffed2fc685dd5,devops,2023-03-28T05:51:48+00:00,0.0,0.932,0.068,0.1531,positivo,,Arctic Shift API
45bb2750b79e421a,devops,2023-07-30T03:28:05+00:00,0.0,0.933,0.067,0.7266,positivo,,Arctic Shift API
a6c4b5d5f60046bf,cscareerquestions,2021-07-23T00:29:11+00:00,0.046,0.838,0.117,0.6609,positivo,,Arctic Shift API
5e37a0b2a6360214,cscareerquestions,2023-01-16T23:53:11+00:00,0.0,1.0,0.0,0.0,neutro,,Arctic Shift API
28b56373d19ade38,devops,2023-08-25T00:46:52+00:00,0.0,0.737,0.263,0.6114,positivo,,Arctic Shift API
9e19a944dc316fee,devops,2021-07-16T10:48:49+00:00,0.0,1.0,0.0,0.0,neutro,,Arctic Shift API
ef518eac7c098980,cscareerquestions,2021-01-04T23:33:10+00:00,0.12,0.794,0.086,-0.7003,negativo,,Arctic Shift API
98f00da17dca23aa,cscareerquestions,2021-08-30T23:22:16+00:00,0.075,0.727,0.199,0.6656,positivo,,Arctic Shift API
bcedb103c9d52310,programming,2024-12-16T19:53:33+00:00,0.0,0.8,0.2,0.3612,positivo,,Arctic Shift API
de56bcd0a20a40a2,programming,2024-07-05T00:21:03+00:00,0.0,1.0,0.0,0.0,neutro,,Arctic Shift API
dde680fcf563eb68,programming,2024-03-29T01:20:49+00:00,0.028,0.801,0.171,0.828,positivo,,Arctic Shift API
28074310cf0f86d2,devops,2022-05-31T00:43:03+00:00,0.038,0.801,0.16,0.7814,positivo,,Arctic Shift API
280fb04d86bf2702,devops,2021-01-16T16:32:46+00:00,0.0,0.789,0.211,0.7096,positivo,,Arctic Shift API
97a409b608076c8c,cscareerquestions,2024-07-07T00:01:30+00:00,0.029,0.896,0.076,0.4767,positivo,,Arctic Shift API
9bf92f7984daa68e,devops,2023-06-24T23:21:59+00:00,0.0,0.903,0.097,0.9139,positivo,,Arctic Shift API
0304855aa5e8acf9,devops,2023-08-26T22:31:36+00:00,0.079,0.921,0.0,-0.0516,negativo,,Arctic Shift API
9933cdbebd058cfc,devops,2023-08-24T00:16:44+00:00,0.0,0.915,0.085,0.0772,positivo,,Arctic Shift API
adddef9abf4146e3,programming,2023-12-12T01:09:53+00:00,0.0,0.625,0.375,0.765,positivo,,Arctic Shift API
500ec2da3c7a2428,devops,2022-08-16T05:12:13+00:00,0.0,0.887,0.113,0.3182,positivo,,Arctic Shift API
9e15bda7f4bafc89,programming,2021-06-30T23:49:24+00:00,0.063,0.912,0.024,-0.7459,negativo,,Arctic Shift API
c47978930944a388,cscareerquestions,2024-03-15T00:34:22+00:00,0.0,0.589,0.411,0.6788,positivo,,Arctic Shift API
d99fbfcaf43f41cf,devops,2024-07-16T01:32:44+00:00,0.0,1.0,0.0,0.0,neutro,,Arctic Shift API
f368a74140147511,programming,2021-09-21T02:56:21+00:00,0.0,0.933,0.067,0.2023,positivo,,Arctic Shift API
026de722b65ace03,devops,2022-04-09T22:06:50+00:00,0.043,0.795,0.162,0.9294,positivo,,Arctic Shift API
46fd29462949bcb9,cscareerquestions,2022-06-22T23:42:15+00:00,0.188,0.687,0.125,-0.5994,negativo,,Arctic Shift API
51a308591ed7b676,programming,2022-08-15T22:21:31+00:00,0.017,0.872,0.11,0.85,positivo,,Arctic Shift API
052ad38124fa1116,programming,2023-10-25T22:42:09+00:00,0.0,0.696,0.304,0.5859,positivo,,Arctic Shift API
0a116aa75645f3ab,programming,2024-10-09T21:07:34+00:00,0.104,0.676,0.221,0.3818,positivo,,Arctic Shift API
756418e50f04b772,devops,2023-05-04T01:13:14+00:00,0.118,0.855,0.026,-0.6705,negativo,,Arctic Shift API
b9d490cf372fc839,cscareerquestions,2023-04-16T00:30:13+00:00,0.0,1.0,0.0,0.0,neutro,,Arctic Shift API
c80020c1f0c74147,devops,2023-11-22T19:28:33+00:00,0.215,0.572,0.212,-0.2732,negativo,,Arctic Shift API
e5b11ffaf4c46dfd,programming,2021-11-29T23:38:34+00:00,0.111,0.889,0.0,-0.3612,negativo,,Arctic Shift API
5caa0df7cd12c149,cscareerquestions,2024-07-07T00:56:10+00:00,0.019,0.816,0.165,0.8689,positivo,,Arctic Shift API
